participant_id,coord_2,speed,accel_1,time
P001,1411.255,29.597,-1.341,0.0
P001,1406.923,29.506,-1.338,0.1
P001,1402.605,29.415,-1.336,0.2
P001,1398.301,29.324,-1.334,0.3
P001,1394.01,29.233,-1.333,0.4
P001,1389.732,29.142,-1.331,0.5
P001,1385.467,29.051,-1.328,0.6
P001,1381.216,28.961,-1.326,0.7
P001,1376.977,28.871,-1.324,0.8
P001,1372.752,28.781,-1.322,0.9
P001,1368.54,28.691,-1.32,1.0
P001,1364.342,28.601,-1.318,1.1
P001,1360.156,28.511,-1.316,1.2
P001,1355.983,28.421,-1.313,1.3
P001,1351.824,28.332,-1.311,1.4
P001,1347.677,28.243,-1.31,1.5
P001,1343.544,28.153,-1.308,1.6
P001,1339.424,28.064,-1.305,1.7
P001,1335.317,27.976,-1.303,1.8
P001,1331.223,27.887,-1.301,1.9
P001,1327.142,27.798,-1.299,2.0
P001,1323.074,27.71,-1.297,2.1
P001,1319.019,27.621,-1.295,2.2
P001,1314.976,27.533,-1.293,2.3
P001,1310.947,27.445,-1.291,2.4
P001,1306.931,27.357,-1.289,2.5
P001,1302.927,27.269,-1.287,2.6
P001,1298.937,27.182,-1.285,2.7
P001,1294.959,27.094,-1.283,2.8
P001,1290.994,27.007,-1.281,2.9
P001,1287.041,26.92,-1.28,3.0
P001,1283.102,26.833,-1.278,3.1
P001,1279.175,26.746,-1.276,3.2
P001,1275.261,26.659,-1.274,3.3
P001,1271.359,26.572,-1.272,3.4
P001,1267.471,26.485,-1.27,3.5
P001,1263.595,26.399,-1.268,3.6
P001,1259.732,26.313,-1.266,3.7
P001,1255.881,26.226,-1.264,3.8
P001,1252.043,26.14,-1.262,3.9
P001,1248.218,26.054,-1.26,4.0
P001,1244.405,25.969,-1.258,4.1
P001,1240.605,25.883,-1.256,4.2
P001,1236.818,25.797,-1.254,4.3
P001,1233.043,25.712,-1.252,4.4
P001,1229.28,25.627,-1.251,4.5
P001,1225.531,25.542,-1.249,4.6
P001,1221.793,25.457,-1.247,4.7
P001,1218.069,25.372,-1.245,4.8
P001,1214.356,25.287,-1.243,4.9
P001,1210.656,25.202,-1.241,5.0
P001,1206.968,25.118,-1.24,5.1
P001,1203.293,25.033,-1.238,5.2
P001,1199.63,24.949,-1.236,5.3
P001,1195.979,24.865,-1.234,5.4
P001,1192.341,24.781,-1.232,5.5
P001,1188.715,24.697,-1.23,5.6
P001,1185.101,24.613,-1.229,5.7
P001,1181.499,24.53,-1.227,5.8
P001,1177.91,24.446,-1.225,5.9
P001,1174.333,24.363,-1.223,6.0
P001,1170.768,24.279,-1.222,6.1
P001,1167.215,24.196,-1.22,6.2
P001,1163.675,24.113,-1.218,6.3
P001,1160.147,24.03,-1.216,6.4
P001,1156.631,23.947,-1.215,6.5
P001,1153.126,23.864,-1.213,6.6
P001,1149.634,23.782,-1.212,6.7
P001,1146.153,23.699,-1.21,6.8
P001,1142.685,23.617,-1.227,6.9
P001,1139.229,23.527,-1.355,7.0
P001,1135.786,23.436,-1.332,7.1
P001,1132.358,23.338,-1.752,7.2
P001,1128.947,23.169,-3.347,7.3
P001,1125.569,22.875,-5.306,7.4
P001,1122.243,22.453,-6.952,7.5
P001,1118.986,21.932,-8.446,7.6
P001,1115.815,21.288,-10.528,7.7
P001,1112.748,20.509,-12.353,7.8
P001,1109.804,19.599,-14.341,7.9
P001,1107.003,18.562,-16.029,8.0
P001,1104.361,17.42,-17.441,8.1
P001,1101.895,16.186,-18.856,8.2
P001,1099.62,14.762,-23.142,8.3
P001,1097.572,13.078,-26.098,8.4
P001,1095.783,11.227,-28.081,8.5
P001,1094.277,9.265,-29.395,8.6
P001,1093.066,7.228,-30.388,8.7
P001,1092.158,5.125,-31.296,8.8
P001,1091.562,2.973,-31.828,8.9
P001,1091.283,0.831,-30.389,9.0
P001,1091.287,0.196,12.758,9.1
P001,1091.315,0.015,-0.86,9.2
P001,1091.326,0.019,0.157,9.3
P001,1091.325,0.018,0.022,9.4
P001,1091.321,0.018,-0.013,9.5
P001,1091.317,0.014,-0.105,9.6
P001,1091.315,0.005,-0.14,9.7
P001,1091.315,0.003,-0.07,9.8
P001,1091.316,0.004,0.007,9.9
P001,1091.317,0.003,0.039,10.0
P001,1091.317,0.0,0.032,10.1
P001,1091.317,0.002,0.009,10.2
P001,1091.317,0.002,-0.01,10.3
P001,1091.316,0.001,-0.015,10.4
P001,1091.316,0.0,-0.009,10.5
P001,1091.316,0.001,-0.001,10.6
P001,1091.317,0.0,0.004,10.7
P001,1091.317,0.0,0.005,10.8
P001,1091.317,0.0,0.002,10.9
P001,1091.317,0.0,-0.001,11.0
P001,1091.317,0.0,-0.002,11.1
P001,1091.317,0.0,-0.001,11.2
P001,1091.317,0.0,0.0,11.3
P001,1091.317,0.0,0.0,11.4
P001,1091.317,0.0,0.001,11.5
P001,1091.317,0.0,0.0,11.6
P001,1091.317,0.0,0.0,11.7
P001,1091.317,0.0,0.0,11.8
P001,1091.317,0.0,0.0,11.9
P001,1091.317,0.0,0.0,12.0
P001,1091.317,0.0,0.0,12.1
P001,1091.317,0.0,0.0,12.2
P001,1091.317,0.0,0.0,12.3
P001,1091.317,0.0,0.0,12.4
P001,1091.317,0.0,0.0,12.5
P001,1091.317,0.0,0.0,12.6
P001,1091.317,0.0,0.0,12.7
P001,1091.317,0.0,0.0,12.8
P001,1091.317,0.0,0.0,12.9
P001,1091.317,0.0,0.0,13.0
P001,1091.317,0.0,0.0,13.1
P001,1091.317,0.0,0.0,13.2
P001,1091.317,0.0,0.0,13.3
P001,1091.317,0.0,0.0,13.4
P001,1091.317,0.0,0.0,13.5
P001,1091.317,0.0,0.0,13.6
P001,1091.317,0.0,0.0,13.7
P001,1091.317,0.0,0.0,13.8
P001,1091.317,0.001,0.0,13.9
P001,1091.317,0.0,0.0,14.0
P001,1091.317,0.0,0.0,14.1
P001,1091.317,0.0,0.0,14.2
P001,1091.317,0.0,0.0,14.3
P001,1091.317,0.004,0.11,14.4
P001,1091.316,0.016,0.252,14.5
P001,1091.313,0.033,0.291,14.6
P001,1091.307,0.077,0.773,14.7
P001,1091.294,0.109,0.539,14.8
P001,1091.276,0.148,0.602,14.9
P001,1091.251,0.189,0.6,15.0
P001,1091.22,0.23,0.581,15.1
P001,1091.183,0.269,0.555,15.2
P001,1091.141,0.305,0.527,15.3
P001,1091.094,0.34,0.499,15.4
P001,1091.041,0.374,0.476,15.5
P001,1090.984,0.405,0.464,15.6
P001,1090.923,0.437,0.464,15.7
P001,1090.856,0.467,0.358,15.8
P001,1090.786,0.488,0.304,15.9
P001,1090.713,0.511,0.379,16.0
P001,1090.636,0.542,0.568,16.1
P001,1090.552,0.605,1.502,16.2
P001,1090.453,0.782,3.933,16.3
P001,1090.312,1.174,7.701,16.4
P001,1090.094,1.837,11.757,16.5
P001,1089.759,2.781,15.925,16.6
P001,1089.266,3.961,18.08,16.7
P001,1088.595,5.196,18.103,16.8
P001,1087.742,6.407,17.205,16.9
P001,1086.718,7.528,15.749,17.0
P001,1085.537,8.562,14.696,17.1
P001,1084.209,9.542,14.129,17.2
P001,1082.741,10.495,13.871,17.3
P001,1081.135,11.437,14.068,17.4
P001,1079.382,12.51,16.348,17.5
P001,1077.467,13.61,15.853,17.6
P001,1075.394,14.655,14.679,17.7
P001,1073.175,15.603,13.144,17.8
P001,1070.826,16.448,11.541,17.9
P001,1068.364,17.112,8.52,18.0
P001,1065.817,17.647,7.268,18.1
P001,1063.194,18.145,7.257,18.2
P001,1060.499,18.609,6.3,18.3
P001,1057.742,19.001,5.197,18.4
P001,1054.934,19.324,4.354,18.5
P001,1052.083,19.598,3.72,18.6
P001,1049.194,19.817,2.756,18.7
P001,1046.277,19.99,2.367,18.8
P001,1043.336,20.145,2.219,18.9
P001,1040.372,20.294,2.154,19.0
P001,1037.387,20.44,2.159,19.1
P001,1034.381,20.59,2.247,19.2
P001,1031.352,20.747,2.369,19.3
P001,1028.299,20.911,2.438,19.4
P001,1025.222,21.078,2.447,19.5
P001,1022.121,21.244,2.428,19.6
P001,1018.995,21.409,2.416,19.7
P001,1015.845,21.574,2.422,19.8
P001,1012.671,21.742,2.548,19.9
P001,1009.471,21.925,2.851,20.0
P001,1006.242,22.133,3.272,20.1
P001,1002.981,22.37,3.663,20.2
P001,999.683,22.63,3.954,20.3
P001,996.346,22.907,4.165,20.4
P001,992.967,23.196,4.284,20.5
P001,989.546,23.49,4.35,20.6
P001,986.081,23.787,4.38,20.7
P001,982.573,24.086,4.391,20.8
P001,979.021,24.386,4.398,20.9
P001,975.425,24.686,4.402,21.0
P001,971.785,24.985,4.398,21.1
P001,968.102,25.285,4.393,21.2
P002,1411.673,30.218,-1.346,0.0
P002,1407.252,30.126,-1.353,0.1
P002,1402.843,30.034,-1.351,0.2
P002,1398.448,29.942,-1.349,0.3
P002,1394.064,29.85,-1.347,0.4
P002,1389.694,29.759,-1.346,0.5
P002,1385.336,29.667,-1.345,0.6
P002,1380.992,29.575,-1.345,0.7
P002,1376.661,29.484,-1.341,0.8
P002,1372.344,29.392,-1.338,0.9
P002,1368.04,29.301,-1.334,1.0
P002,1363.75,29.211,-1.331,1.1
P002,1359.475,29.12,-1.33,1.2
P002,1355.214,29.029,-1.328,1.3
P002,1350.966,28.939,-1.326,1.4
P002,1346.731,28.849,-1.323,1.5
P002,1342.509,28.759,-1.321,1.6
P002,1338.302,28.669,-1.32,1.7
P002,1334.108,28.579,-1.319,1.8
P002,1329.928,28.489,-1.316,1.9
P002,1325.761,28.4,-1.314,2.0
P002,1321.607,28.31,-1.312,2.1
P002,1317.467,28.221,-1.31,2.2
P002,1313.339,28.132,-1.308,2.3
P002,1309.224,28.043,-1.305,2.4
P002,1305.121,27.954,-1.303,2.5
P002,1301.031,27.865,-1.301,2.6
P002,1296.954,27.777,-1.299,2.7
P002,1292.89,27.688,-1.297,2.8
P002,1288.839,27.6,-1.295,2.9
P002,1284.801,27.512,-1.293,3.0
P002,1280.775,27.424,-1.291,3.1
P002,1276.762,27.336,-1.29,3.2
P002,1272.761,27.248,-1.287,3.3
P002,1268.772,27.16,-1.286,3.4
P002,1264.796,27.073,-1.284,3.5
P002,1260.833,26.985,-1.282,3.6
P002,1256.883,26.898,-1.279,3.7
P002,1252.946,26.811,-1.277,3.8
P002,1249.021,26.724,-1.275,3.9
P002,1245.11,26.637,-1.273,4.0
P002,1241.212,26.551,-1.271,4.1
P002,1237.327,26.464,-1.269,4.2
P002,1233.454,26.378,-1.267,4.3
P002,1229.595,26.291,-1.265,4.4
P002,1225.748,26.205,-1.263,4.5
P002,1221.913,26.119,-1.262,4.6
P002,1218.092,26.033,-1.26,4.7
P002,1214.283,25.948,-1.258,4.8
P002,1210.486,25.862,-1.256,4.9
P002,1206.702,25.776,-1.254,5.0
P002,1202.931,25.691,-1.252,5.1
P002,1199.172,25.606,-1.25,5.2
P002,1195.425,25.521,-1.248,5.3
P002,1191.691,25.436,-1.247,5.4
P002,1187.969,25.351,-1.245,5.5
P002,1184.259,25.266,-1.243,5.6
P002,1180.562,25.181,-1.241,5.7
P002,1176.877,25.097,-1.239,5.8
P002,1173.204,25.013,-1.238,5.9
P002,1169.543,24.928,-1.236,6.0
P002,1165.895,24.844,-1.234,6.1
P002,1162.259,24.76,-1.232,6.2
P002,1158.636,24.676,-1.23,6.3
P002,1155.025,24.593,-1.228,6.4
P002,1151.426,24.509,-1.228,6.5
P002,1147.839,24.425,-1.226,6.6
P002,1144.264,24.342,-1.222,6.7
P002,1140.702,24.259,-1.222,6.8
P002,1137.152,24.175,-1.22,6.9
P002,1133.616,24.071,-2.279,7.0
P002,1130.103,23.815,-5.264,7.1
P002,1126.642,23.329,-9.251,7.2
P002,1123.272,22.5,-15.053,7.3
P002,1120.048,21.296,-20.132,7.4
P002,1117.028,19.742,-24.911,7.5
P002,1114.259,17.947,-27.531,7.6
P002,1111.767,16.014,-29.072,7.7
P002,1109.564,13.986,-30.417,7.8
P002,1107.664,11.874,-31.546,7.9
P002,1106.08,9.69,-32.491,8.0
P002,1104.821,7.46,-32.854,8.1
P002,1103.889,5.284,-29.991,8.2
P002,1103.257,3.43,-24.887,8.3
P002,1102.881,1.804,-23.181,8.4
P002,1102.737,0.24,-22.914,8.5
P002,1102.776,0.154,18.297,8.6
P002,1102.787,0.049,-1.356,8.7
P002,1102.789,0.044,0.218,8.8
P002,1102.784,0.033,-0.129,8.9
P002,1102.779,0.024,-0.123,9.0
P002,1102.775,0.015,-0.159,9.1
P002,1102.774,0.007,-0.133,9.2
P002,1102.774,0.003,-0.046,9.3
P002,1102.775,0.004,0.021,9.4
P002,1102.776,0.002,0.037,9.5
P002,1102.776,0.001,0.022,9.6
P002,1102.775,0.002,-0.001,9.7
P002,1102.775,0.001,-0.013,9.8
P002,1102.775,0.0,-0.014,9.9
P002,1102.775,0.001,-0.005,10.0
P002,1102.775,0.001,0.002,10.1
P002,1102.775,0.0,0.005,10.2
P002,1102.775,0.0,0.003,10.3
P002,1102.775,0.0,0.001,10.4
P002,1102.775,0.0,-0.001,10.5
P002,1102.775,0.0,-0.002,10.6
P002,1102.775,0.0,-0.001,10.7
P002,1102.775,0.0,0.0,10.8
P002,1102.775,0.0,0.001,10.9
P002,1102.775,0.0,0.0,11.0
P002,1102.775,0.0,0.0,11.1
P002,1102.775,0.0,0.0,11.2
P002,1102.775,0.0,0.0,11.3
P002,1102.775,0.0,0.0,11.4
P002,1102.775,0.0,0.0,11.5
P002,1102.775,0.0,0.0,11.6
P002,1102.775,0.0,0.0,11.7
P002,1102.775,0.0,0.0,11.8
P002,1102.775,0.0,0.0,11.9
P002,1102.775,0.0,0.0,12.0
P002,1102.775,0.0,0.0,12.1
P002,1102.775,0.0,0.0,12.2
P002,1102.775,0.0,0.0,12.3
P002,1102.775,0.0,0.0,12.4
P002,1102.775,0.0,0.0,12.5
P002,1102.775,0.0,0.0,12.6
P002,1102.775,0.0,0.0,12.7
P002,1102.775,0.0,0.0,12.8
P002,1102.775,0.0,0.0,12.9
P002,1102.775,0.0,0.0,13.0
P002,1102.775,0.0,0.0,13.1
P002,1102.775,0.0,0.0,13.2
P002,1102.775,0.0,0.0,13.3
P002,1102.775,0.0,0.0,13.4
P002,1102.775,0.0,0.0,13.5
P002,1102.775,0.0,0.0,13.6
P002,1102.775,0.0,0.0,13.7
P002,1102.775,0.0,0.001,13.8
P002,1102.775,0.0,0.0,13.9
P002,1102.775,0.001,0.0,14.0
P002,1102.775,0.0,0.0,14.1
P002,1102.775,0.0,0.0,14.2
P002,1102.775,0.0,0.0,14.3
P002,1102.775,0.002,0.04,14.4
P002,1102.774,0.009,0.179,14.5
P002,1102.772,0.022,0.193,14.6
P002,1102.768,0.064,1.071,14.7
P002,1102.757,0.089,0.5,14.8
P002,1102.741,0.127,0.552,14.9
P002,1102.72,0.166,0.611,15.0
P002,1102.692,0.214,0.834,15.1
P002,1102.655,0.294,1.655,15.2
P002,1102.601,0.456,3.198,15.3
P002,1102.515,0.741,5.229,15.4
P002,1102.376,1.169,7.344,15.5
P002,1102.164,1.746,9.622,15.6
P002,1101.855,2.482,11.967,15.7
P002,1101.428,3.373,14.04,15.8
P002,1100.861,4.374,15.25,15.9
P002,1100.142,5.439,15.851,16.0
P002,1099.266,6.51,15.473,16.1
P002,1098.235,7.543,14.844,16.2
P002,1097.056,8.534,14.244,16.3
P002,1095.736,9.488,13.807,16.4
P002,1094.277,10.421,13.633,16.5
P002,1092.679,11.417,15.775,16.6
P002,1090.927,12.497,15.722,16.7
P002,1089.017,13.544,14.867,16.8
P002,1086.961,14.508,13.338,16.9
P002,1084.771,15.352,11.377,17.0
P002,1082.47,16.013,7.874,17.1
P002,1080.089,16.482,6.241,17.2
P002,1077.644,16.861,4.881,17.3
P002,1075.15,17.15,3.641,17.4
P002,1072.621,17.36,2.521,17.5
P002,1070.068,17.5,1.626,17.6
P002,1067.498,17.577,0.574,17.7
P002,1064.921,17.596,0.088,17.8
P002,1062.341,17.599,0.054,17.9
P002,1059.761,17.612,0.39,18.0
P002,1057.176,17.654,0.833,18.1
P002,1054.584,17.725,1.217,18.2
P002,1051.978,17.819,1.546,18.3
P002,1049.358,17.935,1.876,18.4
P002,1046.718,18.074,2.19,18.5
P002,1044.057,18.234,2.526,18.6
P002,1041.37,18.42,2.933,18.7
P002,1038.654,18.634,3.337,18.8
P002,1035.905,18.874,3.716,18.9
P002,1033.119,19.138,4.004,19.0
P002,1030.294,19.417,4.17,19.1
P002,1027.427,19.705,4.268,19.2
P002,1024.517,19.998,4.338,19.3
P002,1021.565,20.296,4.395,19.4
P002,1018.568,20.597,4.444,19.5
P002,1015.527,20.902,4.504,19.6
P002,1012.441,21.211,4.591,19.7
P002,1009.31,21.527,4.675,19.8
P002,1006.132,21.848,4.737,19.9
P002,1002.906,22.172,4.776,20.0
P002,999.633,22.498,4.788,20.1
P002,996.312,22.825,4.792,20.2
P002,992.943,23.151,4.783,20.3
P002,989.526,23.477,4.771,20.4
P002,986.062,23.801,4.762,20.5
P002,982.549,24.125,4.748,20.6
P002,978.99,24.448,4.727,20.7
P002,975.382,24.77,4.728,20.8
P002,971.728,25.092,4.734,20.9
P002,968.026,25.415,4.737,21.0
P003,1409.896,28.057,0.637,0.0
P003,1405.781,28.085,0.131,0.1
P003,1401.664,28.082,-0.282,0.2
P003,1397.55,28.046,-0.776,0.3
P003,1393.443,27.977,-1.198,0.4
P003,1389.347,27.888,-1.385,0.5
P003,1385.266,27.792,-1.425,0.6
P003,1381.199,27.695,-1.427,0.7
P003,1377.146,27.598,-1.422,0.8
P003,1373.107,27.501,-1.419,0.9
P003,1369.082,27.404,-1.418,1.0
P003,1365.071,27.308,-1.417,1.1
P003,1361.075,27.211,-1.415,1.2
P003,1357.093,27.115,-1.412,1.3
P003,1353.125,27.019,-1.408,1.4
P003,1349.171,26.923,-1.404,1.5
P003,1345.231,26.827,-1.401,1.6
P003,1341.305,26.732,-1.399,1.7
P003,1337.394,26.637,-1.396,1.8
P003,1333.496,26.542,-1.393,1.9
P003,1329.612,26.447,-1.39,2.0
P003,1325.743,26.352,-1.387,2.1
P003,1321.887,26.258,-1.384,2.2
P003,1318.045,26.164,-1.381,2.3
P003,1314.217,26.07,-1.379,2.4
P003,1310.402,25.976,-1.376,2.5
P003,1306.601,25.882,-1.373,2.6
P003,1302.814,25.789,-1.37,2.7
P003,1299.041,25.695,-1.367,2.8
P003,1295.281,25.602,-1.364,2.9
P003,1291.535,25.51,-1.362,3.0
P003,1287.802,25.417,-1.359,3.1
P003,1284.083,25.324,-1.356,3.2
P003,1280.378,25.232,-1.353,3.3
P003,1276.686,25.14,-1.351,3.4
P003,1273.008,25.048,-1.348,3.5
P003,1269.343,24.956,-1.345,3.6
P003,1265.691,24.865,-1.342,3.7
P003,1262.053,24.773,-1.34,3.8
P003,1258.429,24.682,-1.337,3.9
P003,1254.818,24.591,-1.334,4.0
P003,1251.22,24.5,-1.331,4.1
P003,1247.636,24.41,-1.329,4.2
P003,1244.065,24.319,-1.326,4.3
P003,1240.508,24.229,-1.323,4.4
P003,1236.964,24.139,-1.321,4.5
P003,1233.433,24.049,-1.318,4.6
P003,1229.915,23.959,-1.316,4.7
P003,1226.41,23.87,-1.314,4.8
P003,1222.918,23.78,-1.31,4.9
P003,1219.438,23.691,-1.308,5.0
P003,1215.971,23.602,-1.305,5.1
P003,1212.518,23.513,-1.303,5.2
P003,1209.078,23.425,-1.3,5.3
P003,1205.65,23.336,-1.297,5.4
P003,1202.236,23.248,-1.295,5.5
P003,1198.836,23.16,-1.292,5.6
P003,1195.448,23.072,-1.289,5.7
P003,1192.073,22.984,-1.287,5.8
P003,1188.711,22.896,-1.285,5.9
P003,1185.361,22.809,-1.282,6.0
P003,1182.025,22.722,-1.28,6.1
P003,1178.701,22.635,-1.277,6.2
P003,1175.389,22.548,-1.274,6.3
P003,1172.091,22.461,-1.272,6.4
P003,1168.805,22.374,-1.27,6.5
P003,1165.531,22.288,-1.267,6.6
P003,1162.271,22.202,-1.265,6.7
P003,1159.023,22.115,-1.262,6.8
P003,1155.787,22.03,-1.26,6.9
P003,1152.564,21.944,-1.257,7.0
P003,1149.354,21.858,-1.255,7.1
P003,1146.156,21.773,-1.252,7.2
P003,1142.971,21.688,-1.25,7.3
P003,1139.799,21.602,-1.248,7.4
P003,1136.639,21.518,-1.245,7.5
P003,1133.491,21.433,-1.245,7.6
P003,1130.356,21.335,-1.85,7.7
P003,1127.24,21.159,-3.413,7.8
P003,1124.157,20.863,-5.295,7.9
P003,1121.126,20.446,-6.835,8.0
P003,1118.163,19.936,-8.176,8.1
P003,1115.283,19.326,-9.762,8.2
P003,1112.5,18.611,-11.142,8.3
P003,1109.828,17.809,-12.4,8.4
P003,1107.28,16.921,-13.65,8.5
P003,1104.868,15.948,-14.934,8.6
P003,1102.606,14.879,-16.487,8.7
P003,1100.508,13.692,-18.577,8.8
P003,1098.597,12.275,-23.12,8.9
P003,1096.913,10.592,-26.081,9.0
P003,1095.489,8.743,-28.021,9.1
P003,1094.346,6.788,-29.281,9.2
P003,1093.498,4.761,-30.206,9.3
P003,1092.95,2.677,-30.869,9.4
P003,1092.71,0.561,-31.174,9.5
P003,1092.726,0.033,4.384,9.6
P003,1092.754,0.035,0.987,9.7
P003,1092.764,0.007,-0.006,9.8
P003,1092.763,0.011,0.067,9.9
P003,1092.76,0.014,0.029,10.0
P003,1092.757,0.013,-0.084,10.1
P003,1092.755,0.005,-0.124,10.2
P003,1092.755,0.002,-0.067,10.3
P003,1092.756,0.004,0.002,10.4
P003,1092.757,0.003,0.034,10.5
P003,1092.757,0.0,0.031,10.6
P003,1092.757,0.001,0.011,10.7
P003,1092.757,0.001,-0.007,10.8
P003,1092.756,0.001,-0.013,10.9
P003,1092.756,0.0,-0.009,11.0
P003,1092.756,0.001,-0.001,11.1
P003,1092.757,0.0,0.004,11.2
P003,1092.757,0.0,0.004,11.3
P003,1092.757,0.0,0.002,11.4
P003,1092.757,0.0,0.0,11.5
P003,1092.757,0.0,-0.001,11.6
P003,1092.757,0.0,-0.001,11.7
P003,1092.757,0.0,0.0,11.8
P003,1092.757,0.0,0.0,11.9
P003,1092.757,0.0,0.001,12.0
P003,1092.757,0.0,0.0,12.1
P003,1092.757,0.0,0.0,12.2
P003,1092.757,0.0,0.0,12.3
P003,1092.757,0.0,0.0,12.4
P003,1092.757,0.0,0.0,12.5
P003,1092.757,0.0,0.0,12.6
P003,1092.757,0.0,0.0,12.7
P003,1092.757,0.0,0.0,12.8
P003,1092.757,0.0,0.0,12.9
P003,1092.757,0.0,0.0,13.0
P003,1092.757,0.0,0.0,13.1
P003,1092.757,0.0,0.0,13.2
P003,1092.757,0.001,-0.001,13.3
P003,1092.757,0.001,0.0,13.4
P003,1092.757,0.0,0.0,13.5
P003,1092.757,0.0,0.0,13.6
P003,1092.757,0.001,0.0,13.7
P003,1092.757,0.001,0.0,13.8
P003,1092.757,0.0,0.0,13.9
P003,1092.757,0.0,0.0,14.0
P003,1092.757,0.0,0.0,14.1
P003,1092.757,0.0,0.0,14.2
P003,1092.757,0.001,0.117,14.3
P003,1092.756,0.019,0.262,14.4
P003,1092.753,0.034,0.222,14.5
P003,1092.748,0.069,0.664,14.6
P003,1092.736,0.104,0.513,14.7
P003,1092.718,0.143,0.596,14.8
P003,1092.693,0.184,0.602,14.9
P003,1092.663,0.224,0.585,15.0
P003,1092.628,0.263,0.56,15.1
P003,1092.587,0.3,0.532,15.2
P003,1092.54,0.335,0.503,15.3
P003,1092.488,0.369,0.477,15.4
P003,1092.432,0.401,0.454,15.5
P003,1092.371,0.431,0.435,15.6
P003,1092.306,0.46,0.429,15.7
P003,1092.236,0.49,0.433,15.8
P003,1092.162,0.513,0.295,15.9
P003,1092.086,0.533,0.319,16.0
P003,1092.006,0.56,0.482,16.1
P003,1091.92,0.615,1.386,16.2
P003,1091.819,0.788,3.992,16.3
P003,1091.677,1.192,7.926,16.4
P003,1091.456,1.868,11.868,16.5
P003,1091.116,2.803,15.423,16.6
P003,1090.624,3.925,17.109,16.7
P003,1089.962,5.105,17.494,16.8
P003,1089.125,6.288,16.966,16.9
P003,1088.119,7.401,15.696,17.0
P003,1086.957,8.431,14.602,17.1
P003,1085.65,9.402,13.984,17.2
P003,1084.203,10.345,13.734,17.3
P003,1082.619,11.279,14.033,17.4
P003,1080.889,12.348,16.306,17.5
P003,1078.998,13.449,15.91,17.6
P003,1076.948,14.505,15.022,17.7
P003,1074.748,15.491,13.926,17.8
P003,1072.41,16.404,12.689,17.9
P003,1069.948,17.159,10.02,18.0
P003,1067.386,17.81,9.226,18.1
P003,1064.73,18.428,8.97,18.2
P003,1061.983,19.036,8.908,18.3
P003,1059.148,19.643,8.92,18.4
P003,1056.224,20.252,8.946,18.5
P003,1053.211,20.862,8.937,18.6
P003,1050.109,21.469,8.902,18.7
P003,1046.916,22.117,10.072,18.8
P003,1043.624,22.796,9.733,18.9
P003,1040.235,23.438,9.107,19.0
P003,1036.755,24.037,8.482,19.1
P003,1033.191,24.596,7.936,19.2
P003,1029.547,25.096,6.688,19.3
P003,1025.836,25.529,6.106,19.4
P003,1022.064,25.936,5.889,19.5
P003,1018.233,26.334,5.799,19.6
P003,1014.345,26.728,5.757,19.7
P003,1010.4,27.119,5.728,19.8
P003,1006.398,27.509,5.701,19.9
P003,1002.339,27.896,5.672,20.0
P003,998.223,28.282,5.645,20.1
P003,994.05,28.666,5.624,20.2
P003,989.822,29.048,5.612,20.3
P003,985.537,29.43,5.603,20.4
P003,981.196,29.812,5.595,20.5
P003,976.799,30.192,5.539,20.6
P003,972.347,30.564,5.364,20.7
P003,967.84,30.938,5.573,20.8
P004,1410.273,28.935,-1.325,0.0
P004,1406.04,28.845,-1.325,0.1
P004,1401.821,28.755,-1.326,0.2
P004,1397.617,28.664,-1.326,0.3
P004,1393.428,28.574,-1.325,0.4
P004,1389.252,28.484,-1.321,0.5
P004,1385.088,28.395,-1.317,0.6
P004,1380.937,28.305,-1.314,0.7
P004,1376.799,28.216,-1.312,0.8
P004,1372.673,28.127,-1.309,0.9
P004,1368.56,28.038,-1.306,1.0
P004,1364.459,27.949,-1.303,1.1
P004,1360.37,27.86,-1.301,1.2
P004,1356.293,27.772,-1.3,1.3
P004,1352.229,27.683,-1.302,1.4
P004,1348.175,27.594,-1.299,1.5
P004,1344.134,27.506,-1.296,1.6
P004,1340.106,27.418,-1.292,1.7
P004,1336.092,27.33,-1.289,1.8
P004,1332.09,27.242,-1.288,1.9
P004,1328.101,27.154,-1.287,2.0
P004,1324.125,27.067,-1.282,2.1
P004,1320.163,26.98,-1.28,2.2
P004,1316.216,26.892,-1.28,2.3
P004,1312.282,26.805,-1.277,2.4
P004,1308.361,26.718,-1.275,2.5
P004,1304.452,26.632,-1.273,2.6
P004,1300.557,26.545,-1.271,2.7
P004,1296.673,26.458,-1.27,2.8
P004,1292.803,26.372,-1.268,2.9
P004,1288.945,26.286,-1.266,3.0
P004,1285.1,26.2,-1.264,3.1
P004,1281.268,26.114,-1.261,3.2
P004,1277.447,26.028,-1.259,3.3
P004,1273.639,25.942,-1.258,3.4
P004,1269.844,25.856,-1.256,3.5
P004,1266.06,25.771,-1.254,3.6
P004,1262.289,25.685,-1.252,3.7
P004,1258.53,25.6,-1.251,3.8
P004,1254.784,25.515,-1.249,3.9
P004,1251.049,25.43,-1.267,4.0
P004,1247.328,25.329,-1.888,4.1
P004,1243.626,25.164,-2.9,4.2
P004,1239.951,24.939,-3.696,4.3
P004,1236.314,24.658,-4.524,4.4
P004,1232.721,24.33,-5.045,4.5
P004,1229.179,23.975,-5.34,4.6
P004,1225.691,23.603,-5.631,4.7
P004,1222.259,23.21,-5.876,4.8
P004,1218.886,22.805,-5.997,4.9
P004,1215.572,22.394,-6.057,5.0
P004,1212.32,21.98,-6.116,5.1
P004,1209.128,21.564,-6.041,5.2
P004,1205.998,21.164,-5.63,5.3
P004,1202.923,20.807,-4.782,5.4
P004,1199.898,20.517,-3.746,5.5
P004,1196.91,20.298,-2.634,5.6
P004,1193.948,20.155,-1.662,5.7
P004,1191.003,20.056,-1.327,5.8
P004,1188.071,19.969,-1.235,5.9
P004,1185.151,19.886,-1.21,6.0
P004,1182.242,19.804,-1.203,6.1
P004,1179.346,19.722,-1.2,6.2
P004,1176.461,19.64,-1.196,6.3
P004,1173.588,19.559,-1.192,6.4
P004,1170.726,19.478,-1.188,6.5
P004,1167.876,19.397,-1.186,6.6
P004,1165.038,19.316,-1.184,6.7
P004,1162.212,19.236,-1.182,6.8
P004,1159.398,19.155,-1.18,6.9
P004,1156.596,19.075,-1.177,7.0
P004,1153.805,18.995,-1.177,7.1
P004,1151.026,18.914,-1.177,7.2
P004,1148.257,18.834,-1.173,7.3
P004,1145.499,18.755,-1.17,7.4
P004,1142.754,18.675,-1.166,7.5
P004,1140.022,18.596,-1.165,7.6
P004,1137.301,18.516,-1.162,7.7
P004,1134.592,18.437,-1.16,7.8
P004,1131.895,18.358,-1.158,7.9
P004,1129.209,18.279,-1.195,8.0
P004,1126.537,18.159,-2.738,8.1
P004,1123.892,17.88,-5.393,8.2
P004,1121.298,17.43,-7.896,8.3
P004,1118.783,16.787,-11.173,8.4
P004,1116.379,15.907,-14.553,8.5
P004,1114.12,14.812,-17.434,8.6
P004,1112.037,13.499,-21.649,8.7
P004,1110.168,11.891,-25.193,8.8
P004,1108.549,10.092,-27.434,8.9
P004,1107.205,8.169,-28.897,9.0
P004,1106.152,6.162,-29.963,9.1
P004,1105.398,4.089,-30.84,9.2
P004,1104.951,1.97,-31.314,9.3
P004,1104.817,0.143,-25.079,9.4
P004,1104.855,0.006,-1.205,9.5
P004,1104.878,0.007,1.082,9.6
P004,1104.882,0.01,0.028,9.7
P004,1104.88,0.014,0.046,9.8
P004,1104.877,0.015,-0.02,9.9
P004,1104.874,0.01,-0.114,10.0
P004,1104.872,0.002,-0.112,10.1
P004,1104.873,0.003,-0.038,10.2
P004,1104.874,0.004,0.021,10.3
P004,1104.875,0.002,0.037,10.4
P004,1104.875,0.001,0.024,10.5
P004,1104.875,0.002,0.002,10.6
P004,1104.874,0.001,-0.012,10.7
P004,1104.874,0.0,-0.013,10.8
P004,1104.874,0.0,-0.006,10.9
P004,1104.874,0.001,0.001,11.0
P004,1104.874,0.0,0.004,11.1
P004,1104.874,0.0,0.004,11.2
P004,1104.874,0.0,0.001,11.3
P004,1104.874,0.0,-0.001,11.4
P004,1104.874,0.0,-0.002,11.5
P004,1104.874,0.0,-0.001,11.6
P004,1104.874,0.0,0.0,11.7
P004,1104.874,0.0,0.0,11.8
P004,1104.874,0.0,0.001,11.9
P004,1104.874,0.0,0.0,12.0
P004,1104.874,0.0,0.0,12.1
P004,1104.874,0.0,0.0,12.2
P004,1104.874,0.0,0.0,12.3
P004,1104.874,0.0,0.0,12.4
P004,1104.874,0.0,0.0,12.5
P004,1104.874,0.0,0.0,12.6
P004,1104.874,0.0,0.0,12.7
P004,1104.874,0.0,0.0,12.8
P004,1104.874,0.0,0.0,12.9
P004,1104.874,0.0,0.0,13.0
P004,1104.874,0.0,0.0,13.1
P004,1104.874,0.0,0.0,13.2
P004,1104.874,0.0,0.0,13.3
P004,1104.874,0.0,0.0,13.4
P004,1104.874,0.0,0.0,13.5
P004,1104.874,0.0,0.0,13.6
P004,1104.874,0.0,0.0,13.7
P004,1104.874,0.001,0.0,13.8
P004,1104.874,0.002,0.0,13.9
P004,1104.874,0.002,0.0,14.0
P004,1104.874,0.0,0.0,14.1
P004,1104.874,0.001,0.0,14.2
P004,1104.874,0.001,0.0,14.3
P004,1104.874,0.001,0.0,14.4
P004,1104.874,0.001,0.0,14.5
P004,1104.874,0.0,0.0,14.6
P004,1104.874,0.0,0.0,14.7
P004,1104.874,0.0,0.0,14.8
P004,1104.874,0.0,0.0,14.9
P004,1104.874,0.0,0.0,15.0
P004,1104.874,0.0,0.0,15.1
P004,1104.874,0.0,0.0,15.2
P004,1104.874,0.0,0.0,15.3
P004,1104.874,0.0,0.0,15.4
P004,1104.874,0.004,0.242,15.5
P004,1104.873,0.023,0.233,15.6
P004,1104.87,0.05,1.053,15.7
P004,1104.862,0.084,0.311,15.8
P004,1104.849,0.115,0.557,15.9
P004,1104.829,0.155,0.603,16.0
P004,1104.803,0.197,0.598,16.1
P004,1104.771,0.237,0.577,16.2
P004,1104.733,0.275,0.551,16.3
P004,1104.69,0.312,0.524,16.4
P004,1104.642,0.346,0.499,16.5
P004,1104.589,0.38,0.477,16.6
P004,1104.531,0.412,0.458,16.7
P004,1104.468,0.442,0.441,16.8
P004,1104.401,0.472,0.427,16.9
P004,1104.33,0.5,0.415,17.0
P004,1104.255,0.528,0.408,17.1
P004,1104.175,0.556,0.403,17.2
P004,1104.092,0.583,0.399,17.3
P004,1104.004,0.61,0.397,17.4
P004,1103.913,0.636,0.313,17.5
P004,1103.819,0.652,0.146,17.6
P004,1103.723,0.658,0.05,17.7
P004,1103.626,0.659,-0.009,17.8
P004,1103.53,0.657,-0.044,17.9
P004,1103.434,0.654,-0.057,18.0
P004,1103.338,0.65,-0.038,18.1
P004,1103.243,0.649,0.001,18.2
P004,1103.148,0.651,0.057,18.3
P004,1103.052,0.657,0.13,18.4
P004,1102.955,0.669,0.22,18.5
P004,1102.855,0.687,0.318,18.6
P004,1102.753,0.713,0.431,18.7
P004,1102.646,0.747,0.583,18.8
P004,1102.533,0.793,0.825,18.9
P004,1102.412,0.87,1.522,19.0
P004,1102.275,1.015,2.864,19.1
P004,1102.108,1.281,5.087,19.2
P004,1101.89,1.726,8.053,19.3
P004,1101.591,2.373,10.81,19.4
P004,1101.186,3.176,12.575,19.5
P004,1100.656,4.06,13.284,19.6
P004,1099.994,4.979,13.561,19.7
P004,1099.197,5.891,13.095,19.8
P004,1098.269,6.757,12.351,19.9
P004,1097.219,7.575,11.647,20.0
P004,1096.052,8.349,11.12,20.1
P004,1094.774,9.096,10.842,20.2
P004,1093.384,9.901,12.482,20.3
P004,1091.871,10.75,12.332,20.4
P004,1090.235,11.573,11.806,20.5
P004,1088.482,12.356,11.164,20.6
P004,1086.618,13.091,10.372,20.7
P004,1084.652,13.727,8.41,20.8
P004,1082.6,14.267,7.572,20.9
P004,1080.472,14.768,7.184,21.0
P004,1078.272,15.251,7.016,21.1
P004,1076.003,15.727,6.966,21.2
P004,1073.664,16.201,6.941,21.3
P004,1071.257,16.673,6.907,21.4
P004,1068.78,17.143,6.884,21.5
P004,1066.234,17.611,6.865,21.6
P004,1063.619,18.085,7.405,21.7
P004,1060.931,18.603,7.581,21.8
P004,1058.168,19.107,7.203,21.9
P004,1055.333,19.583,6.776,22.0
P004,1052.431,20.03,6.336,22.1
P004,1049.465,20.442,5.573,22.2
P004,1046.443,20.793,4.844,22.3
P004,1043.372,21.112,4.549,22.4
P004,1040.256,21.417,4.42,22.5
P004,1037.095,21.716,4.352,22.6
P004,1033.891,22.01,4.304,22.7
P004,1030.644,22.302,4.258,22.8
P004,1027.354,22.591,4.233,22.9
P004,1024.021,22.879,4.223,23.0
P004,1020.646,23.167,4.224,23.1
P004,1017.228,23.455,4.229,23.2
P004,1013.768,23.744,4.25,23.3
P004,1010.265,24.034,4.268,23.4
P004,1006.72,24.326,4.287,23.5
P004,1003.132,24.618,4.302,23.6
P004,999.501,24.912,4.311,23.7
P004,995.826,25.206,4.328,23.8
P004,992.109,25.502,4.35,23.9
P004,988.348,25.799,4.368,24.0
P004,984.544,26.097,4.379,24.1
P004,980.695,26.395,4.371,24.2
P004,976.804,26.692,4.343,24.3
P004,972.869,26.987,4.309,24.4
P004,968.891,27.28,4.288,24.5
P005,1411.586,29.219,-1.332,0.0
P005,1407.31,29.129,-1.33,0.1
P005,1403.047,29.038,-1.328,0.2
P005,1398.797,28.948,-1.326,0.3
P005,1394.561,28.857,-1.324,0.4
P005,1390.337,28.767,-1.322,0.5
P005,1386.127,28.677,-1.32,0.6
P005,1381.93,28.587,-1.318,0.7
P005,1377.746,28.498,-1.316,0.8
P005,1373.575,28.408,-1.314,0.9
P005,1369.416,28.319,-1.314,1.0
P005,1365.27,28.229,-1.313,1.1
P005,1361.136,28.14,-1.312,1.2
P005,1357.015,28.05,-1.31,1.3
P005,1352.906,27.961,-1.308,1.4
P005,1348.811,27.872,-1.305,1.5
P005,1344.728,27.784,-1.304,1.6
P005,1340.659,27.695,-1.303,1.7
P005,1336.602,27.606,-1.301,1.8
P005,1332.559,27.518,-1.299,1.9
P005,1328.529,27.429,-1.295,2.0
P005,1324.513,27.341,-1.293,2.1
P005,1320.51,27.253,-1.292,2.2
P005,1316.52,27.165,-1.29,2.3
P005,1312.543,27.078,-1.289,2.4
P005,1308.58,26.99,-1.288,2.5
P005,1304.63,26.902,-1.286,2.6
P005,1300.693,26.815,-1.284,2.7
P005,1296.769,26.728,-1.282,2.8
P005,1292.859,26.641,-1.28,2.9
P005,1288.962,26.554,-1.278,3.0
P005,1285.079,26.467,-1.275,3.1
P005,1281.21,26.38,-1.274,3.2
P005,1277.354,26.293,-1.27,3.3
P005,1273.513,26.207,-1.267,3.4
P005,1269.684,26.121,-1.265,3.5
P005,1265.87,26.035,-1.262,3.6
P005,1262.07,25.949,-1.26,3.7
P005,1258.282,25.863,-1.258,3.8
P005,1254.509,25.778,-1.255,3.9
P005,1250.749,25.692,-1.253,4.0
P005,1247.002,25.607,-1.25,4.1
P005,1243.268,25.522,-1.248,4.2
P005,1239.547,25.437,-1.246,4.3
P005,1235.839,25.352,-1.245,4.4
P005,1232.144,25.267,-1.243,4.5
P005,1228.461,25.183,-1.241,4.6
P005,1224.791,25.098,-1.239,4.7
P005,1221.133,25.014,-1.237,4.8
P005,1217.488,24.93,-1.236,4.9
P005,1213.856,24.846,-1.234,5.0
P005,1210.235,24.762,-1.232,5.1
P005,1206.627,24.678,-1.231,5.2
P005,1203.031,24.594,-1.23,5.3
P005,1199.447,24.51,-1.282,5.4
P005,1195.876,24.402,-1.984,5.5
P005,1192.325,24.236,-2.882,5.6
P005,1188.801,24.01,-3.793,5.7
P005,1185.314,23.718,-4.803,5.8
P005,1181.874,23.355,-5.788,5.9
P005,1178.492,22.936,-6.46,6.0
P005,1175.174,22.478,-6.958,6.1
P005,1171.924,21.991,-7.32,6.2
P005,1168.747,21.483,-7.584,6.3
P005,1165.644,20.958,-7.816,6.4
P005,1162.619,20.426,-7.763,6.5
P005,1159.671,19.9,-7.717,6.6
P005,1156.799,19.374,-7.731,6.7
P005,1154.004,18.846,-7.76,6.8
P005,1151.286,18.316,-7.8,6.9
P005,1148.646,17.782,-7.878,7.0
P005,1146.083,17.243,-7.943,7.1
P005,1143.6,16.7,-7.985,7.2
P005,1141.196,16.155,-8.013,7.3
P005,1138.872,15.609,-8.033,7.4
P005,1136.628,15.055,-8.229,7.5
P005,1134.466,14.49,-8.336,7.6
P005,1132.387,13.92,-8.389,7.7
P005,1130.391,13.346,-8.461,7.8
P005,1128.48,12.769,-8.471,7.9
P005,1126.653,12.203,-8.174,8.0
P005,1124.907,11.652,-8.025,8.1
P005,1123.241,11.109,-7.909,8.2
P005,1121.654,10.574,-7.811,8.3
P005,1120.145,10.043,-7.782,8.4
P005,1118.714,9.509,-7.928,8.5
P005,1117.361,8.959,-8.243,8.6
P005,1116.091,8.395,-8.287,8.7
P005,1114.903,7.834,-8.154,8.8
P005,1113.797,7.286,-7.926,8.9
P005,1112.77,6.754,-7.686,9.0
P005,1111.819,6.242,-7.319,9.1
P005,1110.941,5.755,-6.982,9.2
P005,1110.133,5.287,-6.749,9.3
P005,1109.392,4.834,-6.56,9.4
P005,1108.716,4.394,-6.363,9.5
P005,1108.105,3.967,-6.157,9.6
P005,1107.555,3.551,-6.095,9.7
P005,1107.065,3.133,-6.195,9.8
P005,1106.637,2.706,-6.341,9.9
P005,1106.273,2.27,-6.41,10.0
P005,1105.972,1.835,-6.345,10.1
P005,1105.734,1.409,-6.144,10.2
P005,1105.558,1.0,-5.855,10.3
P005,1105.44,0.614,-5.437,10.4
P005,1105.377,0.256,-5.11,10.5
P005,1105.363,0.028,-0.418,10.6
P005,1105.37,0.016,-0.121,10.7
P005,1105.375,0.008,0.169,10.8
P005,1105.377,0.0,0.09,10.9
P005,1105.376,0.005,0.046,11.0
P005,1105.374,0.006,-0.02,11.1
P005,1105.373,0.003,-0.049,11.2
P005,1105.373,0.0,-0.037,11.3
P005,1105.373,0.002,-0.009,11.4
P005,1105.374,0.002,0.011,11.5
P005,1105.374,0.001,0.016,11.6
P005,1105.374,0.0,0.009,11.7
P005,1105.374,0.001,0.0,11.8
P005,1105.374,0.0,-0.005,11.9
P005,1105.374,0.0,-0.005,12.0
P005,1105.374,0.0,-0.002,12.1
P005,1105.374,0.0,0.001,12.2
P005,1105.374,0.0,0.002,12.3
P005,1105.374,0.0,0.001,12.4
P005,1105.374,0.0,0.0,12.5
P005,1105.374,0.0,0.0,12.6
P005,1105.374,0.0,-0.001,12.7
P005,1105.374,0.0,0.0,12.8
P005,1105.374,0.0,0.0,12.9
P005,1105.374,0.0,0.0,13.0
P005,1105.374,0.0,0.0,13.1
P005,1105.374,0.0,0.0,13.2
P005,1105.374,0.0,0.0,13.3
P005,1105.374,0.0,0.0,13.4
P005,1105.374,0.0,0.0,13.5
P005,1105.374,0.0,0.0,13.6
P005,1105.374,0.0,0.0,13.7
P005,1105.374,0.0,0.0,13.8
P005,1105.374,0.0,0.0,13.9
P005,1105.374,0.0,0.0,14.0
P005,1105.374,0.0,0.0,14.1
P005,1105.374,0.0,0.0,14.2
P005,1105.374,0.0,0.0,14.3
P005,1105.374,0.0,0.0,14.4
P005,1105.374,0.0,0.0,14.5
P005,1105.374,0.0,0.0,14.6
P005,1105.374,0.0,0.0,14.7
P005,1105.374,0.0,0.0,14.8
P005,1105.374,0.0,0.0,14.9
P005,1105.374,0.0,0.0,15.0
P005,1105.374,0.0,0.0,15.1
P005,1105.374,0.0,0.0,15.2
P005,1105.374,0.0,0.0,15.3
P005,1105.374,0.0,0.0,15.4
P005,1105.374,0.0,0.0,15.5
P005,1105.374,0.0,0.0,15.6
P005,1105.374,0.0,0.0,15.7
P005,1105.374,0.0,0.0,15.8
P005,1105.374,0.0,0.0,15.9
P005,1105.374,0.0,0.0,16.0
P005,1105.374,0.0,0.0,16.1
P005,1105.374,0.0,0.0,16.2
P005,1105.374,0.0,0.0,16.3
P005,1105.374,0.0,0.0,16.4
P005,1105.374,0.0,0.0,16.5
P005,1105.374,0.0,0.0,16.6
P005,1105.374,0.0,0.0,16.7
P005,1105.374,0.0,0.0,16.8
P005,1105.374,0.0,0.0,16.9
P005,1105.374,0.0,0.0,17.0
P005,1105.374,0.0,0.0,17.1
P005,1105.374,0.0,0.0,17.2
P005,1105.374,0.0,0.0,17.3
P005,1105.374,0.0,0.0,17.4
P005,1105.374,0.0,0.0,17.5
P005,1105.374,0.0,0.0,17.6
P005,1105.374,0.0,0.0,17.7
P005,1105.374,0.0,0.0,17.8
P005,1105.374,0.0,0.0,17.9
P005,1105.374,0.0,0.0,18.0
P005,1105.374,0.0,0.0,18.1
P005,1105.374,0.0,0.0,18.2
P005,1105.374,0.0,0.0,18.3
P005,1105.374,0.0,0.0,18.4
P005,1105.374,0.0,0.0,18.5
P005,1105.374,0.0,0.0,18.6
P005,1105.374,0.0,0.0,18.7
P005,1105.374,0.0,0.0,18.8
P005,1105.374,0.0,0.0,18.9
P005,1105.374,0.0,0.0,19.0
P005,1105.374,0.0,0.0,19.1
P005,1105.374,0.0,0.0,19.2
P005,1105.374,0.0,0.0,19.3
P005,1105.374,0.0,0.0,19.4
P005,1105.374,0.0,0.0,19.5
P005,1105.374,0.0,0.0,19.6
P005,1105.374,0.0,0.0,19.7
P005,1105.374,0.0,0.0,19.8
P005,1105.374,0.0,0.0,19.9
P005,1105.374,0.0,0.0,20.0
P005,1105.374,0.0,0.0,20.1
P005,1105.374,0.0,0.0,20.2
P005,1105.374,0.0,0.0,20.3
P005,1105.374,0.0,0.0,20.4
P005,1105.374,0.0,0.0,20.5
P005,1105.374,0.0,0.0,20.6
P005,1105.374,0.0,0.0,20.7
P005,1105.374,0.0,0.0,20.8
P005,1105.374,0.0,0.0,20.9
P005,1105.374,0.0,0.0,21.0
P005,1105.374,0.0,0.0,21.1
P005,1105.374,0.0,0.0,21.2
P005,1105.374,0.0,0.0,21.3
P005,1105.374,0.0,0.0,21.4
P005,1105.374,0.0,0.0,21.5
P005,1105.374,0.0,0.0,21.6
P005,1105.374,0.001,0.07,21.7
P005,1105.373,0.008,0.119,21.8
P005,1105.369,0.054,1.15,21.9
P005,1105.358,0.089,0.512,22.0
P005,1105.343,0.128,0.611,22.1
P005,1105.321,0.17,0.617,22.2
P005,1105.293,0.211,0.596,22.3
P005,1105.259,0.251,0.567,22.4
P005,1105.219,0.288,0.538,22.5
P005,1105.174,0.324,0.511,22.6
P005,1105.124,0.358,0.486,22.7
P005,1105.07,0.39,0.462,22.8
P005,1105.01,0.421,0.44,22.9
P005,1104.946,0.45,0.419,23.0
P005,1104.878,0.478,0.4,23.1
P005,1104.806,0.505,0.385,23.2
P005,1104.73,0.531,0.377,23.3
P005,1104.65,0.557,0.374,23.4
P005,1104.567,0.582,0.376,23.5
P005,1104.48,0.608,0.352,23.6
P005,1104.389,0.626,0.21,23.7
P005,1104.297,0.639,0.201,23.8
P005,1104.202,0.656,0.298,23.9
P005,1104.104,0.682,0.489,24.0
P005,1104.001,0.733,1.153,24.1
P005,1103.885,0.859,2.717,24.2
P005,1103.741,1.125,5.197,24.3
P005,1103.545,1.581,8.252,24.4
P005,1103.267,2.243,11.097,24.5
P005,1102.878,3.082,13.387,24.6
P005,1102.356,4.042,14.668,24.7
P005,1101.689,5.071,15.436,24.8
P005,1100.868,6.124,15.35,24.9
P005,1099.894,7.154,14.885,25.0
P005,1098.771,8.153,14.41,25.1
P005,1097.505,9.117,13.927,25.2
P005,1096.1,10.057,13.687,25.3
P005,1094.559,11.0,14.951,25.4
P005,1092.869,12.072,15.928,25.5
P005,1091.02,13.143,15.421,25.6
P005,1089.018,14.165,14.54,25.7
P005,1086.872,15.123,13.581,25.8
P005,1084.589,16.006,11.76,25.9
P005,1082.19,16.729,9.818,26.0
P005,1079.691,17.372,9.173,26.1
P005,1077.1,17.989,8.965,26.2
P005,1074.418,18.597,8.916,26.3
P005,1071.648,19.205,8.922,26.4
P005,1068.789,19.813,8.932,26.5
P005,1065.842,20.422,8.935,26.6
P005,1062.804,21.03,8.904,26.7
P005,1059.678,21.65,9.802,26.8
P005,1056.455,22.329,9.887,26.9
P005,1053.133,22.985,9.316,27.0
P005,1049.719,23.598,8.683,27.1
P005,1046.219,24.17,8.121,27.2
P005,1042.637,24.698,7.113,27.3
P005,1038.984,25.149,6.259,27.4
P005,1035.267,25.563,5.939,27.5
P005,1031.491,25.962,5.8,27.6
P005,1027.658,26.355,5.732,27.7
P005,1023.767,26.743,5.654,27.8
P005,1019.82,27.125,5.58,27.9
P005,1015.817,27.503,5.518,28.0
P005,1011.759,27.878,5.468,28.1
P005,1007.646,28.249,5.427,28.2
P005,1003.479,28.618,5.398,28.3
P005,999.257,28.985,5.378,28.4
P005,994.983,29.351,5.363,28.5
P005,990.654,29.716,5.353,28.6
P005,986.273,30.08,5.343,28.7
P005,981.838,30.444,5.338,28.8
P005,977.349,30.808,5.34,28.9
P005,972.807,31.174,5.598,29.0
P005,968.21,31.566,5.76,29.1
P006,1412.957,31.201,-0.892,0.0
P006,1408.387,31.141,-0.87,0.1
P006,1403.827,31.083,-0.852,0.2
P006,1399.275,31.025,-0.838,0.3
P006,1394.731,30.968,-0.827,0.4
P006,1390.196,30.912,-0.819,0.5
P006,1385.67,30.857,-0.814,0.6
P006,1381.151,30.801,-0.81,0.7
P006,1376.64,30.746,-0.809,0.8
P006,1372.138,30.691,-0.821,0.9
P006,1367.643,30.634,-0.854,1.0
P006,1363.158,30.574,-0.911,1.1
P006,1358.681,30.509,-0.989,1.2
P006,1354.214,30.439,-1.078,1.3
P006,1349.758,30.363,-1.157,1.4
P006,1345.314,30.281,-1.226,1.5
P006,1340.882,30.196,-1.29,1.6
P006,1336.463,30.106,-1.334,1.7
P006,1332.057,30.015,-1.346,1.8
P006,1327.664,29.923,-1.348,1.9
P006,1323.285,29.831,-1.346,2.0
P006,1318.92,29.739,-1.344,2.1
P006,1314.567,29.648,-1.342,2.2
P006,1310.228,29.557,-1.34,2.3
P006,1305.903,29.465,-1.338,2.4
P006,1301.59,29.374,-1.336,2.5
P006,1297.291,29.283,-1.334,2.6
P006,1293.005,29.192,-1.332,2.7
P006,1288.732,29.102,-1.33,2.8
P006,1284.473,29.011,-1.328,2.9
P006,1280.227,28.921,-1.326,3.0
P006,1275.994,28.83,-1.323,3.1
P006,1271.774,28.74,-1.321,3.2
P006,1267.568,28.65,-1.319,3.3
P006,1263.376,28.561,-1.318,3.4
P006,1259.199,28.471,-1.316,3.5
P006,1255.035,28.381,-1.313,3.6
P006,1250.883,28.292,-1.311,3.7
P006,1246.745,28.203,-1.309,3.8
P006,1242.621,28.114,-1.308,3.9
P006,1238.508,28.025,-1.305,4.0
P006,1234.408,27.936,-1.303,4.1
P006,1230.319,27.847,-1.3,4.2
P006,1226.244,27.759,-1.299,4.3
P006,1222.182,27.67,-1.297,4.4
P006,1218.133,27.582,-1.295,4.5
P006,1214.096,27.494,-1.292,4.6
P006,1210.072,27.406,-1.29,4.7
P006,1206.061,27.318,-1.288,4.8
P006,1202.064,27.23,-1.286,4.9
P006,1198.079,27.143,-1.285,5.0
P006,1194.106,27.055,-1.283,5.1
P006,1190.147,26.968,-1.281,5.2
P006,1186.2,26.881,-1.279,5.3
P006,1182.267,26.794,-1.277,5.4
P006,1178.345,26.707,-1.275,5.5
P006,1174.437,26.62,-1.273,5.6
P006,1170.542,26.533,-1.271,5.7
P006,1166.659,26.447,-1.269,5.8
P006,1162.79,26.36,-1.26,5.9
P006,1158.934,26.276,-1.223,6.0
P006,1155.09,26.195,-1.154,6.1
P006,1151.257,26.119,-1.058,6.2
P006,1147.435,26.048,-1.073,6.3
P006,1143.623,25.978,-0.925,6.4
P006,1139.821,25.928,-0.478,6.5
P006,1136.022,25.919,0.21,6.6
P006,1132.221,25.951,0.682,6.7
P006,1128.414,26.011,1.075,6.8
P006,1124.597,26.077,0.641,6.9
P006,1120.774,26.087,-0.283,7.0
P006,1116.956,25.977,-3.664,7.1
P006,1113.174,25.524,-10.375,7.2
P006,1109.488,24.582,-16.89,7.3
P006,1105.966,23.241,-22.431,7.4
P006,1102.672,21.571,-26.075,7.5
P006,1099.644,19.721,-28.074,7.6
P006,1096.895,17.756,-29.552,7.7
P006,1094.439,15.697,-30.872,7.8
P006,1092.291,13.548,-32.113,7.9
P006,1090.466,11.328,-32.949,8.0
P006,1088.97,9.081,-32.671,8.1
P006,1087.801,6.896,-31.5,8.2
P006,1086.944,4.902,-25.921,8.3
P006,1086.358,3.229,-23.653,8.4
P006,1086.007,1.643,-23.049,8.5
P006,1085.883,0.074,-22.656,8.6
P006,1085.926,0.008,13.139,8.7
P006,1085.933,0.028,-0.839,8.8
P006,1085.935,0.044,0.0,8.9
P006,1085.93,0.029,-0.112,9.0
P006,1085.925,0.022,-0.12,9.1
P006,1085.922,0.013,-0.152,9.2
P006,1085.92,0.003,-0.122,9.3
P006,1085.921,0.003,-0.041,9.4
P006,1085.922,0.003,0.017,9.5
P006,1085.922,0.001,0.035,9.6
P006,1085.922,0.001,0.022,9.7
P006,1085.922,0.002,0.001,9.8
P006,1085.922,0.001,-0.012,9.9
P006,1085.921,0.0,-0.012,10.0
P006,1085.921,0.0,-0.006,10.1
P006,1085.921,0.001,0.001,10.2
P006,1085.922,0.0,0.004,10.3
P006,1085.922,0.0,0.004,10.4
P006,1085.922,0.0,0.001,10.5
P006,1085.922,0.0,-0.001,10.6
P006,1085.922,0.0,-0.002,10.7
P006,1085.922,0.0,-0.001,10.8
P006,1085.922,0.0,0.0,10.9
P006,1085.922,0.0,0.0,11.0
P006,1085.922,0.0,0.0,11.1
P006,1085.922,0.0,0.0,11.2
P006,1085.922,0.0,0.0,11.3
P006,1085.922,0.0,0.0,11.4
P006,1085.922,0.0,0.0,11.5
P006,1085.922,0.0,0.0,11.6
P006,1085.922,0.0,0.0,11.7
P006,1085.922,0.0,0.0,11.8
P006,1085.922,0.0,0.0,11.9
P006,1085.922,0.0,0.0,12.0
P006,1085.922,0.0,0.0,12.1
P006,1085.922,0.0,0.0,12.2
P006,1085.922,0.0,0.0,12.3
P006,1085.922,0.0,0.0,12.4
P006,1085.922,0.0,0.0,12.5
P006,1085.922,0.0,0.0,12.6
P006,1085.922,0.0,0.0,12.7
P006,1085.922,0.0,0.0,12.8
P006,1085.922,0.0,0.0,12.9
P006,1085.922,0.0,0.0,13.0
P006,1085.922,0.0,0.0,13.1
P006,1085.922,0.0,0.0,13.2
P006,1085.922,0.0,0.0,13.3
P006,1085.922,0.0,0.0,13.4
P006,1085.922,0.0,0.0,13.5
P006,1085.922,0.0,0.0,13.6
P006,1085.922,0.0,0.0,13.7
P006,1085.922,0.0,0.0,13.8
P006,1085.922,0.0,0.0,13.9
P006,1085.922,0.0,0.0,14.0
P006,1085.922,0.0,0.0,14.1
P006,1085.922,0.0,0.0,14.2
P006,1085.922,0.0,0.0,14.3
P006,1085.922,0.0,0.0,14.4
P006,1085.922,0.0,0.0,14.5
P006,1085.922,0.0,0.0,14.6
P006,1085.922,0.0,0.0,14.7
P006,1085.922,0.0,0.0,14.8
P006,1085.922,0.0,0.0,14.9
P006,1085.922,0.0,0.0,15.0
P006,1085.922,0.0,0.0,15.1
P006,1085.921,0.003,0.109,15.2
P006,1085.92,0.012,0.381,15.3
P006,1085.915,0.062,0.925,15.4
P006,1085.904,0.095,0.677,15.5
P006,1085.885,0.173,1.842,15.6
P006,1085.847,0.38,4.472,15.7
P006,1085.762,0.81,8.24,15.8
P006,1085.596,1.502,12.047,15.9
P006,1085.309,2.45,15.808,16.0
P006,1084.865,3.636,18.452,16.1
P006,1084.24,4.895,18.391,16.2
P006,1083.43,6.132,17.723,16.3
P006,1082.444,7.29,16.283,16.4
P006,1081.296,8.361,15.216,16.5
P006,1079.997,9.373,14.573,16.6
P006,1078.552,10.358,14.384,16.7
P006,1076.963,11.337,14.387,16.8
P006,1075.23,12.319,14.418,16.9
P006,1073.353,13.3,14.348,17.0
P006,1071.326,14.408,17.561,17.1
P006,1069.125,15.6,17.281,17.2
P006,1066.753,16.75,16.378,17.3
P006,1064.219,17.821,15.011,17.4
P006,1061.534,18.791,13.46,17.5
P006,1058.719,19.582,10.139,17.6
P006,1055.801,20.237,9.268,17.7
P006,1052.789,20.858,9.022,17.8
P006,1049.685,21.469,8.927,17.9
P006,1046.492,22.089,9.819,18.0
P006,1043.203,22.772,9.94,18.1
P006,1039.816,23.425,9.15,18.2
P006,1036.338,24.015,8.175,18.3
P006,1032.779,24.538,7.119,18.4
P006,1029.15,24.974,5.381,18.5
P006,1025.467,25.278,3.786,18.6
P006,1021.746,25.495,2.594,18.7
P006,1018.0,25.638,1.666,18.8
P006,1014.237,25.729,1.041,18.9
P006,1010.464,25.786,0.668,19.0
P006,1006.683,25.816,0.102,19.1
P006,1002.902,25.807,-0.294,19.2
P006,999.122,25.782,-0.438,19.3
P006,995.346,25.75,-0.465,19.4
P006,991.574,25.721,-0.364,19.5
P006,987.804,25.705,-0.071,19.6
P006,984.034,25.713,0.286,19.7
P006,980.261,25.743,0.58,19.8
P006,976.481,25.79,0.785,19.9
P006,972.693,25.848,0.89,20.0
P006,968.897,25.91,0.935,20.1
P007,1410.383,31.313,-1.382,0.0
P007,1405.8,31.219,-1.38,0.1
P007,1401.231,31.125,-1.378,0.2
P007,1396.676,31.031,-1.375,0.3
P007,1392.135,30.938,-1.373,0.4
P007,1387.607,30.844,-1.371,0.5
P007,1383.093,30.751,-1.369,0.6
P007,1378.593,30.658,-1.366,0.7
P007,1374.107,30.565,-1.364,0.8
P007,1369.634,30.472,-1.362,0.9
P007,1365.174,30.379,-1.36,1.0
P007,1360.728,30.287,-1.358,1.1
P007,1356.296,30.194,-1.355,1.2
P007,1351.877,30.102,-1.353,1.3
P007,1347.472,30.01,-1.351,1.4
P007,1343.08,29.918,-1.349,1.5
P007,1338.702,29.826,-1.347,1.6
P007,1334.337,29.734,-1.344,1.7
P007,1329.985,29.643,-1.342,1.8
P007,1325.647,29.551,-1.34,1.9
P007,1321.322,29.46,-1.338,2.0
P007,1317.011,29.369,-1.336,2.1
P007,1312.713,29.278,-1.334,2.2
P007,1308.429,29.187,-1.331,2.3
P007,1304.157,29.097,-1.329,2.4
P007,1299.899,29.006,-1.327,2.5
P007,1295.654,28.916,-1.325,2.6
P007,1291.423,28.826,-1.323,2.7
P007,1287.204,28.735,-1.321,2.8
P007,1282.999,28.646,-1.319,2.9
P007,1278.807,28.556,-1.323,3.0
P007,1274.628,28.46,-1.587,3.1
P007,1270.466,28.317,-2.723,3.2
P007,1266.331,28.083,-4.124,3.3
P007,1262.236,27.757,-5.436,3.4
P007,1258.194,27.345,-6.613,3.5
P007,1254.219,26.865,-7.422,3.6
P007,1250.319,26.338,-8.089,3.7
P007,1246.5,25.755,-9.028,3.8
P007,1242.771,25.107,-9.979,3.9
P007,1239.141,24.403,-10.588,4.0
P007,1235.617,23.669,-10.95,4.1
P007,1232.202,22.917,-11.055,4.2
P007,1228.898,22.174,-10.669,4.3
P007,1225.701,21.474,-9.819,4.4
P007,1222.603,20.832,-9.096,4.5
P007,1219.595,20.23,-8.553,4.6
P007,1216.672,19.667,-8.041,4.7
P007,1213.83,19.127,-7.847,4.8
P007,1211.065,18.593,-7.851,4.9
P007,1208.379,18.055,-7.941,5.0
P007,1205.772,17.514,-7.917,5.1
P007,1203.245,16.979,-7.745,5.2
P007,1200.794,16.465,-7.244,5.3
P007,1198.417,16.005,-6.202,5.4
P007,1196.101,15.623,-5.031,5.5
P007,1193.836,15.313,-4.101,5.6
P007,1191.612,15.066,-3.127,5.7
P007,1189.419,14.892,-2.011,5.8
P007,1187.246,14.777,-1.472,5.9
P007,1185.087,14.682,-1.337,6.0
P007,1182.942,14.593,-1.302,6.1
P007,1180.809,14.504,-1.308,6.2
P007,1178.69,14.414,-1.355,6.3
P007,1176.584,14.32,-1.356,6.4
P007,1174.491,14.232,-1.24,6.5
P007,1172.411,14.15,-1.165,6.6
P007,1170.343,14.072,-1.134,6.7
P007,1168.286,13.995,-1.121,6.8
P007,1166.241,13.919,-1.117,6.9
P007,1164.206,13.843,-1.114,7.0
P007,1162.183,13.767,-1.112,7.1
P007,1160.17,13.692,-1.109,7.2
P007,1158.169,13.616,-1.105,7.3
P007,1156.179,13.541,-1.102,7.4
P007,1154.2,13.466,-1.099,7.5
P007,1152.231,13.391,-1.096,7.6
P007,1150.274,13.317,-1.093,7.7
P007,1148.328,13.242,-1.091,7.8
P007,1146.392,13.168,-1.088,7.9
P007,1144.468,13.094,-1.095,8.0
P007,1142.555,12.999,-1.903,8.1
P007,1140.661,12.817,-3.51,8.2
P007,1138.801,12.519,-5.241,8.3
P007,1136.992,12.111,-6.606,8.4
P007,1135.249,11.631,-7.435,8.5
P007,1133.582,11.097,-8.27,8.6
P007,1131.997,10.503,-9.175,8.7
P007,1130.504,9.846,-10.045,8.8
P007,1129.111,9.137,-10.831,8.9
P007,1127.826,8.369,-11.665,9.0
P007,1126.658,7.553,-12.259,9.1
P007,1125.612,6.702,-12.669,9.2
P007,1124.692,5.83,-12.899,9.3
P007,1123.902,4.947,-13.008,9.4
P007,1123.241,4.06,-13.034,9.5
P007,1122.711,3.17,-13.055,9.6
P007,1122.31,2.287,-12.822,9.7
P007,1122.038,1.43,-12.263,9.8
P007,1121.889,0.626,-11.311,9.9
P007,1121.852,0.062,-3.23,10.0
P007,1121.866,0.028,-0.353,10.1
P007,1121.877,0.017,0.348,10.2
P007,1121.88,0.001,0.168,10.3
P007,1121.879,0.008,0.094,10.4
P007,1121.876,0.011,-0.022,10.5
P007,1121.874,0.006,-0.098,10.6
P007,1121.873,0.0,-0.078,10.7
P007,1121.874,0.004,-0.019,10.8
P007,1121.875,0.012,0.73,10.9
P007,1121.87,0.069,0.602,11.0
P007,1121.857,0.104,0.618,11.1
P007,1121.839,0.148,0.662,11.2
P007,1121.814,0.193,0.643,11.3
P007,1121.782,0.235,0.608,11.4
P007,1121.745,0.275,0.572,11.5
P007,1121.702,0.313,0.538,11.6
P007,1121.653,0.349,0.507,11.7
P007,1121.6,0.382,0.479,11.8
P007,1121.541,0.414,0.454,11.9
P007,1121.478,0.444,0.43,12.0
P007,1121.411,0.473,0.408,12.1
P007,1121.34,0.5,0.388,12.2
P007,1121.265,0.526,0.37,12.3
P007,1121.186,0.55,0.352,12.4
P007,1121.103,0.574,0.336,12.5
P007,1121.017,0.596,0.32,12.6
P007,1120.929,0.617,0.307,12.7
P007,1120.837,0.638,0.294,12.8
P007,1120.742,0.658,0.282,12.9
P007,1120.644,0.676,0.271,13.0
P007,1120.543,0.695,0.262,13.1
P007,1120.44,0.712,0.252,13.2
P007,1120.335,0.729,0.244,13.3
P007,1120.226,0.745,0.236,13.4
P007,1120.116,0.761,0.228,13.5
P007,1120.003,0.776,0.221,13.6
P007,1119.888,0.791,0.214,13.7
P007,1119.771,0.806,0.207,13.8
P007,1119.652,0.819,0.2,13.9
P007,1119.531,0.833,0.193,14.0
P007,1119.408,0.846,0.186,14.1
P007,1119.283,0.858,0.18,14.2
P007,1119.156,0.87,0.173,14.3
P007,1119.028,0.882,0.167,14.4
P007,1118.898,0.893,0.161,14.5
P007,1118.766,0.904,0.155,14.6
P007,1118.633,0.914,0.149,14.7
P007,1118.498,0.924,0.143,14.8
P007,1118.362,0.934,0.137,14.9
P007,1118.224,0.943,0.132,15.0
P007,1118.086,0.952,0.127,15.1
P007,1117.945,0.96,0.122,15.2
P007,1117.804,0.968,0.117,15.3
P007,1117.662,0.976,0.112,15.4
P007,1117.518,0.984,0.112,15.5
P007,1117.373,0.991,0.119,15.6
P007,1117.227,1.0,0.132,15.7
P007,1117.08,1.008,0.075,15.8
P007,1116.932,1.011,0.046,15.9
P007,1116.783,1.017,0.15,16.0
P007,1116.633,1.035,0.402,16.1
P007,1116.478,1.091,1.438,16.2
P007,1116.307,1.259,3.696,16.3
P007,1116.099,1.616,6.924,16.4
P007,1115.821,2.204,10.276,16.5
P007,1115.441,3.01,13.321,16.6
P007,1114.928,4.0,15.61,16.7
P007,1114.261,5.122,17.1,16.8
P007,1113.424,6.289,16.887,16.9
P007,1112.418,7.402,15.752,17.0
P007,1111.255,8.442,14.82,17.1
P007,1109.945,9.431,14.268,17.2
P007,1108.492,10.392,13.998,17.3
P007,1106.899,11.343,13.93,17.4
P007,1105.167,12.321,15.921,17.5
P007,1103.278,13.451,16.673,17.6
P007,1101.223,14.568,16.033,17.7
P007,1099.009,15.625,14.94,17.8
P007,1096.646,16.6,13.665,17.9
P007,1094.147,17.473,11.28,18.0
P007,1091.534,18.166,9.45,18.1
P007,1088.826,18.788,8.925,18.2
P007,1086.027,19.383,8.535,18.3
P007,1083.143,19.966,8.989,18.4
P007,1080.171,20.579,8.818,18.5
P007,1077.112,21.159,8.183,18.6
P007,1073.971,21.695,7.572,18.7
P007,1070.755,22.192,7.028,18.8
P007,1067.468,22.647,6.075,18.9
P007,1064.119,23.03,5.294,19.0
P007,1060.717,23.378,4.967,19.1
P007,1057.267,23.711,4.814,19.2
P007,1053.768,24.036,4.752,19.3
P007,1050.222,24.359,4.743,19.4
P007,1046.628,24.683,4.757,19.5
P007,1042.987,25.008,4.792,19.6
P007,1039.297,25.336,4.826,19.7
P007,1035.559,25.666,4.847,19.8
P007,1031.773,25.996,4.864,19.9
P007,1027.939,26.328,4.88,20.0
P007,1024.056,26.661,4.896,20.1
P007,1020.123,26.996,4.91,20.2
P007,1016.142,27.331,4.926,20.3
P007,1012.112,27.667,4.94,20.4
P007,1008.032,28.004,4.951,20.5
P007,1003.903,28.341,4.958,20.6
P007,999.725,28.679,4.96,20.7
P007,995.496,29.017,4.956,20.8
P007,991.219,29.355,4.952,20.9
P007,986.892,29.692,4.95,21.0
P007,982.515,30.033,5.257,21.1
P007,978.086,30.398,5.333,21.2
P007,973.604,30.754,5.091,21.3
P007,969.072,31.091,4.822,21.4
P008,1412.162,33.619,-1.201,0.0
P008,1407.24,33.538,-1.183,0.1
P008,1402.33,33.456,-1.219,0.2
P008,1397.432,33.37,-1.318,0.3
P008,1392.548,33.277,-1.397,0.4
P008,1387.677,33.181,-1.421,0.5
P008,1382.821,33.084,-1.425,0.6
P008,1377.979,32.987,-1.424,0.7
P008,1373.151,32.89,-1.421,0.8
P008,1368.337,32.793,-1.418,0.9
P008,1363.537,32.697,-1.416,1.0
P008,1358.751,32.6,-1.414,1.1
P008,1353.98,32.504,-1.412,1.2
P008,1349.223,32.408,-1.41,1.3
P008,1344.479,32.312,-1.407,1.4
P008,1339.75,32.216,-1.405,1.5
P008,1335.035,32.121,-1.402,1.6
P008,1330.334,32.025,-1.4,1.7
P008,1325.646,31.93,-1.398,1.8
P008,1320.973,31.835,-1.395,1.9
P008,1316.314,31.74,-1.393,2.0
P008,1311.669,31.645,-1.39,2.1
P008,1307.037,31.55,-1.388,2.2
P008,1302.42,31.456,-1.386,2.3
P008,1297.816,31.361,-1.383,2.4
P008,1293.227,31.267,-1.381,2.5
P008,1288.651,31.173,-1.379,2.6
P008,1284.089,31.079,-1.377,2.7
P008,1279.54,30.986,-1.374,2.8
P008,1275.006,30.892,-1.372,2.9
P008,1270.485,30.799,-1.37,3.0
P008,1265.978,30.705,-1.368,3.1
P008,1261.484,30.612,-1.365,3.2
P008,1257.004,30.519,-1.363,3.3
P008,1252.538,30.426,-1.361,3.4
P008,1248.085,30.334,-1.359,3.5
P008,1243.646,30.241,-1.356,3.6
P008,1239.22,30.149,-1.354,3.7
P008,1234.808,30.057,-1.352,3.8
P008,1230.409,29.965,-1.35,3.9
P008,1226.024,29.873,-1.348,4.0
P008,1221.653,29.781,-1.345,4.1
P008,1217.295,29.69,-1.343,4.2
P008,1212.95,29.598,-1.341,4.3
P008,1208.619,29.507,-1.339,4.4
P008,1204.301,29.416,-1.337,4.5
P008,1199.996,29.325,-1.335,4.6
P008,1195.705,29.234,-1.333,4.7
P008,1191.427,29.143,-1.33,4.8
P008,1187.163,29.052,-1.328,4.9
P008,1182.911,28.962,-1.326,5.0
P008,1178.673,28.872,-1.324,5.1
P008,1174.448,28.782,-1.322,5.2
P008,1170.236,28.692,-1.32,5.3
P008,1166.037,28.602,-1.318,5.4
P008,1161.852,28.512,-1.316,5.5
P008,1157.68,28.422,-1.314,5.6
P008,1153.52,28.333,-1.312,5.7
P008,1149.374,28.244,-1.309,5.8
P008,1145.242,28.154,-1.307,5.9
P008,1141.122,28.065,-1.305,6.0
P008,1137.015,27.977,-1.303,6.1
P008,1132.921,27.888,-1.301,6.2
P008,1128.839,27.799,-1.299,6.3
P008,1124.771,27.711,-1.297,6.4
P008,1120.716,27.622,-1.295,6.5
P008,1116.674,27.534,-1.293,6.6
P008,1112.644,27.446,-1.365,6.7
P008,1108.63,27.309,-2.973,6.8
P008,1104.645,27.015,-5.629,6.9
P008,1100.715,26.536,-8.59,7.0
P008,1096.87,25.813,-13.042,7.1
P008,1093.153,24.75,-18.142,7.2
P008,1089.617,23.338,-23.371,7.3
P008,1086.313,21.619,-26.761,7.4
P008,1083.278,19.72,-28.798,7.5
P008,1080.532,17.708,-30.183,7.6
P008,1078.087,15.611,-31.32,7.7
P008,1075.955,13.442,-32.309,7.8
P008,1074.146,11.214,-33.002,7.9
P008,1072.666,8.961,-32.637,8.0
P008,1071.515,6.752,-31.811,8.1
P008,1070.68,4.763,-25.856,8.2
P008,1070.114,3.093,-23.637,8.3
P008,1069.784,1.506,-23.134,8.4
P008,1069.68,0.065,-20.702,8.5
P008,1069.725,0.058,7.711,8.6
P008,1069.731,0.024,-0.327,8.7
P008,1069.732,0.043,-0.157,8.8
P008,1069.727,0.029,-0.1,8.9
P008,1069.722,0.021,-0.12,9.0
P008,1069.718,0.012,-0.152,9.1
P008,1069.717,0.002,-0.116,9.2
P008,1069.717,0.003,-0.036,9.3
P008,1069.719,0.003,0.02,9.4
P008,1069.719,0.001,0.034,9.5
P008,1069.719,0.001,0.021,9.6
P008,1069.719,0.002,0.0,9.7
P008,1069.718,0.001,-0.012,9.8
P008,1069.718,0.0,-0.012,9.9
P008,1069.718,0.0,-0.005,10.0
P008,1069.718,0.0,0.001,10.1
P008,1069.719,0.0,0.004,10.2
P008,1069.719,0.0,0.003,10.3
P008,1069.719,0.0,0.001,10.4
P008,1069.718,0.0,-0.001,10.5
P008,1069.718,0.0,-0.001,10.6
P008,1069.718,0.0,-0.001,10.7
P008,1069.718,0.0,0.0,10.8
P008,1069.718,0.0,0.0,10.9
P008,1069.718,0.0,0.0,11.0
P008,1069.718,0.0,0.0,11.1
P008,1069.718,0.0,0.0,11.2
P008,1069.718,0.0,0.0,11.3
P008,1069.718,0.0,0.0,11.4
P008,1069.718,0.0,0.0,11.5
P008,1069.718,0.0,0.0,11.6
P008,1069.718,0.0,0.0,11.7
P008,1069.718,0.0,0.0,11.8
P008,1069.718,0.0,0.0,11.9
P008,1069.718,0.0,0.0,12.0
P008,1069.718,0.0,0.0,12.1
P008,1069.718,0.0,0.0,12.2
P008,1069.718,0.0,0.0,12.3
P008,1069.718,0.0,0.0,12.4
P008,1069.718,0.0,0.0,12.5
P008,1069.718,0.0,0.0,12.6
P008,1069.719,0.0,0.0,12.7
P008,1069.719,0.0,0.0,12.8
P008,1069.719,0.0,0.0,12.9
P008,1069.719,0.0,0.0,13.0
P008,1069.719,0.0,0.0,13.1
P008,1069.719,0.0,0.0,13.2
P008,1069.719,0.0,0.0,13.3
P008,1069.719,0.0,0.0,13.4
P008,1069.719,0.0,0.0,13.5
P008,1069.719,0.0,0.0,13.6
P008,1069.719,0.0,0.0,13.7
P008,1069.719,0.0,0.0,13.8
P008,1069.719,0.0,0.0,13.9
P008,1069.719,0.0,0.0,14.0
P008,1069.719,0.0,0.0,14.1
P008,1069.719,0.0,0.0,14.2
P008,1069.719,0.0,0.0,14.3
P008,1069.719,0.0,0.0,14.4
P008,1069.719,0.0,0.0,14.5
P008,1069.719,0.002,-0.027,14.6
P008,1069.718,0.006,0.103,14.7
P008,1069.716,0.018,0.502,14.8
P008,1069.71,0.07,0.267,14.9
P008,1069.698,0.1,0.56,15.0
P008,1069.68,0.141,0.618,15.1
P008,1069.656,0.183,0.612,15.2
P008,1069.627,0.224,0.587,15.3
P008,1069.591,0.263,0.558,15.4
P008,1069.549,0.3,0.529,15.5
P008,1069.503,0.335,0.503,15.6
P008,1069.451,0.369,0.478,15.7
P008,1069.395,0.4,0.455,15.8
P008,1069.334,0.431,0.434,15.9
P008,1069.269,0.459,0.413,16.0
P008,1069.2,0.487,0.398,16.1
P008,1069.126,0.514,0.399,16.2
P008,1069.049,0.54,0.322,16.3
P008,1068.968,0.56,0.28,16.4
P008,1068.885,0.583,0.429,16.5
P008,1068.797,0.63,1.163,16.6
P008,1068.695,0.778,3.539,16.7
P008,1068.557,1.16,7.877,16.8
P008,1068.338,1.889,13.723,16.9
P008,1067.984,2.987,17.996,17.0
P008,1067.453,4.263,18.924,17.1
P008,1066.734,5.541,18.546,17.2
P008,1065.83,6.768,17.332,17.3
P008,1064.752,7.906,16.113,17.4
P008,1063.515,8.968,15.12,17.5
P008,1062.128,9.979,14.633,17.6
P008,1060.594,10.97,14.521,17.7
P008,1058.915,11.962,14.608,17.8
P008,1057.089,12.961,14.689,17.9
P008,1055.117,13.962,14.696,18.0
P008,1052.997,14.963,14.692,18.1
P008,1050.731,15.964,14.669,18.2
P008,1048.319,16.961,14.557,18.3
P008,1045.762,17.944,14.288,18.4
P008,1043.062,18.909,14.062,18.5
P008,1040.221,19.861,13.878,18.6
P008,1037.241,20.801,13.728,18.7
P008,1034.125,21.731,13.566,18.8
P008,1030.87,22.748,18.165,18.9
P008,1027.44,24.049,19.317,19.0
P008,1023.818,25.356,18.998,19.1
P008,1020.008,26.628,18.255,19.2
P008,1016.016,27.829,16.872,19.3
P008,1011.858,28.834,11.231,19.4
P008,1007.582,29.515,9.303,19.5
P008,1003.212,30.136,9.712,19.6
P008,998.742,30.855,10.801,19.7
P008,994.165,31.576,10.314,19.8
P008,989.487,32.254,9.529,19.9
P008,984.715,32.872,8.601,20.0
P008,979.856,33.422,7.304,20.1
P008,974.923,33.875,6.181,20.2
P008,969.927,34.273,5.531,20.3
P009,1410.42,31.192,-1.013,0.0
P009,1405.853,31.122,-1.03,0.1
P009,1401.296,31.05,-1.107,0.2
P009,1396.75,30.97,-1.233,0.3
P009,1392.217,30.883,-1.325,0.4
P009,1387.696,30.791,-1.358,0.5
P009,1383.19,30.698,-1.365,0.6
P009,1378.697,30.605,-1.365,0.7
P009,1374.218,30.512,-1.362,0.8
P009,1369.752,30.42,-1.36,0.9
P009,1365.3,30.327,-1.358,1.0
P009,1360.861,30.235,-1.356,1.1
P009,1356.436,30.142,-1.354,1.2
P009,1352.024,30.05,-1.352,1.3
P009,1347.626,29.958,-1.35,1.4
P009,1343.242,29.866,-1.348,1.5
P009,1338.871,29.774,-1.345,1.6
P009,1334.513,29.683,-1.343,1.7
P009,1330.17,29.591,-1.341,1.8
P009,1325.84,29.5,-1.339,1.9
P009,1321.523,29.409,-1.337,2.0
P009,1317.219,29.318,-1.334,2.1
P009,1312.929,29.227,-1.332,2.2
P009,1308.652,29.136,-1.33,2.3
P009,1304.388,29.046,-1.328,2.4
P009,1300.137,28.955,-1.326,2.5
P009,1295.9,28.865,-1.324,2.6
P009,1291.675,28.775,-1.322,2.7
P009,1287.464,28.685,-1.32,2.8
P009,1283.266,28.595,-1.318,2.9
P009,1279.082,28.505,-1.316,3.0
P009,1274.91,28.416,-1.314,3.1
P009,1270.752,28.326,-1.312,3.2
P009,1266.607,28.237,-1.309,3.3
P009,1262.475,28.148,-1.308,3.4
P009,1258.356,28.059,-1.307,3.5
P009,1254.25,27.967,-1.436,3.6
P009,1250.158,27.849,-2.078,3.7
P009,1246.088,27.684,-2.791,3.8
P009,1242.044,27.471,-3.423,3.9
P009,1238.035,27.221,-3.908,4.0
P009,1234.065,26.936,-4.505,4.1
P009,1230.14,26.604,-5.284,4.2
P009,1226.268,26.205,-6.41,4.3
P009,1222.459,25.739,-7.191,4.4
P009,1218.722,25.234,-7.57,4.5
P009,1215.062,24.709,-7.822,4.6
P009,1211.479,24.171,-7.963,4.7
P009,1207.976,23.626,-8.08,4.8
P009,1204.554,23.071,-8.179,4.9
P009,1201.214,22.513,-8.175,5.0
P009,1197.955,21.957,-8.148,5.1
P009,1194.778,21.403,-8.116,5.2
P009,1191.681,20.851,-8.086,5.3
P009,1188.665,20.307,-7.868,5.4
P009,1185.728,19.776,-7.719,5.5
P009,1182.867,19.251,-7.739,5.6
P009,1180.084,18.719,-7.87,5.7
P009,1177.379,18.176,-8.106,5.8
P009,1174.756,17.614,-8.381,5.9
P009,1172.215,17.037,-8.522,6.0
P009,1169.761,16.456,-8.509,6.1
P009,1167.391,15.878,-8.508,6.2
P009,1165.107,15.285,-8.974,6.3
P009,1162.911,14.656,-9.455,6.4
P009,1160.81,14.0,-9.764,6.5
P009,1158.807,13.329,-9.886,6.6
P009,1156.902,12.66,-9.707,6.7
P009,1155.095,12.013,-9.226,6.8
P009,1153.38,11.4,-8.784,6.9
P009,1151.752,10.814,-8.42,7.0
P009,1150.209,10.249,-8.213,7.1
P009,1148.747,9.683,-8.475,7.2
P009,1147.37,9.09,-8.98,7.3
P009,1146.083,8.466,-9.257,7.4
P009,1144.887,7.837,-9.149,7.5
P009,1143.784,7.229,-8.667,7.6
P009,1142.767,6.658,-8.107,7.7
P009,1141.832,6.123,-7.541,7.8
P009,1140.971,5.641,-6.526,7.9
P009,1140.176,5.239,-5.273,8.0
P009,1139.433,4.92,-4.08,8.1
P009,1138.732,4.68,-3.021,8.2
P009,1138.061,4.51,-1.93,8.3
P009,1137.408,4.413,-1.01,8.4
P009,1136.767,4.356,-0.73,8.5
P009,1136.132,4.309,-0.672,8.6
P009,1135.504,4.264,-0.667,8.7
P009,1134.882,4.218,-0.672,8.8
P009,1134.267,4.172,-0.678,8.9
P009,1133.658,4.126,-0.679,9.0
P009,1133.057,4.079,-0.678,9.1
P009,1132.463,4.033,-0.676,9.2
P009,1131.875,3.987,-0.674,9.3
P009,1131.294,3.941,-0.673,9.4
P009,1130.72,3.896,-0.671,9.5
P009,1130.152,3.85,-0.669,9.6
P009,1129.591,3.804,-0.666,9.7
P009,1129.037,3.759,-0.664,9.8
P009,1128.489,3.714,-0.661,9.9
P009,1127.948,3.669,-0.658,10.0
P009,1127.414,3.624,-0.654,10.1
P009,1126.886,3.58,-0.651,10.2
P009,1126.364,3.536,-0.647,10.3
P009,1125.849,3.492,-0.642,10.4
P009,1125.341,3.448,-0.637,10.5
P009,1124.838,3.405,-0.631,10.6
P009,1124.343,3.362,-0.624,10.7
P009,1123.853,3.32,-0.617,10.8
P009,1123.369,3.278,-0.609,10.9
P009,1122.892,3.237,-0.601,11.0
P009,1122.421,3.196,-0.595,11.1
P009,1121.955,3.156,-0.589,11.2
P009,1121.495,3.116,-0.583,11.3
P009,1121.042,3.076,-0.576,11.4
P009,1120.594,3.037,-0.57,11.5
P009,1120.151,2.999,-0.561,11.6
P009,1119.715,2.961,-0.551,11.7
P009,1119.283,2.924,-0.541,11.8
P009,1118.857,2.887,-0.531,11.9
P009,1118.437,2.851,-0.522,12.0
P009,1118.022,2.816,-0.513,12.1
P009,1117.611,2.781,-0.551,12.2
P009,1117.207,2.74,-0.654,12.3
P009,1116.809,2.691,-0.78,12.4
P009,1116.418,2.634,-0.869,12.5
P009,1116.037,2.57,-1.054,12.6
P009,1115.666,2.497,-0.934,12.7
P009,1115.304,2.441,-0.713,12.8
P009,1114.949,2.402,-0.461,12.9
P009,1114.599,2.377,-0.273,13.0
P009,1114.252,2.363,-0.146,13.1
P009,1113.906,2.356,-0.05,13.2
P009,1113.561,2.356,0.025,13.3
P009,1113.215,2.36,0.092,13.4
P009,1112.869,2.368,0.158,13.5
P009,1112.52,2.381,0.225,13.6
P009,1112.17,2.399,0.3,13.7
P009,1111.817,2.422,0.384,13.8
P009,1111.46,2.452,0.478,13.9
P009,1111.098,2.487,0.573,14.0
P009,1110.73,2.531,0.721,14.1
P009,1110.355,2.586,0.894,14.2
P009,1109.971,2.653,1.068,14.3
P009,1109.577,2.731,1.217,14.4
P009,1109.17,2.813,1.123,14.5
P009,1108.753,2.881,0.842,14.6
P009,1108.327,2.924,0.406,14.7
P009,1107.897,2.937,-0.007,14.8
P009,1107.468,2.927,-0.252,14.9
P009,1107.04,2.905,-0.374,15.0
P009,1106.616,2.878,-0.422,15.1
P009,1106.197,2.848,-0.436,15.2
P009,1105.781,2.819,-0.435,15.3
P009,1105.37,2.789,-0.431,15.4
P009,1104.964,2.76,-0.427,15.5
P009,1104.561,2.731,-0.423,15.6
P009,1104.163,2.702,-0.42,15.7
P009,1103.769,2.674,-0.415,15.8
P009,1103.379,2.646,-0.41,15.9
P009,1102.994,2.618,-0.405,16.0
P009,1102.612,2.59,-0.399,16.1
P009,1102.234,2.563,-0.395,16.2
P009,1101.86,2.537,-0.39,16.3
P009,1101.49,2.51,-0.386,16.4
P009,1101.124,2.484,-0.382,16.5
P009,1100.762,2.458,-0.377,16.6
P009,1100.404,2.433,-0.373,16.7
P009,1100.049,2.407,-0.369,16.8
P009,1099.698,2.382,-0.366,16.9
P009,1099.35,2.357,-0.362,17.0
P009,1099.007,2.333,-0.359,17.1
P009,1098.666,2.309,-0.355,17.2
P009,1098.33,2.285,-0.345,17.3
P009,1097.997,2.262,-0.328,17.4
P009,1097.667,2.24,-0.308,17.5
P009,1097.34,2.218,-0.342,17.6
P009,1097.016,2.196,-0.29,17.7
P009,1096.695,2.18,-0.178,17.8
P009,1096.376,2.173,-0.03,17.9
P009,1096.058,2.177,0.176,18.0
P009,1095.737,2.207,0.813,18.1
P009,1095.407,2.304,2.18,18.2
P009,1095.055,2.527,4.557,18.3
P009,1094.656,2.946,7.791,18.4
P009,1094.18,3.58,10.761,18.5
P009,1093.596,4.398,13.113,18.6
P009,1092.883,5.346,14.536,18.7
P009,1092.025,6.35,14.753,18.8
P009,1091.02,7.343,14.345,18.9
P009,1089.872,8.303,13.833,19.0
P009,1088.586,9.232,13.485,19.1
P009,1087.166,10.143,13.239,19.2
P009,1085.609,11.12,15.1,19.3
P009,1083.904,12.14,14.698,19.4
P009,1082.052,13.114,13.842,19.5
P009,1080.062,14.024,12.898,19.6
P009,1077.944,14.87,11.879,19.7
P009,1075.71,15.584,9.197,19.8
P009,1073.383,16.162,7.941,19.9
P009,1070.975,16.678,7.254,20.0
P009,1068.495,17.154,6.716,20.1
P009,1065.946,17.623,7.049,20.2
P009,1063.329,18.087,6.498,20.3
P009,1060.647,18.507,5.86,20.4
P009,1057.906,18.891,5.419,20.5
P009,1055.111,19.249,5.092,20.6
P009,1052.266,19.568,4.251,20.7
P009,1049.377,19.84,3.763,20.8
P009,1046.451,20.086,3.505,20.9
P009,1043.489,20.32,3.357,21.0
P009,1040.494,20.546,3.28,21.1
P009,1037.466,20.767,3.231,21.2
P009,1034.406,20.986,3.187,21.3
P009,1031.313,21.202,3.157,21.4
P009,1028.188,21.418,3.219,21.5
P009,1025.031,21.641,3.304,21.6
P009,1021.841,21.867,3.333,21.7
P009,1018.618,22.095,3.368,21.8
P009,1015.361,22.328,3.463,21.9
P009,1012.071,22.567,3.545,22.0
P009,1008.744,22.81,3.583,22.1
P009,1005.383,23.054,3.579,22.2
P009,1001.986,23.298,3.582,22.3
P009,998.553,23.542,3.568,22.4
P009,995.084,23.783,3.509,22.5
P009,991.582,24.02,3.444,22.6
P009,988.045,24.254,3.429,22.7
P009,984.474,24.488,3.439,22.8
P009,980.87,24.723,3.462,22.9
P009,977.231,24.96,3.511,23.0
P009,973.556,25.202,3.595,23.1
P009,969.845,25.451,3.708,23.2
P009,966.097,25.707,3.813,23.3
P010,1409.556,30.349,-1.359,0.0
P010,1405.113,30.257,-1.357,0.1
P010,1400.685,30.165,-1.354,0.2
P010,1396.27,30.072,-1.352,0.3
P010,1391.869,29.98,-1.35,0.4
P010,1387.481,29.888,-1.348,0.5
P010,1383.107,29.797,-1.346,0.6
P010,1378.746,29.705,-1.344,0.7
P010,1374.398,29.613,-1.342,0.8
P010,1370.064,29.522,-1.34,0.9
P010,1365.743,29.431,-1.337,1.0
P010,1361.436,29.34,-1.335,1.1
P010,1357.142,29.249,-1.333,1.2
P010,1352.862,29.158,-1.331,1.3
P010,1348.594,29.068,-1.329,1.4
P010,1344.34,28.977,-1.327,1.5
P010,1340.1,28.887,-1.324,1.6
P010,1335.873,28.797,-1.322,1.7
P010,1331.658,28.707,-1.32,1.8
P010,1327.457,28.617,-1.318,1.9
P010,1323.269,28.527,-1.316,2.0
P010,1319.094,28.437,-1.314,2.1
P010,1314.933,28.348,-1.312,2.2
P010,1310.784,28.259,-1.31,2.3
P010,1306.649,28.169,-1.308,2.4
P010,1302.526,28.08,-1.306,2.5
P010,1298.417,27.991,-1.304,2.6
P010,1294.321,27.903,-1.302,2.7
P010,1290.238,27.814,-1.3,2.8
P010,1286.168,27.726,-1.298,2.9
P010,1282.11,27.637,-1.296,3.0
P010,1278.066,27.549,-1.294,3.1
P010,1274.034,27.461,-1.292,3.2
P010,1270.016,27.373,-1.29,3.3
P010,1266.01,27.285,-1.288,3.4
P010,1262.017,27.197,-1.287,3.5
P010,1258.037,27.104,-1.558,3.6
P010,1254.073,26.968,-2.482,3.7
P010,1250.134,26.765,-3.492,3.8
P010,1246.228,26.493,-4.451,3.9
P010,1242.367,26.163,-5.221,4.0
P010,1238.559,25.784,-5.89,4.1
P010,1234.809,25.36,-6.564,4.2
P010,1231.126,24.894,-7.078,4.3
P010,1227.512,24.398,-7.445,4.4
P010,1223.973,23.882,-7.7,4.5
P010,1220.512,23.346,-8.016,4.6
P010,1217.13,22.794,-8.166,4.7
P010,1213.83,22.234,-8.25,4.8
P010,1210.612,21.67,-8.311,4.9
P010,1207.477,21.102,-8.369,5.0
P010,1204.426,20.531,-8.322,5.1
P010,1201.457,19.97,-8.177,5.2
P010,1198.571,19.414,-8.133,5.3
P010,1195.765,18.86,-8.132,5.4
P010,1193.042,18.306,-8.148,5.5
P010,1190.399,17.75,-8.17,5.6
P010,1187.838,17.193,-8.189,5.7
P010,1185.359,16.634,-8.202,5.8
P010,1182.962,16.075,-8.208,5.9
P010,1180.646,15.515,-8.24,6.0
P010,1178.414,14.947,-8.422,6.1
P010,1176.265,14.37,-8.508,6.2
P010,1174.201,13.789,-8.535,6.3
P010,1172.223,13.207,-8.546,6.4
P010,1170.329,12.624,-8.514,6.5
P010,1168.521,12.054,-8.255,6.6
P010,1166.795,11.498,-8.086,6.7
P010,1165.15,10.952,-7.92,6.8
P010,1163.584,10.421,-7.652,6.9
P010,1162.094,9.912,-7.211,7.0
P010,1160.677,9.451,-6.246,7.1
P010,1159.322,9.062,-5.235,7.2
P010,1158.02,8.737,-4.324,7.3
P010,1156.761,8.473,-3.402,7.4
P010,1155.536,8.28,-2.231,7.5
P010,1154.333,8.157,-1.528,7.6
P010,1153.145,8.06,-1.35,7.7
P010,1151.97,7.969,-1.359,7.8
P010,1150.809,7.876,-1.309,7.9
P010,1149.66,7.795,-1.1,8.0
P010,1148.523,7.724,-1.001,8.1
P010,1147.396,7.657,-0.958,8.2
P010,1146.278,7.593,-0.937,8.3
P010,1145.17,7.529,-0.928,8.4
P010,1144.071,7.466,-0.923,8.5
P010,1142.981,7.403,-0.92,8.6
P010,1141.9,7.341,-0.916,8.7
P010,1140.829,7.278,-0.911,8.8
P010,1139.767,7.217,-0.906,8.9
P010,1138.713,7.155,-0.901,9.0
P010,1137.669,7.094,-0.896,9.1
P010,1136.634,7.033,-0.892,9.2
P010,1135.607,6.972,-0.888,9.3
P010,1134.589,6.912,-0.883,9.4
P010,1133.581,6.852,-0.879,9.5
P010,1132.581,6.792,-0.875,9.6
P010,1131.589,6.733,-0.871,9.7
P010,1130.607,6.674,-0.866,9.8
P010,1129.633,6.615,-0.862,9.9
P010,1128.667,6.556,-0.858,10.0
P010,1127.711,6.498,-0.854,10.1
P010,1126.762,6.44,-0.85,10.2
P010,1125.823,6.382,-0.847,10.3
P010,1124.892,6.324,-0.843,10.4
P010,1123.969,6.267,-0.839,10.5
P010,1123.054,6.21,-0.835,10.6
P010,1122.148,6.153,-0.831,10.7
P010,1121.251,6.097,-0.828,10.8
P010,1120.361,6.04,-0.824,10.9
P010,1119.48,5.984,-0.82,11.0
P010,1118.607,5.929,-0.816,11.1
P010,1117.742,5.873,-0.813,11.2
P010,1116.885,5.818,-0.809,11.3
P010,1116.036,5.763,-0.805,11.4
P010,1115.196,5.708,-0.801,11.5
P010,1114.363,5.654,-0.797,11.6
P010,1113.538,5.6,-0.793,11.7
P010,1112.722,5.546,-0.788,11.8
P010,1111.913,5.492,-0.784,11.9
P010,1111.112,5.439,-0.779,12.0
P010,1110.319,5.386,-0.774,12.1
P010,1109.533,5.333,-0.77,12.2
P010,1108.755,5.281,-0.765,12.3
P010,1107.985,5.229,-0.76,12.4
P010,1107.222,5.177,-0.756,12.5
P010,1106.467,5.126,-0.752,12.6
P010,1105.72,5.075,-0.747,12.7
P010,1104.98,5.024,-0.743,12.8
P010,1104.247,4.974,-0.739,12.9
P010,1103.522,4.923,-0.735,13.0
P010,1102.804,4.874,-0.731,13.1
P010,1102.093,4.824,-0.728,13.2
P010,1101.39,4.774,-0.724,13.3
P010,1100.694,4.725,-0.721,13.4
P010,1100.005,4.676,-0.717,13.5
P010,1099.323,4.627,-0.714,13.6
P010,1098.648,4.579,-0.711,13.7
P010,1097.981,4.531,-0.707,13.8
P010,1097.321,4.482,-0.704,13.9
P010,1096.667,4.435,-0.701,14.0
P010,1096.021,4.387,-0.698,14.1
P010,1095.381,4.339,-0.696,14.2
P010,1094.749,4.292,-0.693,14.3
P010,1094.123,4.245,-0.69,14.4
P010,1093.505,4.198,-0.688,14.5
P010,1092.893,4.151,-0.685,14.6
P010,1092.288,4.105,-0.683,14.7
P010,1091.69,4.058,-0.68,14.8
P010,1091.098,4.012,-0.678,14.9
P010,1090.514,3.966,-0.675,15.0
P010,1089.936,3.92,-0.673,15.1
P010,1089.365,3.874,-0.67,15.2
P010,1088.801,3.828,-0.668,15.3
P010,1088.243,3.783,-0.665,15.4
P010,1087.692,3.738,-0.662,15.5
P010,1087.148,3.693,-0.659,15.6
P010,1086.61,3.648,-0.653,15.7
P010,1086.079,3.604,-0.64,15.8
P010,1085.554,3.561,-0.637,15.9
P010,1085.036,3.517,-0.626,16.0
P010,1084.524,3.479,-0.45,16.1
P010,1084.015,3.475,0.568,16.2
P010,1083.499,3.603,3.577,16.3
P010,1082.945,4.022,9.082,16.4
P010,1082.301,4.815,13.707,16.5
P010,1081.523,5.83,15.626,16.6
P010,1080.59,6.901,15.776,16.7
P010,1079.5,7.963,15.353,16.8
P010,1078.256,8.992,14.854,16.9
P010,1076.864,9.993,14.592,17.0
P010,1075.326,10.983,14.462,17.1
P010,1073.645,11.968,14.467,17.2
P010,1071.82,12.954,14.485,17.3
P010,1069.849,13.942,14.495,17.4
P010,1067.734,14.929,14.475,17.5
P010,1065.474,15.914,14.435,17.6
P010,1063.069,16.894,14.317,17.7
P010,1060.522,17.862,14.069,17.8
P010,1057.834,18.811,13.814,17.9
P010,1055.009,19.746,13.63,18.0
P010,1052.045,20.741,17.359,18.1
P010,1048.913,21.995,18.772,18.2
P010,1045.595,23.271,18.611,18.3
P010,1042.091,24.516,17.784,18.4
P010,1038.411,25.679,16.258,18.5
P010,1034.57,26.661,11.748,18.6
P010,1030.606,27.429,10.794,18.7
P010,1026.534,28.133,9.887,18.8
P010,1022.362,28.776,8.94,18.9
P010,1018.101,29.344,7.727,19.0
P010,1013.763,29.829,6.366,19.1
P010,1009.363,30.212,5.063,19.2
P010,1004.911,30.532,4.355,19.3
P010,1000.415,30.81,3.838,19.4
P010,995.881,31.056,3.373,19.5
P010,991.313,31.264,2.606,19.6
P010,986.721,31.404,1.634,19.7
P010,982.111,31.497,1.137,19.8
P010,977.49,31.561,0.762,19.9
P010,972.861,31.603,0.461,20.0
P010,968.227,31.625,0.19,20.1
P011,1410.964,34.593,-1.223,0.0
P011,1405.899,34.51,-1.215,0.1
P011,1400.847,34.427,-1.211,0.2
P011,1395.807,34.345,-1.21,0.3
P011,1390.779,34.262,-1.211,0.4
P011,1385.763,34.18,-1.212,0.5
P011,1380.759,34.097,-1.214,0.6
P011,1375.768,34.014,-1.232,0.7
P011,1370.789,33.928,-1.303,0.8
P011,1365.823,33.836,-1.395,0.9
P011,1360.87,33.739,-1.43,1.0
P011,1355.932,33.642,-1.438,1.1
P011,1351.008,33.544,-1.438,1.2
P011,1346.099,33.446,-1.435,1.3
P011,1341.204,33.348,-1.432,1.4
P011,1336.323,33.25,-1.43,1.5
P011,1331.456,33.153,-1.428,1.6
P011,1326.604,33.056,-1.426,1.7
P011,1321.765,32.959,-1.423,1.8
P011,1316.941,32.862,-1.421,1.9
P011,1312.131,32.765,-1.418,2.0
P011,1307.336,32.669,-1.416,2.1
P011,1302.554,32.572,-1.413,2.2
P011,1297.786,32.476,-1.411,2.3
P011,1293.033,32.38,-1.409,2.4
P011,1288.294,32.284,-1.406,2.5
P011,1283.569,32.188,-1.404,2.6
P011,1278.858,32.093,-1.401,2.7
P011,1274.161,31.997,-1.399,2.8
P011,1269.478,31.902,-1.397,2.9
P011,1264.809,31.807,-1.394,3.0
P011,1260.154,31.712,-1.392,3.1
P011,1255.513,31.617,-1.39,3.2
P011,1250.886,31.523,-1.387,3.3
P011,1246.273,31.428,-1.385,3.4
P011,1241.673,31.334,-1.383,3.5
P011,1237.087,31.24,-1.381,3.6
P011,1232.515,31.146,-1.378,3.7
P011,1227.957,31.052,-1.376,3.8
P011,1223.413,30.958,-1.374,3.9
P011,1218.882,30.865,-1.371,4.0
P011,1214.365,30.771,-1.369,4.1
P011,1209.861,30.678,-1.367,4.2
P011,1205.372,30.585,-1.365,4.3
P011,1200.895,30.492,-1.363,4.4
P011,1196.433,30.399,-1.36,4.5
P011,1191.984,30.307,-1.358,4.6
P011,1187.548,30.214,-1.356,4.7
P011,1183.126,30.122,-1.354,4.8
P011,1178.718,30.03,-1.351,4.9
P011,1174.322,29.938,-1.349,5.0
P011,1169.941,29.846,-1.347,5.1
P011,1165.573,29.754,-1.345,5.2
P011,1161.218,29.663,-1.343,5.3
P011,1156.877,29.571,-1.341,5.4
P011,1152.549,29.48,-1.338,5.5
P011,1148.234,29.389,-1.336,5.6
P011,1143.933,29.298,-1.334,5.7
P011,1139.645,29.207,-1.332,5.8
P011,1135.371,29.116,-1.33,5.9
P011,1131.109,29.026,-1.328,6.0
P011,1126.861,28.935,-1.326,6.1
P011,1122.627,28.845,-1.324,6.2
P011,1118.405,28.755,-1.321,6.3
P011,1114.197,28.665,-1.319,6.4
P011,1110.002,28.575,-1.317,6.5
P011,1105.82,28.486,-1.315,6.6
P011,1101.651,28.396,-1.313,6.7
P011,1097.495,28.307,-1.311,6.8
P011,1093.352,28.217,-1.309,6.9
P011,1089.222,28.128,-1.307,7.0
P011,1085.105,28.039,-1.325,7.1
P011,1081.002,27.901,-3.359,7.2
P011,1076.932,27.551,-7.164,7.3
P011,1072.933,26.836,-13.894,7.4
P011,1069.066,25.697,-19.411,7.5
P011,1065.392,24.189,-24.5,7.6
P011,1061.968,22.411,-27.416,7.7
P011,1058.82,20.479,-29.165,7.8
P011,1055.963,18.443,-30.556,7.9
P011,1053.41,16.319,-31.749,8.0
P011,1051.174,14.121,-32.704,8.1
P011,1049.266,11.869,-33.249,8.2
P011,1047.692,9.618,-32.668,8.3
P011,1046.443,7.433,-31.39,8.4
P011,1045.509,5.404,-26.388,8.5
P011,1044.85,3.707,-23.946,8.6
P011,1044.431,2.103,-23.308,8.7
P011,1044.241,0.516,-23.315,8.8
P011,1044.261,0.351,18.568,8.9
P011,1044.277,0.056,-2.484,9.0
P011,1044.282,0.038,0.657,9.1
P011,1044.278,0.032,-0.18,9.2
P011,1044.273,0.024,-0.109,9.3
P011,1044.268,0.016,-0.144,9.4
P011,1044.266,0.006,-0.14,9.5
P011,1044.266,0.002,-0.065,9.6
P011,1044.267,0.003,0.005,9.7
P011,1044.268,0.002,0.033,9.8
P011,1044.268,0.0,0.028,9.9
P011,1044.268,0.002,0.007,10.0
P011,1044.268,0.001,-0.009,10.1
P011,1044.267,0.001,-0.013,10.2
P011,1044.267,0.0,-0.008,10.3
P011,1044.267,0.001,-0.001,10.4
P011,1044.268,0.0,0.004,10.5
P011,1044.268,0.0,0.004,10.6
P011,1044.268,0.0,0.002,10.7
P011,1044.268,0.0,0.0,10.8
P011,1044.267,0.0,-0.001,10.9
P011,1044.267,0.0,-0.001,11.0
P011,1044.267,0.0,0.0,11.1
P011,1044.268,0.0,0.0,11.2
P011,1044.268,0.0,0.001,11.3
P011,1044.268,0.0,0.0,11.4
P011,1044.268,0.0,0.0,11.5
P011,1044.268,0.0,0.0,11.6
P011,1044.268,0.0,0.0,11.7
P011,1044.268,0.0,0.0,11.8
P011,1044.268,0.0,0.0,11.9
P011,1044.268,0.0,0.0,12.0
P011,1044.268,0.0,0.0,12.1
P011,1044.268,0.0,0.0,12.2
P011,1044.268,0.0,0.0,12.3
P011,1044.268,0.0,0.0,12.4
P011,1044.268,0.0,0.0,12.5
P011,1044.268,0.0,0.0,12.6
P011,1044.268,0.0,0.0,12.7
P011,1044.268,0.0,0.0,12.8
P011,1044.268,0.0,0.0,12.9
P011,1044.268,0.0,0.0,13.0
P011,1044.268,0.0,0.0,13.1
P011,1044.268,0.0,0.0,13.2
P011,1044.268,0.0,0.0,13.3
P011,1044.268,0.0,0.0,13.4
P011,1044.268,0.0,0.0,13.5
P011,1044.268,0.0,0.0,13.6
P011,1044.267,0.001,0.092,13.7
P011,1044.267,0.009,0.104,13.8
P011,1044.264,0.03,0.749,13.9
P011,1044.255,0.076,0.393,14.0
P011,1044.242,0.111,0.587,14.1
P011,1044.223,0.152,0.62,14.2
P011,1044.197,0.194,0.606,14.3
P011,1044.166,0.235,0.579,14.4
P011,1044.128,0.273,0.55,14.5
P011,1044.086,0.31,0.522,14.6
P011,1044.038,0.344,0.496,14.7
P011,1043.985,0.377,0.472,14.8
P011,1043.927,0.409,0.449,14.9
P011,1043.865,0.439,0.428,15.0
P011,1043.799,0.467,0.408,15.1
P011,1043.728,0.494,0.389,15.2
P011,1043.654,0.52,0.371,15.3
P011,1043.576,0.545,0.354,15.4
P011,1043.495,0.568,0.338,15.5
P011,1043.41,0.591,0.323,15.6
P011,1043.322,0.612,0.309,15.7
P011,1043.23,0.633,0.296,15.8
P011,1043.136,0.653,0.285,15.9
P011,1043.039,0.672,0.274,16.0
P011,1042.939,0.69,0.264,16.1
P011,1042.837,0.708,0.255,16.2
P011,1042.732,0.725,0.246,16.3
P011,1042.625,0.741,0.242,16.4
P011,1042.515,0.758,0.242,16.5
P011,1042.402,0.774,0.245,16.6
P011,1042.288,0.791,0.251,16.7
P011,1042.171,0.809,0.259,16.8
P011,1042.051,0.827,0.267,16.9
P011,1041.928,0.842,0.16,17.0
P011,1041.804,0.85,0.079,17.1
P011,1041.679,0.856,0.113,17.2
P011,1041.553,0.868,0.261,17.3
P011,1041.424,0.896,0.699,17.4
P011,1041.287,0.987,2.144,17.5
P011,1041.128,1.214,4.688,17.6
P011,1040.921,1.642,7.954,17.7
P011,1040.635,2.293,11.055,17.8
P011,1040.238,3.134,13.434,17.9
P011,1039.709,4.093,14.587,18.0
P011,1039.035,5.112,15.225,18.1
P011,1038.21,6.149,15.086,18.2
P011,1037.233,7.161,14.61,18.3
P011,1036.111,8.141,14.171,18.4
P011,1034.848,9.094,13.841,18.5
P011,1033.447,10.03,13.654,18.6
P011,1031.91,10.979,15.129,18.7
P011,1030.223,12.051,15.855,18.8
P011,1028.378,13.116,15.315,18.9
P011,1026.381,14.13,14.434,19.0
P011,1024.24,15.082,13.487,19.1
P011,1021.965,15.954,11.51,19.2
P011,1019.574,16.666,9.72,19.3
P011,1017.086,17.304,9.087,19.4
P011,1014.505,17.911,8.764,19.5
P011,1011.837,18.501,8.589,19.6
P011,1009.083,19.083,8.497,19.7
P011,1006.245,19.66,8.439,19.8
P011,1003.322,20.248,9.226,19.9
P011,1000.309,20.884,9.232,20.0
P011,997.203,21.496,8.701,20.1
P011,994.01,22.069,8.141,20.2
P011,990.737,22.606,7.603,20.3
P011,987.387,23.098,6.618,20.4
P011,983.97,23.518,5.852,20.5
P011,980.495,23.905,5.547,20.6
P011,976.965,24.278,5.408,20.7
P011,973.381,24.644,5.344,20.8
P011,969.743,25.007,5.311,20.9
P011,966.052,25.368,5.279,21.0
P012,1408.576,37.53,-1.536,0.0
P012,1403.083,37.426,-1.496,0.1
P012,1397.605,37.325,-1.475,0.2
P012,1392.142,37.225,-1.463,0.3
P012,1386.693,37.126,-1.457,0.4
P012,1381.259,37.027,-1.454,0.5
P012,1375.839,36.927,-1.453,0.6
P012,1370.433,36.829,-1.452,0.7
P012,1365.043,36.73,-1.462,0.8
P012,1359.666,36.624,-1.687,0.9
P012,1354.307,36.493,-2.176,1.0
P012,1348.969,36.327,-2.714,1.1
P012,1343.657,36.126,-3.114,1.2
P012,1338.376,35.912,-3.114,1.3
P012,1333.126,35.712,-2.673,1.4
P012,1327.904,35.554,-1.968,1.5
P012,1322.701,35.436,-1.573,1.6
P012,1317.514,35.334,-1.46,1.7
P012,1312.342,35.235,-1.426,1.8
P012,1307.183,35.139,-1.418,1.9
P012,1302.04,35.042,-1.414,2.0
P012,1296.911,34.946,-1.411,2.1
P012,1291.796,34.85,-1.408,2.2
P012,1286.696,34.754,-1.403,2.3
P012,1281.609,34.659,-1.402,2.4
P012,1276.537,34.562,-1.448,2.5
P012,1271.479,34.458,-1.651,2.6
P012,1266.438,34.327,-2.257,2.7
P012,1261.419,34.146,-3.092,2.8
P012,1256.43,33.903,-4.043,2.9
P012,1251.482,33.597,-4.893,3.0
P012,1246.582,33.239,-5.589,3.1
P012,1241.738,32.846,-6.084,3.2
P012,1236.956,32.405,-6.786,3.3
P012,1232.24,31.927,-7.235,3.4
P012,1227.597,31.422,-7.552,3.5
P012,1223.03,30.9,-7.763,3.6
P012,1218.54,30.365,-7.921,3.7
P012,1214.129,29.825,-7.908,3.8
P012,1209.796,29.288,-7.879,3.9
P012,1205.543,28.751,-7.884,4.0
P012,1201.368,28.213,-7.882,4.1
P012,1197.272,27.677,-7.87,4.2
P012,1193.255,27.141,-7.864,4.3
P012,1189.316,26.604,-7.883,4.4
P012,1185.456,26.066,-7.919,4.5
P012,1181.675,25.525,-7.973,4.6
P012,1177.973,24.979,-8.048,4.7
P012,1174.352,24.424,-8.272,4.8
P012,1170.814,23.849,-8.618,4.9
P012,1167.361,23.241,-9.207,5.0
P012,1164.001,22.597,-9.683,5.1
P012,1160.737,21.922,-10.131,5.2
P012,1157.575,21.218,-10.505,5.3
P012,1154.517,20.494,-10.741,5.4
P012,1151.567,19.764,-10.681,5.5
P012,1148.723,19.036,-10.706,5.6
P012,1145.986,18.304,-10.778,5.7
P012,1143.357,17.566,-10.879,5.8
P012,1140.837,16.818,-11.1,5.9
P012,1138.427,16.052,-11.4,6.0
P012,1136.132,15.261,-11.869,6.1
P012,1133.955,14.431,-12.492,6.2
P012,1131.902,13.559,-13.081,6.3
P012,1129.98,12.65,-13.577,6.4
P012,1128.194,11.712,-13.944,6.5
P012,1126.547,10.754,-14.149,6.6
P012,1125.041,9.787,-14.217,6.7
P012,1123.677,8.812,-14.464,6.8
P012,1122.458,7.818,-14.688,6.9
P012,1121.385,6.814,-14.774,7.0
P012,1120.46,5.808,-14.722,7.1
P012,1119.682,4.81,-14.525,7.2
P012,1119.049,3.833,-14.115,7.3
P012,1118.557,2.886,-13.705,7.4
P012,1118.202,1.969,-13.181,7.5
P012,1117.979,1.094,-12.45,7.6
P012,1117.879,0.277,-11.506,7.7
P012,1117.88,0.033,1.238,7.8
P012,1117.894,0.031,0.297,7.9
P012,1117.902,0.008,0.223,8.0
P012,1117.902,0.004,0.143,8.1
P012,1117.9,0.011,0.045,8.2
P012,1117.897,0.01,-0.068,8.3
P012,1117.896,0.003,-0.101,8.4
P012,1117.896,0.002,-0.053,8.5
P012,1117.897,0.004,0.004,8.6
P012,1117.898,0.002,0.032,8.7
P012,1117.898,0.0,0.029,8.8
P012,1117.898,0.001,0.01,8.9
P012,1117.897,0.001,-0.006,9.0
P012,1117.897,0.02,0.606,9.1
P012,1117.89,0.074,0.365,9.2
P012,1117.877,0.109,0.595,9.3
P012,1117.858,0.151,0.634,9.4
P012,1117.833,0.194,0.619,9.5
P012,1117.801,0.235,0.59,9.6
P012,1117.764,0.274,0.558,9.7
P012,1117.721,0.311,0.528,9.8
P012,1117.673,0.346,0.5,9.9
P012,1117.62,0.379,0.474,10.0
P012,1117.562,0.411,0.451,10.1
P012,1117.499,0.441,0.429,10.2
P012,1117.433,0.469,0.408,10.3
P012,1117.362,0.496,0.388,10.4
P012,1117.287,0.522,0.37,10.5
P012,1117.209,0.547,0.353,10.6
P012,1117.127,0.57,0.337,10.7
P012,1117.042,0.593,0.322,10.8
P012,1116.953,0.614,0.308,10.9
P012,1116.861,0.635,0.295,11.0
P012,1116.767,0.654,0.284,11.1
P012,1116.67,0.673,0.273,11.2
P012,1116.57,0.692,0.263,11.3
P012,1116.467,0.709,0.254,11.4
P012,1116.362,0.726,0.245,11.5
P012,1116.254,0.743,0.237,11.6
P012,1116.144,0.759,0.23,11.7
P012,1116.032,0.774,0.222,11.8
P012,1115.917,0.789,0.215,11.9
P012,1115.8,0.803,0.208,12.0
P012,1115.682,0.817,0.201,12.1
P012,1115.561,0.831,0.194,12.2
P012,1115.438,0.844,0.188,12.3
P012,1115.313,0.856,0.181,12.4
P012,1115.187,0.868,0.174,12.5
P012,1115.059,0.88,0.168,12.6
P012,1114.929,0.891,0.162,12.7
P012,1114.798,0.902,0.156,12.8
P012,1114.665,0.912,0.15,12.9
P012,1114.53,0.922,0.144,13.0
P012,1114.394,0.932,0.138,13.1
P012,1114.257,0.941,0.133,13.2
P012,1114.118,0.95,0.129,13.3
P012,1113.978,0.959,0.126,13.4
P012,1113.837,0.967,0.123,13.5
P012,1113.695,0.976,0.119,13.6
P012,1113.551,0.984,0.116,13.7
P012,1113.406,0.991,0.116,13.8
P012,1113.26,0.999,0.12,13.9
P012,1113.113,1.008,0.132,14.0
P012,1112.965,1.018,0.138,14.1
P012,1112.815,1.022,0.015,14.2
P012,1112.665,1.022,0.021,14.3
P012,1112.515,1.027,0.118,14.4
P012,1112.364,1.04,0.289,14.5
P012,1112.209,1.068,0.589,14.6
P012,1112.049,1.135,1.489,14.7
P012,1111.872,1.29,3.2,14.8
P012,1111.663,1.589,5.729,14.9
P012,1111.396,2.087,8.903,15.0
P012,1111.04,2.792,11.695,15.1
P012,1110.567,3.664,13.733,15.2
P012,1109.959,4.649,15.098,15.3
P012,1109.201,5.706,15.797,15.4
P012,1108.285,6.782,15.678,15.5
P012,1107.212,7.828,14.959,15.6
P012,1105.991,8.821,14.229,15.7
P012,1104.628,9.776,13.86,15.8
P012,1103.126,10.715,13.718,15.9
P012,1101.487,11.685,15.731,16.0
P012,1099.694,12.788,16.211,16.1
P012,1097.739,13.874,15.59,16.2
P012,1095.629,14.903,14.58,16.3
P012,1093.374,15.86,13.491,16.4
P012,1090.985,16.721,11.182,16.5
P012,1088.483,17.417,9.558,16.6
P012,1085.884,18.047,9.046,16.7
P012,1083.194,18.657,8.876,16.8
P012,1080.415,19.26,8.838,16.9
P012,1077.549,19.862,8.801,17.0
P012,1074.595,20.465,9.365,17.1
P012,1071.548,21.114,9.402,17.2
P012,1068.408,21.732,8.733,17.3
P012,1065.18,22.302,7.994,17.4
P012,1061.872,22.823,7.287,17.5
P012,1058.49,23.291,6.228,17.6
P012,1055.046,23.676,5.207,17.7
P012,1051.55,24.011,4.679,17.8
P012,1048.007,24.317,4.298,17.9
P012,1044.422,24.599,4.021,18.0
P012,1040.796,24.866,3.821,18.1
P012,1037.132,25.12,3.629,18.2
P012,1033.432,25.361,3.455,18.3
P012,1029.698,25.595,3.557,18.4
P012,1025.929,25.84,3.557,18.5
P012,1022.125,26.075,3.323,18.6
P012,1018.288,26.293,3.073,18.7
P012,1014.421,26.494,2.842,18.8
P012,1010.525,26.679,2.493,18.9
P012,1006.604,26.836,2.154,19.0
P012,1002.661,26.978,2.039,19.1
P012,998.698,27.115,2.007,19.2
P012,994.715,27.252,1.989,19.3
P012,990.712,27.386,1.938,19.4
P012,986.69,27.514,1.837,19.5
P012,982.649,27.635,1.697,19.6
P012,978.592,27.746,1.544,19.7
P012,974.519,27.846,1.41,19.8
P012,970.431,27.938,1.304,19.9
P012,966.33,28.024,1.225,20.0
P013,1409.621,31.981,-1.399,0.0
P013,1404.941,31.886,-1.396,0.1
P013,1400.274,31.79,-1.394,0.2
P013,1395.621,31.696,-1.392,0.3
P013,1390.983,31.601,-1.389,0.4
P013,1386.358,31.506,-1.387,0.5
P013,1381.748,31.412,-1.385,0.6
P013,1377.151,31.318,-1.382,0.7
P013,1372.567,31.223,-1.38,0.8
P013,1367.998,31.13,-1.378,0.9
P013,1363.442,31.036,-1.376,1.0
P013,1358.9,30.942,-1.373,1.1
P013,1354.371,30.849,-1.371,1.2
P013,1349.857,30.755,-1.369,1.3
P013,1345.356,30.662,-1.367,1.4
P013,1340.868,30.569,-1.364,1.5
P013,1336.394,30.476,-1.362,1.6
P013,1331.934,30.383,-1.36,1.7
P013,1327.488,30.291,-1.358,1.8
P013,1323.054,30.198,-1.355,1.9
P013,1318.635,30.106,-1.353,2.0
P013,1314.229,30.014,-1.351,2.1
P013,1309.836,29.922,-1.349,2.2
P013,1305.458,29.83,-1.347,2.3
P013,1301.092,29.738,-1.344,2.4
P013,1296.74,29.647,-1.342,2.5
P013,1292.402,29.556,-1.34,2.6
P013,1288.076,29.464,-1.338,2.7
P013,1283.764,29.373,-1.336,2.8
P013,1279.466,29.282,-1.334,2.9
P013,1275.18,29.191,-1.332,3.0
P013,1270.909,29.101,-1.329,3.1
P013,1266.65,29.01,-1.327,3.2
P013,1262.404,28.92,-1.325,3.3
P013,1258.172,28.83,-1.323,3.4
P013,1253.953,28.74,-1.321,3.5
P013,1249.748,28.65,-1.319,3.6
P013,1245.555,28.56,-1.317,3.7
P013,1241.376,28.47,-1.318,3.8
P013,1237.211,28.36,-2.142,3.9
P013,1233.067,28.161,-3.75,4.0
P013,1228.959,27.852,-5.261,4.1
P013,1224.903,27.455,-6.308,4.2
P013,1220.911,27.002,-6.936,4.3
P013,1216.988,26.517,-7.275,4.4
P013,1213.139,26.013,-7.516,4.5
P013,1209.365,25.493,-7.709,4.6
P013,1205.667,24.964,-7.831,4.7
P013,1202.047,24.427,-7.921,4.8
P013,1198.506,23.888,-7.849,4.9
P013,1195.044,23.361,-7.527,5.0
P013,1191.657,22.879,-6.537,5.1
P013,1188.336,22.473,-5.363,5.2
P013,1185.069,22.148,-4.212,5.3
P013,1181.844,21.898,-3.108,5.4
P013,1178.649,21.726,-1.999,5.5
P013,1175.475,21.609,-1.535,5.6
P013,1172.316,21.509,-1.445,5.7
P013,1169.171,21.411,-1.418,5.8
P013,1166.039,21.317,-1.335,5.9
P013,1162.921,21.229,-1.275,6.0
P013,1159.816,21.143,-1.248,6.1
P013,1156.723,21.058,-1.235,6.2
P013,1153.643,20.974,-1.229,6.3
P013,1150.575,20.891,-1.227,6.4
P013,1147.519,20.807,-1.225,6.5
P013,1144.475,20.724,-1.223,6.6
P013,1141.443,20.64,-1.221,6.7
P013,1138.424,20.557,-1.218,6.8
P013,1135.417,20.474,-1.216,6.9
P013,1132.423,20.392,-1.214,7.0
P013,1129.44,20.309,-1.211,7.1
P013,1126.47,20.227,-1.209,7.2
P013,1123.511,20.144,-1.207,7.3
P013,1120.564,20.062,-1.205,7.4
P013,1117.63,19.98,-1.203,7.5
P013,1114.706,19.898,-1.2,7.6
P013,1111.796,19.803,-1.926,7.7
P013,1108.905,19.588,-4.607,7.8
P013,1106.058,19.166,-7.988,7.9
P013,1103.289,18.489,-11.762,8.0
P013,1100.637,17.551,-15.886,8.1
P013,1098.144,16.311,-20.743,8.2
P013,1095.858,14.737,-25.0,8.3
P013,1093.822,12.938,-27.572,8.4
P013,1092.062,11.001,-29.152,8.5
P013,1090.594,8.973,-30.326,8.6
P013,1089.429,6.873,-31.289,8.7
P013,1088.577,4.713,-32.018,8.8
P013,1088.045,2.528,-31.549,8.9
P013,1087.826,0.487,-28.467,9.0
P013,1087.859,0.139,14.321,9.1
P013,1087.882,0.013,-0.807,9.2
P013,1087.887,0.034,0.015,9.3
P013,1087.883,0.025,-0.062,9.4
P013,1087.878,0.021,-0.075,9.5
P013,1087.874,0.013,-0.144,9.6
P013,1087.873,0.003,-0.137,9.7
P013,1087.873,0.003,-0.048,9.8
P013,1087.874,0.004,0.023,9.9
P013,1087.875,0.002,0.041,10.0
P013,1087.875,0.001,0.025,10.1
P013,1087.875,0.002,0.001,10.2
P013,1087.874,0.001,-0.014,10.3
P013,1087.874,0.0,-0.014,10.4
P013,1087.874,0.0,-0.006,10.5
P013,1087.874,0.001,0.001,10.6
P013,1087.874,0.0,0.005,10.7
P013,1087.874,0.0,0.004,10.8
P013,1087.874,0.0,0.001,10.9
P013,1087.874,0.0,-0.001,11.0
P013,1087.874,0.0,-0.002,11.1
P013,1087.874,0.0,-0.001,11.2
P013,1087.874,0.0,0.0,11.3
P013,1087.874,0.0,0.001,11.4
P013,1087.874,0.0,0.001,11.5
P013,1087.874,0.0,0.0,11.6
P013,1087.874,0.0,0.0,11.7
P013,1087.874,0.0,0.0,11.8
P013,1087.874,0.0,0.0,11.9
P013,1087.874,0.0,0.0,12.0
P013,1087.874,0.0,0.0,12.1
P013,1087.874,0.0,0.0,12.2
P013,1087.874,0.0,0.0,12.3
P013,1087.874,0.0,0.0,12.4
P013,1087.874,0.0,0.0,12.5
P013,1087.874,0.0,0.0,12.6
P013,1087.874,0.0,0.0,12.7
P013,1087.874,0.0,0.0,12.8
P013,1087.874,0.0,0.0,12.9
P013,1087.874,0.0,0.0,13.0
P013,1087.874,0.0,0.0,13.1
P013,1087.874,0.0,0.0,13.2
P013,1087.874,0.0,0.0,13.3
P013,1087.874,0.0,0.0,13.4
P013,1087.874,0.0,0.0,13.5
P013,1087.874,0.0,0.0,13.6
P013,1087.874,0.0,0.0,13.7
P013,1087.874,0.001,-0.001,13.8
P013,1087.874,0.0,0.0,13.9
P013,1087.874,0.0,0.0,14.0
P013,1087.874,0.0,0.0,14.1
P013,1087.874,0.0,0.0,14.2
P013,1087.874,0.0,0.0,14.3
P013,1087.874,0.0,0.0,14.4
P013,1087.874,0.0,0.0,14.5
P013,1087.874,0.0,0.0,14.6
P013,1087.874,0.0,0.0,14.7
P013,1087.874,0.0,0.0,14.8
P013,1087.874,0.0,0.0,14.9
P013,1087.874,0.0,0.0,15.0
P013,1087.874,0.0,0.0,15.1
P013,1087.874,0.0,0.0,15.2
P013,1087.874,0.0,0.0,15.3
P013,1087.874,0.0,0.0,15.4
P013,1087.874,0.0,0.0,15.5
P013,1087.874,0.0,0.0,15.6
P013,1087.872,0.048,1.506,15.7
P013,1087.851,0.28,5.96,15.8
P013,1087.771,0.863,11.064,15.9
P013,1087.581,1.779,15.801,16.0
P013,1087.236,2.984,19.16,16.1
P013,1086.702,4.312,19.267,16.2
P013,1085.975,5.597,18.483,16.3
P013,1085.063,6.809,16.948,16.4
P013,1083.982,7.91,15.48,16.5
P013,1082.748,8.93,14.562,16.6
P013,1081.367,9.905,14.119,16.7
P013,1079.846,10.863,14.031,16.8
P013,1078.184,11.82,14.081,16.9
P013,1076.38,12.814,16.254,17.0
P013,1074.418,13.964,16.957,17.1
P013,1072.286,15.1,16.295,17.2
P013,1069.992,16.174,15.182,17.3
P013,1067.547,17.164,13.874,17.4
P013,1064.965,18.047,11.326,17.5
P013,1062.267,18.745,9.585,17.6
P013,1059.473,19.38,9.143,17.7
P013,1056.587,19.999,9.04,17.8
P013,1053.609,20.614,9.041,17.9
P013,1050.543,21.23,9.038,18.0
P013,1047.386,21.846,9.012,18.1
P013,1044.14,22.458,8.971,18.2
P013,1040.804,23.068,8.941,18.3
P013,1037.378,23.698,10.138,18.4
P013,1033.853,24.4,10.193,18.5
P013,1030.226,25.073,9.537,18.6
P013,1026.505,25.698,8.801,18.7
P013,1022.696,26.274,8.114,18.8
P013,1018.805,26.797,6.929,18.9
P013,1014.844,27.234,6.083,19.0
P013,1010.822,27.639,5.832,19.1
P013,1006.742,28.033,5.754,19.2
P013,1002.605,28.424,5.739,19.3
P013,998.41,28.815,5.735,19.4
P013,994.158,29.206,5.722,19.5
P013,989.849,29.595,5.696,19.6
P013,985.482,29.982,5.664,19.7
P013,981.059,30.367,5.634,19.8
P013,976.58,30.75,5.612,19.9
P013,972.044,31.132,5.599,20.0
P013,967.453,31.513,5.589,20.1
P014,1412.809,36.605,-1.454,0.0
P014,1407.447,36.506,-1.454,0.1
P014,1402.098,36.407,-1.45,0.2
P014,1396.764,36.308,-1.446,0.3
P014,1391.445,36.21,-1.442,0.4
P014,1386.141,36.111,-1.437,0.5
P014,1380.852,36.014,-1.433,0.6
P014,1375.58,35.916,-1.43,0.7
P014,1370.323,35.819,-1.428,0.8
P014,1365.08,35.721,-1.426,0.9
P014,1359.853,35.624,-1.423,1.0
P014,1354.639,35.527,-1.42,1.1
P014,1349.44,35.431,-1.418,1.2
P014,1344.255,35.334,-1.416,1.3
P014,1339.086,35.238,-1.415,1.4
P014,1333.93,35.141,-1.412,1.5
P014,1328.789,35.045,-1.41,1.6
P014,1323.661,34.949,-1.407,1.7
P014,1318.547,34.854,-1.405,1.8
P014,1313.447,34.758,-1.403,1.9
P014,1308.361,34.662,-1.401,2.0
P014,1303.288,34.567,-1.399,2.1
P014,1298.23,34.472,-1.397,2.2
P014,1293.185,34.376,-1.395,2.3
P014,1288.155,34.282,-1.393,2.4
P014,1283.138,34.187,-1.39,2.5
P014,1278.136,34.092,-1.389,2.6
P014,1273.148,33.997,-1.389,2.7
P014,1268.175,33.903,-1.388,2.8
P014,1263.216,33.808,-1.386,2.9
P014,1258.272,33.714,-1.383,3.0
P014,1253.341,33.62,-1.388,3.1
P014,1248.424,33.524,-1.457,3.2
P014,1243.521,33.417,-1.718,3.3
P014,1238.635,33.281,-2.349,3.4
P014,1233.772,33.093,-3.146,3.5
P014,1228.939,32.861,-3.811,3.6
P014,1224.144,32.564,-4.86,3.7
P014,1219.398,32.206,-5.63,3.8
P014,1214.708,31.799,-6.344,3.9
P014,1210.081,31.341,-7.093,4.0
P014,1205.525,30.832,-7.779,4.1
P014,1201.046,30.289,-8.099,4.2
P014,1196.648,29.736,-8.13,4.3
P014,1192.331,29.181,-8.143,4.4
P014,1188.096,28.626,-8.157,4.5
P014,1183.942,28.07,-8.157,4.6
P014,1179.868,27.515,-8.132,4.7
P014,1175.876,26.962,-8.088,4.8
P014,1171.963,26.412,-8.068,4.9
P014,1168.131,25.861,-8.144,5.0
P014,1164.38,25.301,-8.284,5.1
P014,1160.711,24.729,-8.525,5.2
P014,1157.128,24.137,-8.861,5.3
P014,1153.632,23.52,-9.283,5.4
P014,1150.23,22.876,-9.603,5.5
P014,1146.923,22.215,-9.788,5.6
P014,1143.715,21.543,-9.918,5.7
P014,1140.605,20.864,-10.009,5.8
P014,1137.596,20.182,-9.961,5.9
P014,1134.686,19.508,-9.834,6.0
P014,1131.874,18.839,-9.821,6.1
P014,1129.16,18.169,-9.839,6.2
P014,1126.545,17.498,-9.872,6.3
P014,1124.029,16.819,-10.105,6.4
P014,1121.614,16.121,-10.367,6.5
P014,1119.302,15.406,-10.656,6.6
P014,1117.096,14.663,-11.171,6.7
P014,1115.003,13.885,-11.65,6.8
P014,1113.025,13.076,-12.073,6.9
P014,1111.169,12.24,-12.503,7.0
P014,1109.437,11.371,-12.963,7.1
P014,1107.834,10.471,-13.455,7.2
P014,1106.366,9.536,-14.024,7.3
P014,1105.038,8.547,-15.037,7.4
P014,1103.861,7.49,-15.952,7.5
P014,1102.842,6.378,-16.68,7.6
P014,1101.99,5.219,-17.321,7.7
P014,1101.311,4.026,-17.622,7.8
P014,1100.808,2.823,-17.664,7.9
P014,1100.481,1.623,-17.517,8.0
P014,1100.329,0.444,-17.081,8.1
P014,1100.327,0.047,2.027,8.2
P014,1100.347,0.037,0.391,8.3
P014,1100.357,0.009,0.232,8.4
P014,1100.358,0.003,0.146,8.5
P014,1100.356,0.011,0.067,8.6
P014,1100.353,0.011,-0.059,8.7
P014,1100.351,0.005,-0.113,8.8
P014,1100.35,0.002,-0.068,8.9
P014,1100.351,0.004,-0.001,9.0
P014,1100.352,0.003,0.033,9.1
P014,1100.353,0.0,0.033,9.2
P014,1100.353,0.001,0.013,9.3
P014,1100.352,0.001,-0.005,9.4
P014,1100.352,0.001,-0.013,9.5
P014,1100.352,0.0,-0.009,9.6
P014,1100.352,0.0,-0.002,9.7
P014,1100.352,0.0,0.003,9.8
P014,1100.352,0.0,0.004,9.9
P014,1100.352,0.0,0.002,10.0
P014,1100.352,0.0,0.0,10.1
P014,1100.352,0.0,-0.001,10.2
P014,1100.352,0.0,-0.001,10.3
P014,1100.352,0.0,-0.001,10.4
P014,1100.352,0.0,0.0,10.5
P014,1100.352,0.0,0.0,10.6
P014,1100.352,0.0,0.0,10.7
P014,1100.352,0.0,0.0,10.8
P014,1100.352,0.0,0.0,10.9
P014,1100.352,0.0,0.0,11.0
P014,1100.352,0.0,0.0,11.1
P014,1100.352,0.0,0.0,11.2
P014,1100.352,0.0,0.0,11.3
P014,1100.352,0.0,0.0,11.4
P014,1100.352,0.0,0.0,11.5
P014,1100.352,0.0,0.0,11.6
P014,1100.352,0.0,0.0,11.7
P014,1100.352,0.0,0.0,11.8
P014,1100.352,0.0,0.0,11.9
P014,1100.352,0.0,0.0,12.0
P014,1100.352,0.0,0.0,12.1
P014,1100.352,0.001,0.0,12.2
P014,1100.352,0.0,0.0,12.3
P014,1100.352,0.0,0.0,12.4
P014,1100.352,0.0,0.0,12.5
P014,1100.352,0.0,0.0,12.6
P014,1100.352,0.0,0.0,12.7
P014,1100.352,0.0,0.0,12.8
P014,1100.352,0.0,0.0,12.9
P014,1100.352,0.0,0.0,13.0
P014,1100.352,0.0,0.0,13.1
P014,1100.352,0.0,0.0,13.2
P014,1100.352,0.001,0.0,13.3
P014,1100.352,0.0,0.0,13.4
P014,1100.352,0.0,0.0,13.5
P014,1100.352,0.0,0.0,13.6
P014,1100.352,0.001,0.0,13.7
P014,1100.352,0.0,0.0,13.8
P014,1100.352,0.0,0.0,13.9
P014,1100.352,0.0,0.0,14.0
P014,1100.352,0.0,0.0,14.1
P014,1100.352,0.0,0.0,14.2
P014,1100.352,0.001,0.0,14.3
P014,1100.352,0.001,0.0,14.4
P014,1100.352,0.0,0.0,14.5
P014,1100.352,0.0,0.0,14.6
P014,1100.352,0.0,0.0,14.7
P014,1100.352,0.0,0.0,14.8
P014,1100.352,0.0,0.0,14.9
P014,1100.352,0.0,0.0,15.0
P014,1100.352,0.0,0.0,15.1
P014,1100.352,0.003,0.2,15.2
P014,1100.351,0.027,0.691,15.3
P014,1100.344,0.081,0.511,15.4
P014,1100.329,0.144,1.504,15.5
P014,1100.298,0.311,3.583,15.6
P014,1100.229,0.661,6.893,15.7
P014,1100.091,1.259,10.646,15.8
P014,1099.847,2.101,14.019,15.9
P014,1099.463,3.166,17.07,16.0
P014,1098.912,4.378,18.09,16.1
P014,1098.179,5.608,17.902,16.2
P014,1097.269,6.791,16.678,16.3
P014,1096.192,7.881,15.397,16.4
P014,1094.963,8.901,14.605,16.5
P014,1093.588,9.88,14.21,16.6
P014,1092.071,10.846,14.18,16.7
P014,1090.412,11.816,14.276,16.8
P014,1088.609,12.789,14.282,16.9
P014,1086.663,13.813,16.921,17.0
P014,1084.551,15.001,17.457,17.1
P014,1082.265,16.171,16.788,17.2
P014,1079.812,17.276,15.587,17.3
P014,1077.204,18.287,14.061,17.4
P014,1074.457,19.165,11.074,17.5
P014,1071.597,19.853,9.506,17.6
P014,1068.642,20.486,9.129,17.7
P014,1065.593,21.103,9.008,17.8
P014,1062.454,21.715,8.975,17.9
P014,1059.227,22.326,8.953,18.0
P014,1055.909,22.974,10.225,18.1
P014,1052.49,23.666,9.926,18.2
P014,1048.973,24.32,9.244,18.3
P014,1045.363,24.925,8.539,18.4
P014,1041.668,25.485,7.912,18.5
P014,1037.894,25.986,6.634,18.6
P014,1034.053,26.412,5.984,18.7
P014,1030.153,26.811,5.761,18.8
P014,1026.196,27.2,5.683,18.9
P014,1022.182,27.586,5.653,19.0
P014,1018.113,27.97,5.598,19.1
P014,1013.988,28.349,5.532,19.2
P014,1009.808,28.724,5.475,19.3
P014,1005.573,29.095,5.426,19.4
P014,1001.284,29.464,5.388,19.5
P014,996.941,29.83,5.358,19.6
P014,992.544,30.194,5.342,19.7
P014,988.093,30.558,5.333,19.8
P014,983.589,30.921,5.327,19.9
P014,979.031,31.298,5.772,20.0
P014,974.415,31.689,5.647,20.1
P014,969.743,32.064,5.362,20.2
P015,1413.131,17.511,0.253,0.0
P015,1410.562,17.528,0.245,0.1
P015,1407.992,17.545,0.236,0.2
P015,1405.419,17.561,0.233,0.3
P015,1402.843,17.576,0.228,0.4
P015,1400.266,17.591,0.209,0.5
P015,1397.686,17.605,0.198,0.6
P015,1395.104,17.618,0.191,0.7
P015,1392.521,17.631,0.19,0.8
P015,1389.935,17.644,0.192,0.9
P015,1387.348,17.657,0.194,1.0
P015,1384.758,17.671,0.201,1.1
P015,1382.167,17.685,0.209,1.2
P015,1379.573,17.699,0.213,1.3
P015,1376.978,17.714,0.207,1.4
P015,1374.38,17.728,0.2,1.5
P015,1371.781,17.741,0.193,1.6
P015,1369.179,17.754,0.19,1.7
P015,1366.576,17.767,0.199,1.8
P015,1363.971,17.782,0.255,1.9
P015,1361.363,17.803,0.339,2.0
P015,1358.752,17.824,0.251,2.1
P015,1356.139,17.835,0.08,2.2
P015,1353.525,17.835,-0.082,2.3
P015,1350.911,17.824,-0.265,2.4
P015,1348.301,17.798,-0.507,2.5
P015,1345.695,17.752,-0.839,2.6
P015,1343.098,17.685,-1.106,2.7
P015,1340.512,17.605,-1.226,2.8
P015,1337.937,17.52,-1.255,2.9
P015,1335.375,17.434,-1.258,3.0
P015,1332.826,17.349,-1.254,3.1
P015,1330.289,17.263,-1.249,3.2
P015,1327.765,17.178,-1.246,3.3
P015,1325.253,17.094,-1.244,3.4
P015,1322.753,17.009,-1.241,3.5
P015,1320.266,16.924,-1.238,3.6
P015,1317.792,16.84,-1.234,3.7
P015,1315.33,16.756,-1.23,3.8
P015,1312.88,16.673,-1.227,3.9
P015,1310.443,16.589,-1.223,4.0
P015,1308.018,16.506,-1.22,4.1
P015,1305.604,16.423,-1.217,4.2
P015,1303.204,16.34,-1.214,4.3
P015,1300.815,16.257,-1.21,4.4
P015,1298.438,16.175,-1.207,4.5
P015,1296.074,16.093,-1.203,4.6
P015,1293.721,16.011,-1.2,4.7
P015,1291.381,15.929,-1.197,4.8
P015,1289.052,15.848,-1.194,4.9
P015,1286.736,15.767,-1.19,5.0
P015,1284.431,15.686,-1.187,5.1
P015,1282.138,15.605,-1.184,5.2
P015,1279.857,15.524,-1.181,5.3
P015,1277.587,15.444,-1.177,5.4
P015,1275.329,15.364,-1.174,5.5
P015,1273.083,15.284,-1.171,5.6
P015,1270.848,15.204,-1.168,5.7
P015,1268.626,15.125,-1.165,5.8
P015,1266.414,15.046,-1.161,5.9
P015,1264.215,14.967,-1.158,6.0
P015,1262.027,14.888,-1.155,6.1
P015,1259.851,14.809,-1.152,6.2
P015,1257.686,14.731,-1.149,6.3
P015,1255.532,14.653,-1.146,6.4
P015,1253.39,14.575,-1.143,6.5
P015,1251.259,14.497,-1.14,6.6
P015,1249.14,14.419,-1.137,6.7
P015,1247.032,14.342,-1.134,6.8
P015,1244.935,14.265,-1.131,6.9
P015,1242.849,14.188,-1.128,7.0
P015,1240.774,14.111,-1.125,7.1
P015,1238.711,14.035,-1.121,7.2
P015,1236.659,13.958,-1.119,7.3
P015,1234.618,13.882,-1.116,7.4
P015,1232.588,13.806,-1.112,7.5
P015,1230.57,13.731,-1.11,7.6
P015,1228.562,13.655,-1.107,7.7
P015,1226.566,13.58,-1.104,7.8
P015,1224.58,13.505,-1.101,7.9
P015,1222.606,13.43,-1.098,8.0
P015,1220.643,13.355,-1.095,8.1
P015,1218.69,13.281,-1.092,8.2
P015,1216.749,13.206,-1.089,8.3
P015,1214.818,13.132,-1.086,8.4
P015,1212.898,13.058,-1.083,8.5
P015,1210.989,12.985,-1.081,8.6
P015,1209.091,12.911,-1.078,8.7
P015,1207.204,12.838,-1.075,8.8
P015,1205.328,12.765,-1.072,8.9
P015,1203.462,12.692,-1.069,9.0
P015,1201.607,12.619,-1.067,9.1
P015,1199.763,12.546,-1.064,9.2
P015,1197.929,12.474,-1.061,9.3
P015,1196.106,12.402,-1.058,9.4
P015,1194.294,12.33,-1.056,9.5
P015,1192.492,12.258,-1.053,9.6
P015,1190.7,12.186,-1.05,9.7
P015,1188.92,12.115,-1.047,9.8
P015,1187.149,12.043,-1.045,9.9
P015,1185.389,11.972,-1.042,10.0
P015,1183.639,11.901,-1.039,10.1
P015,1181.9,11.831,-1.037,10.2
P015,1180.171,11.76,-1.034,10.3
P015,1178.453,11.69,-1.031,10.4
P015,1176.745,11.62,-1.029,10.5
P015,1175.047,11.55,-1.026,10.6
P015,1173.359,11.48,-1.024,10.7
P015,1171.682,11.41,-1.021,10.8
P015,1170.015,11.341,-1.018,10.9
P015,1168.358,11.271,-1.016,11.0
P015,1166.711,11.202,-1.013,11.1
P015,1165.074,11.133,-1.011,11.2
P015,1163.448,11.064,-1.008,11.3
P015,1161.832,10.996,-1.006,11.4
P015,1160.225,10.927,-1.004,11.5
P015,1158.628,10.859,-1.01,11.6
P015,1157.042,10.784,-1.239,11.7
P015,1155.468,10.68,-1.868,11.8
P015,1153.913,10.526,-2.652,11.9
P015,1152.383,10.319,-3.431,12.0
P015,1150.888,10.06,-4.143,12.1
P015,1149.434,9.758,-4.718,12.2
P015,1148.028,9.419,-5.207,12.3
P015,1146.674,9.047,-5.765,12.4
P015,1145.377,8.633,-6.34,12.5
P015,1144.144,8.188,-6.701,12.6
P015,1142.977,7.723,-6.943,12.7
P015,1141.88,7.244,-7.057,12.8
P015,1140.853,6.772,-6.707,12.9
P015,1139.893,6.33,-6.254,13.0
P015,1138.996,5.922,-5.736,13.1
P015,1138.157,5.546,-5.315,13.2
P015,1137.37,5.196,-4.958,13.3
P015,1136.633,4.871,-4.576,13.4
P015,1135.942,4.573,-4.165,13.5
P015,1135.292,4.305,-3.691,13.6
P015,1134.679,4.07,-3.185,13.7
P015,1134.098,3.871,-2.67,13.8
P015,1133.544,3.707,-2.105,13.9
P015,1133.011,3.587,-1.432,14.0
P015,1132.492,3.508,-0.92,14.1
P015,1131.982,3.456,-0.662,14.2
P015,1131.479,3.414,-0.598,14.3
P015,1130.982,3.373,-0.588,14.4
P015,1130.49,3.333,-0.59,14.5
P015,1130.004,3.293,-0.594,14.6
P015,1129.524,3.252,-0.596,14.7
P015,1129.05,3.212,-0.595,14.8
P015,1128.583,3.171,-0.593,14.9
P015,1128.121,3.131,-0.589,15.0
P015,1127.665,3.091,-0.586,15.1
P015,1127.215,3.051,-0.582,15.2
P015,1126.77,3.012,-0.578,15.3
P015,1126.332,2.973,-0.573,15.4
P015,1125.899,2.934,-0.568,15.5
P015,1125.471,2.895,-0.564,15.6
P015,1125.05,2.857,-0.559,15.7
P015,1124.634,2.819,-0.554,15.8
P015,1124.223,2.781,-0.549,15.9
P015,1123.818,2.744,-0.544,16.0
P015,1123.419,2.707,-0.539,16.1
P015,1123.025,2.671,-0.534,16.2
P015,1122.636,2.632,-0.604,16.3
P015,1122.253,2.588,-0.692,16.4
P015,1121.877,2.537,-0.801,16.5
P015,1121.51,2.48,-0.864,16.6
P015,1121.151,2.419,-0.968,16.7
P015,1120.801,2.359,-0.759,16.8
P015,1120.458,2.319,-0.408,16.9
P015,1120.12,2.302,-0.089,17.0
P015,1119.782,2.314,0.562,17.1
P015,1119.438,2.399,2.086,17.2
P015,1119.071,2.626,4.909,17.3
P015,1118.655,3.098,9.007,17.4
P015,1118.148,3.87,13.671,17.5
P015,1117.506,4.916,16.515,17.6
P015,1116.701,6.068,16.953,17.7
P015,1115.727,7.194,16.016,17.8
P015,1114.592,8.254,15.143,17.9
P015,1113.307,9.263,14.526,18.0
P015,1111.877,10.241,14.222,18.1
P015,1110.306,11.207,14.162,18.2
P015,1108.593,12.174,14.211,18.3
P015,1106.738,13.143,14.224,18.4
P015,1104.734,14.254,17.457,18.5
P015,1102.557,15.436,17.068,18.6
P015,1100.21,16.566,16.011,18.7
P015,1097.704,17.606,14.47,18.8
P015,1095.056,18.515,11.978,18.9
P015,1092.291,19.179,7.756,19.0
P015,1089.448,19.598,4.688,19.1
P015,1086.556,19.842,2.674,19.2
P015,1083.636,19.985,1.631,19.3
P015,1080.7,20.076,1.104,19.4
P015,1077.755,20.108,-0.012,19.5
P015,1074.809,20.093,-0.383,19.6
P015,1071.868,20.059,-0.595,19.7
P015,1068.931,20.015,-0.666,19.8
P015,1066.0,19.971,-0.635,19.9
P015,1063.076,19.927,-0.657,20.0
P015,1060.159,19.88,-0.707,20.1
P015,1057.249,19.831,-0.73,20.2
P015,1054.347,19.781,-0.734,20.3
P015,1051.452,19.731,-0.739,20.4
P015,1048.564,19.681,-0.718,20.5
P015,1045.684,19.633,-0.696,20.6
P015,1042.81,19.586,-0.693,20.7
P015,1039.943,19.539,-0.702,20.8
P015,1037.083,19.49,-0.714,20.9
P015,1034.23,19.442,-0.714,21.0
P015,1031.384,19.394,-0.691,21.1
P015,1028.545,19.348,-0.629,21.2
P015,1025.713,19.308,-0.553,21.3
P015,1022.886,19.273,-0.485,21.4
P015,1020.064,19.242,-0.421,21.5
P015,1017.246,19.216,-0.353,21.6
P015,1014.432,19.194,-0.283,21.7
P015,1011.62,19.178,-0.178,21.8
P015,1008.81,19.172,0.054,21.9
P015,1005.999,19.191,0.535,22.0
P015,1003.183,19.247,1.087,22.1
P015,1000.356,19.334,1.428,22.2
P015,997.515,19.436,1.538,22.3
P015,994.659,19.541,1.526,22.4
P015,991.787,19.643,1.464,22.5
P015,988.901,19.743,1.476,22.6
P015,985.999,19.845,1.519,22.7
P015,983.083,19.948,1.509,22.8
P015,980.151,20.05,1.466,22.9
P015,977.205,20.148,1.437,23.0
P015,974.244,20.248,1.508,23.1
P015,971.269,20.354,1.611,23.2
P015,968.277,20.467,1.678,23.3
P016,1412.237,39.024,-1.503,0.0
P016,1406.525,38.922,-1.501,0.1
P016,1400.828,38.819,-1.499,0.2
P016,1395.145,38.717,-1.496,0.3
P016,1389.478,38.615,-1.494,0.4
P016,1383.825,38.514,-1.491,0.5
P016,1378.188,38.412,-1.489,0.6
P016,1372.565,38.311,-1.486,0.7
P016,1366.957,38.21,-1.484,0.8
P016,1361.364,38.106,-1.657,0.9
P016,1355.788,37.967,-2.477,1.0
P016,1350.237,37.765,-3.448,1.1
P016,1344.719,37.5,-4.333,1.2
P016,1339.244,37.178,-5.088,1.3
P016,1333.821,36.807,-5.839,1.4
P016,1328.456,36.376,-6.773,1.5
P016,1323.159,35.889,-7.458,1.6
P016,1317.936,35.367,-7.837,1.7
P016,1312.792,34.825,-8.046,1.8
P016,1307.728,34.271,-8.216,1.9
P016,1302.747,33.704,-8.459,2.0
P016,1297.85,33.12,-8.483,2.1
P016,1293.039,32.526,-8.963,2.2
P016,1288.317,31.903,-9.295,2.3
P016,1283.688,31.259,-9.601,2.4
P016,1279.154,30.597,-9.84,2.5
P016,1274.719,29.92,-9.996,2.6
P016,1270.383,29.239,-9.964,2.7
P016,1266.147,28.561,-9.947,2.8
P016,1262.01,27.883,-9.974,2.9
P016,1257.973,27.202,-10.006,3.0
P016,1254.035,26.519,-10.031,3.1
P016,1250.198,25.835,-10.049,3.2
P016,1246.461,25.15,-10.056,3.3
P016,1242.824,24.465,-10.059,3.4
P016,1239.289,23.78,-10.088,3.5
P016,1235.854,23.085,-10.276,3.6
P016,1232.521,22.381,-10.392,3.7
P016,1229.293,21.669,-10.487,3.8
P016,1226.169,20.952,-10.557,3.9
P016,1223.15,20.231,-10.578,4.0
P016,1220.237,19.519,-10.351,4.1
P016,1217.428,18.816,-10.312,4.2
P016,1214.721,18.112,-10.352,4.3
P016,1212.118,17.406,-10.374,4.4
P016,1209.618,16.699,-10.343,4.5
P016,1207.222,15.997,-10.284,4.6
P016,1204.928,15.298,-10.235,4.7
P016,1202.737,14.601,-10.206,4.8
P016,1200.648,13.91,-10.055,4.9
P016,1198.659,13.234,-9.782,5.0
P016,1196.768,12.579,-9.429,5.1
P016,1194.971,11.955,-8.79,5.2
P016,1193.263,11.378,-8.182,5.3
P016,1191.636,10.836,-7.74,5.4
P016,1190.086,10.324,-7.266,5.5
P016,1188.609,9.858,-6.315,5.6
P016,1187.195,9.468,-5.151,5.7
P016,1185.832,9.154,-4.117,5.8
P016,1184.511,8.901,-3.337,5.9
P016,1183.223,8.708,-2.273,6.0
P016,1181.957,8.583,-1.53,6.1
P016,1180.707,8.487,-1.351,6.2
P016,1179.47,8.396,-1.31,6.3
P016,1178.245,8.308,-1.288,6.4
P016,1177.034,8.219,-1.326,6.5
P016,1175.836,8.126,-1.369,6.6
P016,1174.651,8.04,-1.139,6.7
P016,1173.478,7.969,-0.962,6.8
P016,1172.314,7.907,-0.856,6.9
P016,1171.159,7.852,-0.754,7.0
P016,1170.012,7.806,-0.591,7.1
P016,1168.87,7.774,-0.315,7.2
P016,1167.731,7.782,0.64,7.3
P016,1166.585,7.871,2.111,7.4
P016,1165.417,8.087,4.288,7.5
P016,1164.206,8.452,6.372,7.6
P016,1162.932,8.944,7.991,7.7
P016,1161.578,9.535,9.325,7.8
P016,1160.131,10.211,10.467,7.9
P016,1158.581,10.945,10.965,8.0
P016,1156.921,11.693,10.942,8.1
P016,1155.153,12.431,10.701,8.2
P016,1153.278,13.15,10.396,8.3
P016,1151.299,13.848,10.085,8.4
P016,1149.219,14.525,9.79,8.5
P016,1147.042,15.177,9.242,8.6
P016,1144.773,15.771,8.113,8.7
P016,1142.424,16.266,6.37,8.8
P016,1140.013,16.601,3.43,8.9
P016,1137.567,16.759,1.408,9.0
P016,1135.107,16.818,0.444,9.1
P016,1132.64,16.831,-0.014,9.2
P016,1130.174,16.82,-0.426,9.3
P016,1127.711,16.775,-0.898,9.4
P016,1125.258,16.704,-1.12,9.5
P016,1122.816,16.625,-1.191,9.6
P016,1120.384,16.543,-1.218,9.7
P016,1117.965,16.46,-1.226,9.8
P016,1115.558,16.376,-1.221,9.9
P016,1113.164,16.293,-1.213,10.0
P016,1110.781,16.211,-1.206,10.1
P016,1108.411,16.129,-1.202,10.2
P016,1106.053,16.047,-1.201,10.3
P016,1103.706,15.965,-1.199,10.4
P016,1101.372,15.884,-1.196,10.5
P016,1099.05,15.802,-1.192,10.6
P016,1096.74,15.721,-1.189,10.7
P016,1094.444,15.64,-1.186,10.8
P016,1092.159,15.56,-1.182,10.9
P016,1089.885,15.479,-1.178,11.0
P016,1087.623,15.399,-1.176,11.1
P016,1085.371,15.319,-1.173,11.2
P016,1083.131,15.239,-1.17,11.3
P016,1080.903,15.16,-1.167,11.4
P016,1078.686,15.08,-1.164,11.5
P016,1076.48,14.992,-1.658,11.6
P016,1074.293,14.825,-3.323,11.7
P016,1072.137,14.541,-4.994,11.8
P016,1070.029,14.152,-6.337,11.9
P016,1067.985,13.69,-7.141,12.0
P016,1066.014,13.185,-7.692,12.1
P016,1064.12,12.635,-8.505,12.2
P016,1062.311,12.02,-9.544,12.3
P016,1060.597,11.341,-10.301,12.4
P016,1058.985,10.622,-10.799,12.5
P016,1057.481,9.87,-11.272,12.6
P016,1056.09,9.085,-11.817,12.7
P016,1054.818,8.26,-12.368,12.8
P016,1053.669,7.402,-12.795,12.9
P016,1052.648,6.519,-13.119,13.0
P016,1051.757,5.618,-13.296,13.1
P016,1051.0,4.709,-13.345,13.2
P016,1050.375,3.802,-13.292,13.3
P016,1049.884,2.895,-13.308,13.4
P016,1049.526,1.99,-13.233,13.5
P016,1049.299,1.096,-12.974,13.6
P016,1049.202,0.233,-12.228,13.7
P016,1049.207,0.029,0.798,13.8
P016,1049.222,0.031,0.385,13.9
P016,1049.229,0.007,0.214,14.0
P016,1049.229,0.005,0.143,14.1
P016,1049.227,0.011,0.041,14.2
P016,1049.224,0.01,-0.074,14.3
P016,1049.223,0.003,-0.104,14.4
P016,1049.223,0.003,-0.052,14.5
P016,1049.221,0.047,1.645,14.6
P016,1049.197,0.35,7.866,14.7
P016,1049.092,1.154,15.541,14.8
P016,1048.837,2.374,19.422,14.9
P016,1048.39,3.741,20.279,15.0
P016,1047.742,5.085,19.177,15.1
P016,1046.901,6.357,18.027,15.2
P016,1045.88,7.533,16.546,15.3
P016,1044.696,8.62,15.401,15.4
P016,1043.358,9.643,14.733,15.5
P016,1041.872,10.638,14.528,15.6
P016,1040.242,11.629,14.584,15.7
P016,1038.465,12.626,14.676,15.8
P016,1036.542,13.627,14.692,15.9
P016,1034.472,14.628,14.684,16.0
P016,1032.256,15.628,14.675,16.1
P016,1029.893,16.626,14.61,16.2
P016,1027.385,17.615,14.389,16.3
P016,1024.733,18.588,14.162,16.4
P016,1021.94,19.546,13.97,16.5
P016,1019.007,20.492,13.809,16.6
P016,1015.937,21.429,13.683,16.7
P016,1012.729,22.372,15.861,16.8
P016,1009.363,23.622,19.203,16.9
P016,1005.805,24.921,18.848,17.0
P016,1002.06,26.181,18.06,17.1
P016,998.135,27.371,16.765,17.2
P016,994.043,28.446,13.77,17.3
P016,989.814,29.248,10.422,17.4
P016,985.481,29.894,8.582,17.5
P016,981.062,30.42,6.838,17.6
P016,976.573,30.827,5.147,17.7
P016,972.034,31.126,3.401,17.8
P016,967.462,31.292,1.755,17.9
P017,1413.26,31.013,-0.555,0.0
P017,1408.717,30.974,-0.595,0.1
P017,1404.18,30.931,-0.67,0.2
P017,1399.649,30.881,-0.785,0.3
P017,1395.127,30.823,-0.951,0.4
P017,1390.614,30.751,-1.159,0.5
P017,1386.113,30.667,-1.298,0.6
P017,1381.624,30.576,-1.348,0.7
P017,1377.149,30.484,-1.359,0.8
P017,1372.688,30.391,-1.359,0.9
P017,1368.24,30.298,-1.357,1.0
P017,1363.807,30.206,-1.354,1.1
P017,1359.386,30.114,-1.353,1.2
P017,1354.98,30.022,-1.351,1.3
P017,1350.587,29.93,-1.349,1.4
P017,1346.207,29.838,-1.347,1.5
P017,1341.841,29.746,-1.345,1.6
P017,1337.488,29.655,-1.342,1.7
P017,1333.149,29.563,-1.34,1.8
P017,1328.823,29.472,-1.338,1.9
P017,1324.511,29.381,-1.336,2.0
P017,1320.211,29.29,-1.334,2.1
P017,1315.925,29.199,-1.332,2.2
P017,1311.652,29.108,-1.33,2.3
P017,1307.391,29.018,-1.328,2.4
P017,1303.144,28.928,-1.325,2.5
P017,1298.91,28.837,-1.323,2.6
P017,1294.69,28.747,-1.321,2.7
P017,1290.483,28.657,-1.319,2.8
P017,1286.29,28.567,-1.317,2.9
P017,1282.109,28.478,-1.315,3.0
P017,1277.942,28.388,-1.313,3.1
P017,1273.788,28.299,-1.311,3.2
P017,1269.647,28.21,-1.309,3.3
P017,1265.52,28.121,-1.307,3.4
P017,1261.405,28.032,-1.305,3.5
P017,1257.302,27.943,-1.303,3.6
P017,1253.213,27.854,-1.301,3.7
P017,1249.136,27.765,-1.299,3.8
P017,1245.071,27.677,-1.297,3.9
P017,1241.02,27.589,-1.295,4.0
P017,1236.981,27.5,-1.293,4.1
P017,1232.956,27.412,-1.291,4.2
P017,1228.944,27.325,-1.288,4.3
P017,1224.945,27.237,-1.286,4.4
P017,1220.959,27.149,-1.284,4.5
P017,1216.986,27.062,-1.282,4.6
P017,1213.026,26.974,-1.281,4.7
P017,1209.079,26.887,-1.279,4.8
P017,1205.144,26.8,-1.277,4.9
P017,1201.222,26.713,-1.275,5.0
P017,1197.313,26.626,-1.273,5.1
P017,1193.417,26.54,-1.271,5.2
P017,1189.533,26.453,-1.269,5.3
P017,1185.662,26.367,-1.267,5.4
P017,1181.804,26.281,-1.265,5.5
P017,1177.958,26.194,-1.263,5.6
P017,1174.125,26.108,-1.262,5.7
P017,1170.304,26.023,-1.26,5.8
P017,1166.495,25.937,-1.257,5.9
P017,1162.7,25.851,-1.256,6.0
P017,1158.917,25.766,-1.254,6.1
P017,1155.147,25.68,-1.252,6.2
P017,1151.39,25.595,-1.25,6.3
P017,1147.645,25.51,-1.248,6.4
P017,1143.912,25.425,-1.246,6.5
P017,1140.191,25.34,-1.245,6.6
P017,1136.483,25.255,-1.243,6.7
P017,1132.787,25.171,-1.241,6.8
P017,1129.104,25.082,-1.546,6.9
P017,1125.438,24.919,-3.598,7.0
P017,1121.807,24.561,-7.367,7.1
P017,1118.251,23.821,-14.282,7.2
P017,1114.831,22.65,-19.891,7.3
P017,1111.611,21.107,-24.911,7.4
P017,1108.643,19.309,-27.58,7.5
P017,1105.953,17.372,-29.197,7.6
P017,1103.554,15.336,-30.513,7.7
P017,1101.457,13.215,-31.67,7.8
P017,1099.677,11.024,-32.618,7.9
P017,1098.224,8.78,-33.064,8.0
P017,1097.101,6.551,-32.384,8.1
P017,1096.295,4.56,-25.824,8.2
P017,1095.757,2.896,-23.507,8.3
P017,1095.455,1.319,-22.973,8.4
P017,1095.378,0.207,-16.928,8.5
P017,1095.422,0.094,3.617,8.6
P017,1095.428,0.028,0.062,8.7
P017,1095.427,0.042,-0.282,8.8
P017,1095.422,0.029,-0.101,8.9
P017,1095.417,0.021,-0.128,9.0
P017,1095.414,0.011,-0.157,9.1
P017,1095.413,0.002,-0.108,9.2
P017,1095.413,0.003,-0.025,9.3
P017,1095.415,0.003,0.025,9.4
P017,1095.415,0.001,0.034,9.5
P017,1095.415,0.001,0.017,9.6
P017,1095.415,0.002,-0.003,9.7
P017,1095.414,0.001,-0.013,9.8
P017,1095.414,0.0,-0.011,9.9
P017,1095.414,0.0,-0.004,10.0
P017,1095.414,0.0,0.002,10.1
P017,1095.414,0.0,0.004,10.2
P017,1095.414,0.0,0.003,10.3
P017,1095.414,0.0,0.001,10.4
P017,1095.414,0.0,-0.001,10.5
P017,1095.414,0.0,-0.001,10.6
P017,1095.414,0.0,-0.001,10.7
P017,1095.414,0.0,0.0,10.8
P017,1095.414,0.0,0.0,10.9
P017,1095.414,0.0,0.0,11.0
P017,1095.414,0.0,0.0,11.1
P017,1095.414,0.0,0.0,11.2
P017,1095.414,0.0,0.0,11.3
P017,1095.414,0.0,0.0,11.4
P017,1095.414,0.0,0.0,11.5
P017,1095.414,0.0,0.0,11.6
P017,1095.414,0.0,0.0,11.7
P017,1095.414,0.0,0.0,11.8
P017,1095.414,0.0,0.0,11.9
P017,1095.414,0.0,0.0,12.0
P017,1095.414,0.0,0.0,12.1
P017,1095.414,0.0,0.0,12.2
P017,1095.414,0.0,0.0,12.3
P017,1095.414,0.0,0.0,12.4
P017,1095.414,0.0,0.0,12.5
P017,1095.414,0.0,0.0,12.6
P017,1095.414,0.0,0.0,12.7
P017,1095.414,0.0,0.0,12.8
P017,1095.414,0.0,0.0,12.9
P017,1095.414,0.0,0.0,13.0
P017,1095.414,0.0,0.0,13.1
P017,1095.414,0.0,0.0,13.2
P017,1095.414,0.0,0.0,13.3
P017,1095.414,0.0,0.0,13.4
P017,1095.414,0.0,0.0,13.5
P017,1095.414,0.0,0.0,13.6
P017,1095.414,0.0,0.0,13.7
P017,1095.414,0.0,0.0,13.8
P017,1095.414,0.0,0.0,13.9
P017,1095.414,0.0,0.0,14.0
P017,1095.414,0.0,0.0,14.1
P017,1095.414,0.001,0.0,14.2
P017,1095.414,0.001,0.0,14.3
P017,1095.414,0.0,0.0,14.4
P017,1095.414,0.0,0.0,14.5
P017,1095.414,0.0,0.0,14.6
P017,1095.414,0.002,0.042,14.7
P017,1095.413,0.009,0.192,14.8
P017,1095.41,0.044,0.987,14.9
P017,1095.4,0.083,0.469,15.0
P017,1095.385,0.12,0.602,15.1
P017,1095.365,0.162,0.619,15.2
P017,1095.338,0.204,0.6,15.3
P017,1095.305,0.244,0.572,15.4
P017,1095.266,0.282,0.543,15.5
P017,1095.222,0.318,0.516,15.6
P017,1095.173,0.352,0.49,15.7
P017,1095.119,0.385,0.467,15.8
P017,1095.06,0.416,0.444,15.9
P017,1094.997,0.445,0.423,16.0
P017,1094.93,0.474,0.403,16.1
P017,1094.858,0.5,0.385,16.2
P017,1094.783,0.526,0.37,16.3
P017,1094.704,0.551,0.363,16.4
P017,1094.621,0.576,0.363,16.5
P017,1094.535,0.6,0.303,16.6
P017,1094.446,0.618,0.281,16.7
P017,1094.353,0.643,0.453,16.8
P017,1094.256,0.692,1.141,16.9
P017,1094.146,0.818,2.719,17.0
P017,1094.009,1.087,5.396,17.1
P017,1093.816,1.581,9.177,17.2
P017,1093.53,2.353,13.683,17.3
P017,1093.109,3.438,17.588,17.4
P017,1092.515,4.667,18.205,17.5
P017,1091.739,5.903,17.887,17.6
P017,1090.785,7.076,16.47,17.7
P017,1089.666,8.156,15.304,17.8
P017,1088.394,9.17,14.523,17.9
P017,1086.978,10.144,14.161,18.0
P017,1085.421,11.107,14.099,18.1
P017,1083.723,12.068,14.1,18.2
P017,1081.879,13.12,16.824,18.3
P017,1079.871,14.265,16.567,18.4
P017,1077.697,15.365,15.644,18.5
P017,1075.369,16.388,14.362,18.6
P017,1072.897,17.315,12.769,18.7
P017,1070.301,18.07,9.287,18.8
P017,1067.611,18.644,8.161,18.9
P017,1064.838,19.185,7.567,19.0
P017,1061.989,19.671,6.705,19.1
P017,1059.073,20.102,6.016,19.2
P017,1056.099,20.497,5.635,19.3
P017,1053.068,20.871,5.167,19.4
P017,1049.986,21.206,4.794,19.5
P017,1046.854,21.537,5.0,19.6
P017,1043.672,21.896,5.57,19.7
P017,1040.434,22.295,6.052,19.8
P017,1037.136,22.714,6.234,19.9
P017,1033.776,23.141,6.265,20.0
P017,1030.353,23.566,6.218,20.1
P017,1026.868,23.987,6.137,20.2
P017,1023.321,24.402,6.047,20.3
P017,1019.714,24.812,5.962,20.4
P017,1016.048,25.215,5.874,20.5
P017,1012.323,25.609,5.69,20.6
P017,1008.541,25.99,5.494,20.7
P017,1004.704,26.362,5.455,20.8
P017,1000.812,26.737,5.583,20.9
P017,996.865,27.121,5.668,21.0
P017,992.861,27.508,5.696,21.1
P017,988.8,27.897,5.701,21.2
P017,984.683,28.285,5.694,21.3
P017,980.508,28.672,5.667,21.4
P017,976.277,29.057,5.614,21.5
P017,971.99,29.432,5.371,21.6
P017,967.65,29.788,5.173,21.7
P018,1411.41,29.715,-1.344,0.0
P018,1407.061,29.624,-1.342,0.1
P018,1402.726,29.532,-1.34,0.2
P018,1398.404,29.441,-1.337,0.3
P018,1394.095,29.35,-1.335,0.4
P018,1389.8,29.259,-1.333,0.5
P018,1385.518,29.168,-1.331,0.6
P018,1381.25,29.078,-1.329,0.7
P018,1376.994,28.987,-1.327,0.8
P018,1372.752,28.897,-1.325,0.9
P018,1368.523,28.807,-1.323,1.0
P018,1364.308,28.717,-1.32,1.1
P018,1360.105,28.627,-1.318,1.2
P018,1355.916,28.537,-1.316,1.3
P018,1351.74,28.447,-1.315,1.4
P018,1347.576,28.358,-1.313,1.5
P018,1343.425,28.268,-1.31,1.6
P018,1339.288,28.179,-1.308,1.7
P018,1335.165,28.09,-1.306,1.8
P018,1331.054,28.001,-1.304,1.9
P018,1326.956,27.912,-1.302,2.0
P018,1322.871,27.824,-1.3,2.1
P018,1318.8,27.735,-1.298,2.2
P018,1314.741,27.647,-1.296,2.3
P018,1310.695,27.559,-1.294,2.4
P018,1306.662,27.471,-1.292,2.5
P018,1302.642,27.383,-1.29,2.6
P018,1298.635,27.295,-1.288,2.7
P018,1294.641,27.207,-1.286,2.8
P018,1290.659,27.12,-1.284,2.9
P018,1286.691,27.032,-1.282,3.0
P018,1282.735,26.945,-1.28,3.1
P018,1278.792,26.858,-1.278,3.2
P018,1274.862,26.771,-1.276,3.3
P018,1270.945,26.684,-1.274,3.4
P018,1267.04,26.597,-1.273,3.5
P018,1263.148,26.509,-1.341,3.6
P018,1259.269,26.407,-1.687,3.7
P018,1255.407,26.282,-1.951,3.8
P018,1251.565,26.142,-2.194,3.9
P018,1247.744,25.974,-2.769,4.0
P018,1243.951,25.771,-3.134,4.1
P018,1240.189,25.551,-3.292,4.2
P018,1236.461,25.324,-3.369,4.3
P018,1232.766,25.093,-3.414,4.4
P018,1229.105,24.859,-3.467,4.5
P018,1225.479,24.608,-3.948,4.6
P018,1221.893,24.317,-4.605,4.7
P018,1218.352,23.988,-4.997,4.8
P018,1214.861,23.636,-5.376,4.9
P018,1211.424,23.259,-5.6,5.0
P018,1208.043,22.879,-5.519,5.1
P018,1204.718,22.513,-5.161,5.2
P018,1201.443,22.186,-4.395,5.3
P018,1198.212,21.917,-3.479,5.4
P018,1195.016,21.718,-2.355,5.5
P018,1191.844,21.586,-1.649,5.6
P018,1188.688,21.48,-1.484,5.7
P018,1185.547,21.382,-1.411,5.8
P018,1182.419,21.289,-1.317,5.9
P018,1179.304,21.201,-1.266,6.0
P018,1176.203,21.116,-1.245,6.1
P018,1173.114,21.031,-1.234,6.2
P018,1170.037,20.947,-1.229,6.3
P018,1166.973,20.864,-1.226,6.4
P018,1163.921,20.78,-1.224,6.5
P018,1160.882,20.697,-1.222,6.6
P018,1157.854,20.614,-1.22,6.7
P018,1154.839,20.531,-1.218,6.8
P018,1151.835,20.448,-1.215,6.9
P018,1148.844,20.365,-1.213,7.0
P018,1145.865,20.282,-1.211,7.1
P018,1142.898,20.2,-1.208,7.2
P018,1139.943,20.118,-1.206,7.3
P018,1137.0,20.036,-1.204,7.4
P018,1134.069,19.954,-1.202,7.5
P018,1131.15,19.872,-1.199,7.6
P018,1128.243,19.79,-1.197,7.7
P018,1125.348,19.709,-1.195,7.8
P018,1122.465,19.627,-1.193,7.9
P018,1119.594,19.546,-1.191,8.0
P018,1116.735,19.463,-1.326,8.1
P018,1113.889,19.345,-2.337,8.2
P018,1111.068,19.114,-4.492,8.3
P018,1108.289,18.744,-6.219,8.4
P018,1105.571,18.284,-7.202,8.5
P018,1102.926,17.765,-8.134,8.6
P018,1100.364,17.17,-9.336,8.7
P018,1097.895,16.494,-10.465,8.8
P018,1095.529,15.749,-11.428,8.9
P018,1093.278,14.933,-12.473,9.0
P018,1091.151,14.057,-13.159,9.1
P018,1089.156,13.145,-13.583,9.2
P018,1087.297,12.209,-13.878,9.3
P018,1085.577,11.254,-14.157,9.4
P018,1083.998,10.278,-14.526,9.5
P018,1082.564,9.27,-15.11,9.6
P018,1081.28,8.209,-15.994,9.7
P018,1080.157,7.099,-16.547,9.8
P018,1079.199,5.954,-17.017,9.9
P018,1078.41,4.788,-17.144,10.0
P018,1077.793,3.623,-17.017,10.1
P018,1077.347,2.471,-16.781,10.2
P018,1077.067,1.336,-16.517,10.3
P018,1076.953,0.226,-16.053,10.4
P018,1076.962,0.031,0.469,10.5
P018,1076.98,0.032,0.51,10.6
P018,1076.988,0.006,0.195,10.7
P018,1076.988,0.005,0.14,10.8
P018,1076.986,0.012,0.044,10.9
P018,1076.983,0.01,-0.076,11.0
P018,1076.981,0.003,-0.109,11.1
P018,1076.981,0.003,-0.055,11.2
P018,1076.982,0.004,0.008,11.3
P018,1076.983,0.002,0.035,11.4
P018,1076.983,0.0,0.03,11.5
P018,1076.983,0.001,0.009,11.6
P018,1076.983,0.001,-0.008,11.7
P018,1076.983,0.001,-0.012,11.8
P018,1076.983,0.001,-0.008,11.9
P018,1076.983,0.001,-0.001,12.0
P018,1076.983,0.0,0.004,12.1
P018,1076.983,0.0,0.004,12.2
P018,1076.983,0.0,0.002,12.3
P018,1076.983,0.0,0.0,12.4
P018,1076.983,0.0,-0.001,12.5
P018,1076.983,0.0,-0.001,12.6
P018,1076.983,0.0,0.0,12.7
P018,1076.983,0.0,0.0,12.8
P018,1076.983,0.0,0.001,12.9
P018,1076.983,0.0,0.0,13.0
P018,1076.983,0.0,0.0,13.1
P018,1076.983,0.0,0.0,13.2
P018,1076.983,0.0,0.0,13.3
P018,1076.983,0.0,0.0,13.4
P018,1076.983,0.0,0.0,13.5
P018,1076.983,0.0,0.0,13.6
P018,1076.983,0.0,0.0,13.7
P018,1076.983,0.0,0.0,13.8
P018,1076.983,0.0,0.0,13.9
P018,1076.983,0.0,0.0,14.0
P018,1076.983,0.0,0.0,14.1
P018,1076.983,0.0,0.0,14.2
P018,1076.983,0.0,0.0,14.3
P018,1076.983,0.0,0.0,14.4
P018,1076.983,0.0,0.0,14.5
P018,1076.983,0.0,0.0,14.6
P018,1076.983,0.0,0.0,14.7
P018,1076.983,0.0,0.0,14.8
P018,1076.983,0.0,0.0,14.9
P018,1076.983,0.0,0.0,15.0
P018,1076.983,0.0,0.0,15.1
P018,1076.983,0.0,0.0,15.2
P018,1076.983,0.0,0.0,15.3
P018,1076.983,0.0,0.0,15.4
P018,1076.983,0.0,0.0,15.5
P018,1076.983,0.0,0.0,15.6
P018,1076.983,0.0,0.0,15.7
P018,1076.983,0.0,0.0,15.8
P018,1076.983,0.0,0.0,15.9
P018,1076.983,0.0,0.0,16.0
P018,1076.983,0.0,0.0,16.1
P018,1076.983,0.0,0.0,16.2
P018,1076.983,0.0,0.0,16.3
P018,1076.983,0.0,0.0,16.4
P018,1076.983,0.0,0.0,16.5
P018,1076.983,0.0,0.0,16.6
P018,1076.983,0.0,0.0,16.7
P018,1076.983,0.0,0.0,16.8
P018,1076.983,0.0,0.0,16.9
P018,1076.983,0.0,0.0,17.0
P018,1076.983,0.0,0.0,17.1
P018,1076.983,0.0,0.0,17.2
P018,1076.983,0.0,0.0,17.3
P018,1076.983,0.0,0.0,17.4
P018,1076.983,0.0,0.0,17.5
P018,1076.983,0.0,0.0,17.6
P018,1076.983,0.0,0.0,17.7
P018,1076.983,0.0,0.0,17.8
P018,1076.983,0.0,0.0,17.9
P018,1076.983,0.0,0.0,18.0
P018,1076.983,0.0,0.0,18.1
P018,1076.983,0.0,0.0,18.2
P018,1076.983,0.0,0.0,18.3
P018,1076.983,0.0,0.0,18.4
P018,1076.983,0.0,0.0,18.5
P018,1076.983,0.0,0.0,18.6
P018,1076.983,0.0,0.0,18.7
P018,1076.983,0.0,0.0,18.8
P018,1076.983,0.0,0.0,18.9
P018,1076.983,0.0,0.0,19.0
P018,1076.983,0.0,0.0,19.1
P018,1076.983,0.0,0.0,19.2
P018,1076.983,0.0,0.0,19.3
P018,1076.983,0.0,0.0,19.4
P018,1076.983,0.0,0.0,19.5
P018,1076.983,0.0,0.0,19.6
P018,1076.983,0.0,0.0,19.7
P018,1076.983,0.0,0.0,19.8
P018,1076.983,0.0,0.0,19.9
P018,1076.983,0.0,0.0,20.0
P018,1076.983,0.0,0.0,20.1
P018,1076.983,0.0,0.0,20.2
P018,1076.983,0.0,0.0,20.3
P018,1076.983,0.0,0.0,20.4
P018,1076.983,0.0,0.0,20.5
P018,1076.983,0.0,0.0,20.6
P018,1076.983,0.0,0.0,20.7
P018,1076.983,0.0,0.0,20.8
P018,1076.983,0.0,0.0,20.9
P018,1076.983,0.0,0.0,21.0
P018,1076.983,0.0,0.0,21.1
P018,1076.983,0.0,0.0,21.2
P018,1076.983,0.0,0.0,21.3
P018,1076.983,0.0,0.0,21.4
P018,1076.983,0.0,0.0,21.5
P018,1076.983,0.0,0.0,21.6
P018,1076.983,0.0,0.0,21.7
P018,1076.983,0.0,0.0,21.8
P018,1076.983,0.0,0.0,21.9
P018,1076.983,0.0,0.0,22.0
P018,1076.983,0.0,0.0,22.1
P018,1076.983,0.0,0.0,22.2
P018,1076.983,0.0,0.0,22.3
P018,1076.983,0.0,0.0,22.4
P018,1076.983,0.0,0.0,22.5
P018,1076.983,0.0,0.0,22.6
P018,1076.983,0.0,0.0,22.7
P018,1076.983,0.0,0.0,22.8
P018,1076.983,0.0,0.0,22.9
P018,1076.983,0.0,0.0,23.0
P018,1076.983,0.0,0.0,23.1
P018,1076.983,0.0,0.0,23.2
P018,1076.983,0.0,0.0,23.3
P018,1076.983,0.0,0.0,23.4
P018,1076.983,0.0,0.0,23.5
P018,1076.983,0.0,0.0,23.6
P018,1076.983,0.0,0.0,23.7
P018,1076.983,0.0,0.0,23.8
P018,1076.983,0.0,0.0,23.9
P018,1076.983,0.007,0.2,24.0
P018,1076.981,0.041,0.888,24.1
P018,1076.972,0.085,0.428,24.2
P018,1076.957,0.121,0.59,24.3
P018,1076.936,0.162,0.612,24.4
P018,1076.909,0.204,0.597,24.5
P018,1076.876,0.244,0.572,24.6
P018,1076.838,0.282,0.544,24.7
P018,1076.794,0.318,0.517,24.8
P018,1076.745,0.352,0.491,24.9
P018,1076.691,0.385,0.466,25.0
P018,1076.632,0.416,0.444,25.1
P018,1076.569,0.445,0.423,25.2
P018,1076.502,0.473,0.403,25.3
P018,1076.431,0.5,0.385,25.4
P018,1076.355,0.526,0.367,25.5
P018,1076.276,0.55,0.35,25.6
P018,1076.194,0.573,0.334,25.7
P018,1076.108,0.596,0.319,25.8
P018,1076.02,0.617,0.306,25.9
P018,1075.928,0.637,0.293,26.0
P018,1075.833,0.657,0.282,26.1
P018,1075.735,0.676,0.271,26.2
P018,1075.635,0.694,0.262,26.3
P018,1075.532,0.712,0.252,26.4
P018,1075.426,0.728,0.244,26.5
P018,1075.318,0.745,0.236,26.6
P018,1075.208,0.761,0.229,26.7
P018,1075.095,0.776,0.221,26.8
P018,1074.98,0.791,0.214,26.9
P018,1074.863,0.805,0.207,27.0
P018,1074.744,0.819,0.203,27.1
P018,1074.623,0.833,0.212,27.2
P018,1074.5,0.848,0.228,27.3
P018,1074.375,0.859,0.128,27.4
P018,1074.248,0.869,0.19,27.5
P018,1074.119,0.888,0.38,27.6
P018,1073.987,0.933,1.086,27.7
P018,1073.842,1.059,2.816,27.8
P018,1073.667,1.351,6.032,27.9
P018,1073.432,1.904,10.294,28.0
P018,1073.093,2.766,15.057,28.1
P018,1072.606,3.907,17.754,28.2
P018,1071.944,5.131,18.061,28.3
P018,1071.101,6.345,17.315,28.4
P018,1070.086,7.476,15.959,28.5
P018,1068.911,8.529,14.99,28.6
P018,1067.587,9.528,14.386,28.7
P018,1066.12,10.5,14.232,28.8
P018,1064.511,11.471,14.301,28.9
P018,1062.759,12.45,14.402,29.0
P018,1060.862,13.433,14.426,29.1
P018,1058.821,14.44,16.519,29.2
P018,1056.618,15.638,17.833,29.3
P018,1054.237,16.837,17.274,29.4
P018,1051.684,17.979,16.161,29.5
P018,1048.971,19.029,14.611,29.6
P018,1046.113,19.952,11.704,29.7
P018,1043.136,20.662,9.673,29.8
P018,1040.061,21.303,9.226,29.9
P018,1036.893,21.927,9.1,30.0
P018,1033.633,22.546,9.091,30.1
P018,1030.283,23.166,9.095,30.2
P018,1026.843,23.785,9.072,30.3
P018,1023.312,24.401,9.028,30.4
P018,1019.691,25.015,8.983,30.5
P018,1015.98,25.626,8.947,30.6
P018,1012.179,26.235,8.933,30.7
P018,1008.289,26.843,8.919,30.8
P018,1004.309,27.489,10.578,30.9
P018,1000.226,28.218,10.573,31.0
P018,996.039,28.916,9.865,31.1
P018,991.753,29.559,8.992,31.2
P018,987.378,30.14,8.054,31.3
P018,982.923,30.641,6.419,31.4
P018,978.402,31.048,5.693,31.5
P018,973.823,31.434,5.753,31.6
P018,969.188,31.816,5.399,31.7
P019,1412.047,27.545,-1.294,0.0
P019,1408.016,27.457,-1.292,0.1
P019,1403.999,27.369,-1.29,0.2
P019,1399.994,27.281,-1.288,0.3
P019,1396.002,27.193,-1.286,0.4
P019,1392.023,27.106,-1.284,0.5
P019,1388.057,27.018,-1.282,0.6
P019,1384.103,26.931,-1.28,0.7
P019,1380.163,26.844,-1.278,0.8
P019,1376.235,26.757,-1.276,0.9
P019,1372.32,26.67,-1.274,1.0
P019,1368.417,26.583,-1.272,1.1
P019,1364.527,26.497,-1.27,1.2
P019,1360.65,26.41,-1.268,1.3
P019,1356.786,26.324,-1.266,1.4
P019,1352.934,26.238,-1.265,1.5
P019,1349.094,26.152,-1.263,1.6
P019,1345.266,26.066,-1.261,1.7
P019,1341.451,25.98,-1.259,1.8
P019,1337.649,25.894,-1.257,1.9
P019,1333.859,25.808,-1.255,2.0
P019,1330.082,25.723,-1.253,2.1
P019,1326.317,25.638,-1.251,2.2
P019,1322.565,25.553,-1.249,2.3
P019,1318.825,25.467,-1.247,2.4
P019,1315.098,25.383,-1.245,2.5
P019,1311.384,25.298,-1.244,2.6
P019,1307.682,25.213,-1.242,2.7
P019,1303.992,25.129,-1.24,2.8
P019,1300.315,25.044,-1.238,2.9
P019,1296.65,24.96,-1.236,3.0
P019,1292.998,24.876,-1.234,3.1
P019,1289.358,24.792,-1.233,3.2
P019,1285.73,24.708,-1.231,3.3
P019,1282.115,24.624,-1.229,3.4
P019,1278.512,24.54,-1.227,3.5
P019,1274.921,24.457,-1.225,3.6
P019,1271.343,24.373,-1.224,3.7
P019,1267.778,24.29,-1.222,3.8
P019,1264.224,24.207,-1.22,3.9
P019,1260.683,24.124,-1.218,4.0
P019,1257.154,24.041,-1.217,4.1
P019,1253.637,23.958,-1.215,4.2
P019,1250.132,23.875,-1.213,4.3
P019,1246.639,23.793,-1.211,4.4
P019,1243.159,23.71,-1.21,4.5
P019,1239.69,23.628,-1.208,4.6
P019,1236.234,23.54,-1.351,4.7
P019,1232.791,23.448,-1.335,4.8
P019,1229.361,23.357,-1.327,4.9
P019,1225.945,23.266,-1.348,5.0
P019,1222.542,23.173,-1.37,5.1
P019,1219.152,23.08,-1.37,5.2
P019,1215.776,22.987,-1.362,5.3
P019,1212.414,22.894,-1.355,5.4
P019,1209.065,22.802,-1.352,5.5
P019,1205.73,22.71,-1.355,5.6
P019,1202.408,22.617,-1.368,5.7
P019,1199.1,22.523,-1.401,5.8
P019,1195.806,22.426,-1.437,5.9
P019,1192.525,22.329,-1.395,6.0
P019,1189.259,22.237,-1.319,6.1
P019,1186.006,22.148,-1.28,6.2
P019,1182.765,22.062,-1.265,6.3
P019,1179.538,21.976,-1.258,6.4
P019,1176.322,21.89,-1.255,6.5
P019,1173.12,21.805,-1.253,6.6
P019,1169.93,21.719,-1.251,6.7
P019,1166.753,21.633,-1.392,6.8
P019,1163.591,21.504,-2.511,6.9
P019,1160.453,21.284,-3.949,7.0
P019,1157.353,20.967,-5.356,7.1
P019,1154.307,20.556,-6.629,7.2
P019,1151.327,20.075,-7.436,7.3
P019,1148.422,19.542,-8.28,7.4
P019,1145.601,18.94,-9.398,7.5
P019,1142.872,18.264,-10.373,7.6
P019,1140.247,17.533,-11.05,7.7
P019,1137.732,16.761,-11.598,7.8
P019,1135.333,15.954,-12.083,7.9
P019,1133.056,15.112,-12.639,8.0
P019,1130.904,14.234,-13.097,8.1
P019,1128.883,13.331,-13.401,8.2
P019,1126.996,12.41,-13.619,8.3
P019,1125.245,11.477,-13.757,8.4
P019,1123.631,10.537,-13.808,8.5
P019,1122.156,9.595,-13.858,8.6
P019,1120.818,8.643,-14.115,8.7
P019,1119.622,7.676,-14.233,8.8
P019,1118.568,6.704,-14.279,8.9
P019,1117.656,5.734,-14.148,9.0
P019,1116.886,4.781,-13.799,9.1
P019,1116.253,3.861,-13.168,9.2
P019,1115.752,2.989,-12.4,9.3
P019,1115.376,2.172,-11.575,9.4
P019,1115.115,1.417,-10.571,9.5
P019,1114.959,0.737,-9.348,9.6
P019,1114.896,0.146,-7.995,9.7
P019,1114.901,0.023,0.543,9.8
P019,1114.911,0.023,0.265,9.9
P019,1114.916,0.005,0.181,10.0
P019,1114.916,0.005,0.112,10.1
P019,1114.914,0.009,0.016,10.2
P019,1114.912,0.008,-0.004,10.3
P019,1114.91,0.009,0.354,10.4
P019,1114.906,0.059,0.91,10.5
P019,1114.896,0.091,0.59,10.6
P019,1114.88,0.135,0.683,10.7
P019,1114.857,0.182,0.672,10.8
P019,1114.826,0.226,0.634,10.9
P019,1114.79,0.268,0.591,11.0
P019,1114.748,0.307,0.552,11.1
P019,1114.7,0.344,0.518,11.2
P019,1114.647,0.378,0.488,11.3
P019,1114.589,0.41,0.462,11.4
P019,1114.527,0.441,0.437,11.5
P019,1114.46,0.47,0.414,11.6
P019,1114.389,0.497,0.392,11.7
P019,1114.315,0.523,0.373,11.8
P019,1114.236,0.548,0.355,11.9
P019,1114.154,0.572,0.338,12.0
P019,1114.069,0.594,0.322,12.1
P019,1113.98,0.616,0.308,12.2
P019,1113.888,0.636,0.295,12.3
P019,1113.793,0.656,0.283,12.4
P019,1113.696,0.675,0.273,12.5
P019,1113.596,0.693,0.263,12.6
P019,1113.493,0.711,0.253,12.7
P019,1113.387,0.728,0.245,12.8
P019,1113.279,0.744,0.237,12.9
P019,1113.169,0.76,0.229,13.0
P019,1113.057,0.775,0.222,13.1
P019,1112.942,0.79,0.215,13.2
P019,1112.825,0.804,0.208,13.3
P019,1112.706,0.818,0.201,13.4
P019,1112.585,0.832,0.194,13.5
P019,1112.462,0.845,0.187,13.6
P019,1112.337,0.857,0.18,13.7
P019,1112.211,0.869,0.174,13.8
P019,1112.083,0.881,0.167,13.9
P019,1111.953,0.892,0.161,14.0
P019,1111.821,0.903,0.155,14.1
P019,1111.688,0.913,0.149,14.2
P019,1111.553,0.923,0.143,14.3
P019,1111.417,0.933,0.138,14.4
P019,1111.28,0.942,0.132,14.5
P019,1111.141,0.951,0.127,14.6
P019,1111.001,0.959,0.122,14.7
P019,1110.86,0.967,0.117,14.8
P019,1110.717,0.975,0.113,14.9
P019,1110.574,0.983,0.109,15.0
P019,1110.429,0.99,0.104,15.1
P019,1110.283,0.997,0.1,15.2
P019,1110.137,1.004,0.097,15.3
P019,1109.989,1.01,0.098,15.4
P019,1109.84,1.017,0.103,15.5
P019,1109.691,1.024,0.109,15.6
P019,1109.54,1.032,0.117,15.7
P019,1109.388,1.041,0.129,15.8
P019,1109.235,1.05,0.129,15.9
P019,1109.08,1.053,-0.006,16.0
P019,1108.926,1.052,-0.02,16.1
P019,1108.772,1.052,0.037,16.2
P019,1108.617,1.058,0.16,16.3
P019,1108.461,1.075,0.326,16.4
P019,1108.302,1.103,0.512,16.5
P019,1108.137,1.15,0.916,16.6
P019,1107.962,1.239,1.801,16.7
P019,1107.769,1.412,3.441,16.8
P019,1107.541,1.727,5.934,16.9
P019,1107.252,2.24,9.146,17.0
P019,1106.872,2.962,11.938,17.1
P019,1106.375,3.842,13.73,17.2
P019,1105.741,4.814,14.664,17.3
P019,1104.961,5.818,14.611,17.4
P019,1104.036,6.791,13.944,17.5
P019,1102.972,7.718,13.279,17.6
P019,1101.775,8.605,12.784,17.7
P019,1100.45,9.467,12.57,17.8
P019,1099.0,10.341,13.896,17.9
P019,1097.412,11.323,14.494,18.0
P019,1095.681,12.293,13.918,18.1
P019,1093.811,13.214,13.093,18.2
P019,1091.81,14.076,12.193,18.3
P019,1089.688,14.858,10.227,18.4
P019,1087.463,15.483,8.39,18.5
P019,1085.153,16.023,7.549,18.6
P019,1082.767,16.521,7.125,18.7
P019,1080.31,16.998,6.899,18.8
P019,1077.784,17.464,6.773,18.9
P019,1075.191,17.936,7.387,19.0
P019,1072.525,18.444,7.387,19.1
P019,1069.786,18.935,7.003,19.2
P019,1066.977,19.399,6.6,19.3
P019,1064.101,19.834,6.169,19.4
P019,1061.165,20.231,5.331,19.5
P019,1058.174,20.57,4.693,19.6
P019,1055.137,20.879,4.41,19.7
P019,1052.056,21.174,4.272,19.8
P019,1048.931,21.462,4.197,19.9
P019,1045.765,21.747,4.153,20.0
P019,1042.557,22.028,4.114,20.1
P019,1039.308,22.307,4.076,20.2
P019,1036.018,22.584,4.046,20.3
P019,1032.688,22.859,4.022,20.4
P019,1029.317,23.132,4.006,20.5
P019,1025.906,23.405,3.989,20.6
P019,1022.455,23.676,3.973,20.7
P019,1018.964,23.947,3.968,20.8
P019,1015.434,24.217,3.966,20.9
P019,1011.864,24.487,3.967,21.0
P019,1008.254,24.758,3.969,21.1
P019,1004.605,25.028,3.963,21.2
P019,1000.917,25.297,3.953,21.3
P019,997.189,25.566,3.942,21.4
P019,993.422,25.835,3.933,21.5
P019,989.616,26.103,3.93,21.6
P019,985.77,26.37,3.933,21.7
P019,981.885,26.638,3.932,21.8
P019,977.961,26.906,3.931,21.9
P019,973.997,27.186,4.296,22.0
P019,969.991,27.478,4.229,22.1
P020,1409.441,32.736,-1.317,0.0
P020,1404.649,32.647,-1.3,0.1
P020,1399.871,32.558,-1.287,0.2
P020,1395.105,32.471,-1.279,0.3
P020,1390.352,32.384,-1.275,0.4
P020,1385.611,32.297,-1.273,0.5
P020,1380.884,32.211,-1.269,0.6
P020,1376.168,32.124,-1.263,0.7
P020,1371.466,32.038,-1.256,0.8
P020,1366.776,31.953,-1.251,0.9
P020,1362.098,31.868,-1.257,1.0
P020,1357.434,31.781,-1.305,1.1
P020,1352.782,31.69,-1.362,1.2
P020,1348.144,31.596,-1.382,1.3
P020,1343.52,31.502,-1.386,1.4
P020,1338.909,31.407,-1.384,1.5
P020,1334.313,31.313,-1.382,1.6
P020,1329.73,31.219,-1.38,1.7
P020,1325.161,31.125,-1.378,1.8
P020,1320.605,31.031,-1.375,1.9
P020,1316.064,30.937,-1.373,2.0
P020,1311.536,30.844,-1.371,2.1
P020,1307.021,30.751,-1.369,2.2
P020,1302.521,30.657,-1.367,2.3
P020,1298.034,30.564,-1.364,2.4
P020,1293.561,30.472,-1.362,2.5
P020,1289.101,30.379,-1.36,2.6
P020,1284.655,30.286,-1.358,2.7
P020,1280.223,30.194,-1.355,2.8
P020,1275.804,30.102,-1.353,2.9
P020,1271.399,30.009,-1.351,3.0
P020,1267.007,29.917,-1.349,3.1
P020,1262.629,29.826,-1.346,3.2
P020,1258.264,29.734,-1.344,3.3
P020,1253.913,29.642,-1.342,3.4
P020,1249.575,29.551,-1.34,3.5
P020,1245.25,29.46,-1.338,3.6
P020,1240.939,29.369,-1.336,3.7
P020,1236.641,29.278,-1.334,3.8
P020,1232.356,29.187,-1.332,3.9
P020,1228.085,29.096,-1.329,4.0
P020,1223.827,29.006,-1.327,4.1
P020,1219.582,28.915,-1.325,4.2
P020,1215.35,28.825,-1.323,4.3
P020,1211.132,28.735,-1.321,4.4
P020,1206.927,28.645,-1.319,4.5
P020,1202.736,28.555,-1.317,4.6
P020,1198.558,28.466,-1.315,4.7
P020,1194.392,28.376,-1.312,4.8
P020,1190.24,28.287,-1.31,4.9
P020,1186.101,28.198,-1.309,5.0
P020,1181.975,28.109,-1.307,5.1
P020,1177.862,28.02,-1.304,5.2
P020,1173.762,27.931,-1.302,5.3
P020,1169.675,27.842,-1.3,5.4
P020,1165.601,27.754,-1.298,5.5
P020,1161.54,27.665,-1.296,5.6
P020,1157.491,27.577,-1.294,5.7
P020,1153.456,27.489,-1.292,5.8
P020,1149.433,27.401,-1.29,5.9
P020,1145.423,27.313,-1.288,6.0
P020,1141.426,27.225,-1.286,6.1
P020,1137.442,27.138,-1.284,6.2
P020,1133.471,27.05,-1.282,6.3
P020,1129.513,26.963,-1.28,6.4
P020,1125.568,26.876,-1.279,6.5
P020,1121.637,26.789,-1.278,6.6
P020,1117.717,26.702,-1.274,6.7
P020,1113.81,26.59,-2.518,6.8
P020,1109.929,26.302,-6.216,6.9
P020,1106.11,25.643,-13.321,7.0
P020,1102.417,24.534,-19.074,7.1
P020,1098.912,23.048,-24.368,7.2
P020,1095.655,21.276,-27.335,7.3
P020,1092.675,19.351,-29.048,7.4
P020,1089.983,17.323,-30.432,7.5
P020,1087.594,15.208,-31.618,7.6
P020,1085.52,13.018,-32.614,7.7
P020,1083.774,10.77,-33.205,7.8
P020,1082.36,8.521,-32.458,7.9
P020,1081.271,6.34,-31.547,8.0
P020,1080.49,4.451,-25.105,8.1
P020,1079.967,2.806,-23.517,8.2
P020,1079.677,1.219,-23.186,8.3
P020,1079.614,0.286,-14.341,8.4
P020,1079.655,0.107,1.493,8.5
P020,1079.661,0.026,0.277,8.6
P020,1079.66,0.041,-0.314,8.7
P020,1079.654,0.028,-0.099,8.8
P020,1079.649,0.02,-0.129,8.9
P020,1079.646,0.01,-0.154,9.0
P020,1079.645,0.001,-0.102,9.1
P020,1079.646,0.003,-0.022,9.2
P020,1079.647,0.003,0.025,9.3
P020,1079.648,0.001,0.033,9.4
P020,1079.648,0.001,0.017,9.5
P020,1079.647,0.002,-0.003,9.6
P020,1079.647,0.001,-0.013,9.7
P020,1079.647,0.0,-0.011,9.8
P020,1079.647,0.0,-0.004,9.9
P020,1079.647,0.001,0.002,10.0
P020,1079.647,0.0,0.004,10.1
P020,1079.647,0.0,0.003,10.2
P020,1079.647,0.0,0.001,10.3
P020,1079.647,0.0,-0.001,10.4
P020,1079.647,0.0,-0.001,10.5
P020,1079.647,0.0,-0.001,10.6
P020,1079.647,0.0,0.0,10.7
P020,1079.647,0.0,0.001,10.8
P020,1079.647,0.0,0.0,10.9
P020,1079.647,0.0,0.0,11.0
P020,1079.647,0.0,0.0,11.1
P020,1079.647,0.0,0.0,11.2
P020,1079.647,0.0,0.0,11.3
P020,1079.647,0.0,0.0,11.4
P020,1079.647,0.0,0.0,11.5
P020,1079.647,0.0,0.0,11.6
P020,1079.647,0.0,0.0,11.7
P020,1079.647,0.0,0.0,11.8
P020,1079.647,0.0,0.0,11.9
P020,1079.647,0.0,0.0,12.0
P020,1079.647,0.0,0.0,12.1
P020,1079.647,0.0,0.0,12.2
P020,1079.647,0.0,0.0,12.3
P020,1079.647,0.0,0.0,12.4
P020,1079.647,0.0,0.0,12.5
P020,1079.647,0.0,0.0,12.6
P020,1079.647,0.0,0.0,12.7
P020,1079.647,0.0,0.0,12.8
P020,1079.647,0.0,0.0,12.9
P020,1079.647,0.0,0.0,13.0
P020,1079.647,0.0,0.0,13.1
P020,1079.647,0.0,0.0,13.2
P020,1079.647,0.0,0.0,13.3
P020,1079.647,0.0,0.0,13.4
P020,1079.647,0.0,0.0,13.5
P020,1079.647,0.0,0.0,13.6
P020,1079.647,0.0,0.0,13.7
P020,1079.647,0.0,0.0,13.8
P020,1079.647,0.0,0.0,13.9
P020,1079.647,0.001,0.0,14.0
P020,1079.647,0.0,0.0,14.1
P020,1079.647,0.002,0.049,14.2
P020,1079.646,0.008,0.104,14.3
P020,1079.643,0.031,0.804,14.4
P020,1079.634,0.077,0.412,14.5
P020,1079.621,0.113,0.591,14.6
P020,1079.601,0.154,0.62,14.7
P020,1079.576,0.196,0.605,14.8
P020,1079.544,0.237,0.578,14.9
P020,1079.506,0.275,0.549,15.0
P020,1079.463,0.311,0.521,15.1
P020,1079.415,0.346,0.495,15.2
P020,1079.362,0.379,0.471,15.3
P020,1079.304,0.41,0.448,15.4
P020,1079.241,0.44,0.427,15.5
P020,1079.175,0.468,0.407,15.6
P020,1079.104,0.495,0.388,15.7
P020,1079.029,0.521,0.37,15.8
P020,1078.951,0.546,0.353,15.9
P020,1078.869,0.569,0.337,16.0
P020,1078.784,0.592,0.324,16.1
P020,1078.696,0.614,0.315,16.2
P020,1078.604,0.635,0.307,16.3
P020,1078.509,0.656,0.301,16.4
P020,1078.412,0.676,0.299,16.5
P020,1078.311,0.696,0.3,16.6
P020,1078.207,0.717,0.304,16.7
P020,1078.101,0.738,0.31,16.8
P020,1077.991,0.758,0.236,16.9
P020,1077.879,0.769,0.107,17.0
P020,1077.765,0.774,0.058,17.1
P020,1077.652,0.778,0.068,17.2
P020,1077.537,0.785,0.139,17.3
P020,1077.421,0.799,0.291,17.4
P020,1077.302,0.829,0.663,17.5
P020,1077.175,0.909,1.838,17.6
P020,1077.03,1.096,3.729,17.7
P020,1076.846,1.424,5.916,17.8
P020,1076.604,1.906,8.279,17.9
P020,1076.278,2.553,10.66,18.0
P020,1075.846,3.343,12.412,18.1
P020,1075.291,4.241,13.95,18.2
P020,1074.597,5.235,15.093,18.3
P020,1073.753,6.275,15.291,18.4
P020,1072.756,7.309,15.043,18.5
P020,1071.609,8.316,14.45,18.6
P020,1070.318,9.279,13.779,18.7
P020,1068.89,10.193,13.754,18.8
P020,1067.326,11.149,13.828,18.9
P020,1065.624,12.052,12.609,19.0
P020,1063.797,12.863,11.175,19.1
P020,1061.859,13.574,9.667,19.2
P020,1059.824,14.175,7.553,19.3
P020,1057.712,14.603,5.346,19.4
P020,1055.547,14.93,4.388,19.5
P020,1053.337,15.218,4.401,19.6
P020,1051.084,15.522,4.406,19.7
P020,1048.787,15.815,4.18,19.8
P020,1046.449,16.093,4.018,19.9
P020,1044.07,16.364,3.934,20.0
P020,1041.652,16.627,3.65,20.1
P020,1039.197,16.864,3.382,20.2
P020,1036.708,17.094,3.42,20.3
P020,1034.185,17.335,3.685,20.4
P020,1031.625,17.597,4.003,20.5
P020,1029.025,17.879,4.243,20.6
P020,1026.383,18.175,4.445,20.7
P020,1023.697,18.485,4.678,20.8
P020,1020.964,18.813,4.937,20.9
P020,1018.182,19.157,5.15,21.0
P020,1015.348,19.513,5.293,21.1
P020,1012.462,19.877,5.391,21.2
P020,1009.522,20.247,5.455,21.3
P020,1006.527,20.621,5.511,21.4
P020,1003.477,20.997,5.539,21.5
P020,1000.372,21.375,5.546,21.6
P020,997.212,21.754,5.566,21.7
P020,993.996,22.134,5.599,21.8
P020,990.724,22.516,5.621,21.9
P020,987.396,22.899,5.611,22.0
P020,984.012,23.281,5.591,22.1
P020,980.572,23.661,5.57,22.2
P020,977.076,24.04,5.543,22.3
P020,973.525,24.416,5.504,22.4
P020,969.919,24.79,5.455,22.5
P020,966.259,25.159,5.4,22.6
P021,1409.828,32.113,-0.442,0.0
P021,1405.123,32.084,-0.414,0.1
P021,1400.423,32.057,-0.38,0.2
P021,1395.726,32.032,-0.353,0.3
P021,1391.032,32.008,-0.331,0.4
P021,1386.342,31.987,-0.313,0.5
P021,1381.655,31.966,-0.303,0.6
P021,1376.972,31.944,-0.327,0.7
P021,1372.291,31.92,-0.385,0.8
P021,1367.615,31.891,-0.5,0.9
P021,1362.943,31.852,-0.631,1.0
P021,1358.278,31.803,-0.82,1.1
P021,1353.621,31.74,-1.051,1.2
P021,1348.974,31.66,-1.269,1.3
P021,1344.34,31.57,-1.359,1.4
P021,1339.719,31.476,-1.381,1.5
P021,1335.112,31.382,-1.378,1.6
P021,1330.519,31.289,-1.351,1.7
P021,1325.939,31.198,-1.311,1.8
P021,1321.373,31.11,-1.269,1.9
P021,1316.818,31.025,-1.228,2.0
P021,1312.277,30.943,-1.192,2.1
P021,1307.747,30.863,-1.163,2.2
P021,1303.228,30.784,-1.141,2.3
P021,1298.722,30.706,-1.162,2.4
P021,1294.227,30.624,-1.241,2.5
P021,1289.745,30.537,-1.319,2.6
P021,1285.276,30.446,-1.35,2.7
P021,1280.82,30.354,-1.357,2.8
P021,1276.377,30.261,-1.357,2.9
P021,1271.949,30.169,-1.355,3.0
P021,1267.533,30.077,-1.352,3.1
P021,1263.131,29.985,-1.35,3.2
P021,1258.743,29.893,-1.348,3.3
P021,1254.368,29.801,-1.346,3.4
P021,1250.006,29.709,-1.344,3.5
P021,1245.658,29.618,-1.342,3.6
P021,1241.323,29.526,-1.341,3.7
P021,1237.001,29.426,-1.775,3.8
P021,1232.698,29.261,-3.171,3.9
P021,1228.426,28.992,-4.715,4.0
P021,1224.201,28.622,-6.105,4.1
P021,1220.036,28.168,-7.106,4.2
P021,1215.943,27.664,-7.651,4.3
P021,1211.928,27.13,-8.017,4.4
P021,1207.992,26.569,-8.444,4.5
P021,1204.141,25.98,-8.847,4.6
P021,1200.377,25.366,-9.166,4.7
P021,1196.704,24.733,-9.4,4.8
P021,1193.126,24.085,-9.61,4.9
P021,1189.644,23.418,-10.008,5.0
P021,1186.262,22.725,-10.3,5.1
P021,1182.983,22.017,-10.503,5.2
P021,1179.808,21.294,-10.711,5.3
P021,1176.74,20.557,-10.895,5.4
P021,1173.781,19.814,-10.863,5.5
P021,1170.931,19.076,-10.797,5.6
P021,1168.188,18.341,-10.814,5.7
P021,1165.554,17.602,-10.853,5.8
P021,1163.028,16.863,-10.836,5.9
P021,1160.61,16.126,-10.794,6.0
P021,1158.3,15.394,-10.7,6.1
P021,1156.097,14.669,-10.561,6.2
P021,1154.0,13.957,-10.312,6.3
P021,1152.006,13.267,-9.954,6.4
P021,1150.111,12.602,-9.558,6.5
P021,1148.311,11.965,-9.07,6.6
P021,1146.602,11.363,-8.654,6.7
P021,1144.98,10.785,-8.276,6.8
P021,1143.44,10.236,-7.841,6.9
P021,1141.979,9.715,-7.466,7.0
P021,1140.592,9.224,-6.926,7.1
P021,1139.274,8.774,-6.244,7.2
P021,1138.02,8.37,-5.609,7.3
P021,1136.821,8.013,-4.869,7.4
P021,1135.671,7.707,-4.14,7.5
P021,1134.562,7.448,-3.398,7.6
P021,1133.486,7.261,-2.073,7.7
P021,1132.431,7.153,-1.226,7.8
P021,1131.389,7.08,-0.98,7.9
P021,1130.356,7.016,-0.907,8.0
P021,1129.332,6.955,-0.887,8.1
P021,1128.317,6.895,-0.883,8.2
P021,1127.31,6.835,-0.881,8.3
P021,1126.313,6.775,-0.877,8.4
P021,1125.324,6.715,-0.871,8.5
P021,1124.345,6.656,-0.865,8.6
P021,1123.374,6.598,-0.86,8.7
P021,1122.411,6.539,-0.856,8.8
P021,1121.457,6.481,-0.853,8.9
P021,1120.511,6.423,-0.85,9.0
P021,1119.574,6.365,-0.846,9.1
P021,1118.646,6.308,-0.842,9.2
P021,1117.726,6.25,-0.838,9.3
P021,1116.814,6.193,-0.834,9.4
P021,1115.91,6.137,-0.83,9.5
P021,1115.015,6.08,-0.827,9.6
P021,1114.129,6.024,-0.823,9.7
P021,1113.25,5.968,-0.819,9.8
P021,1112.38,5.912,-0.815,9.9
P021,1111.518,5.857,-0.812,10.0
P021,1110.663,5.802,-0.808,10.1
P021,1109.817,5.747,-0.804,10.2
P021,1108.979,5.692,-0.8,10.3
P021,1108.149,5.638,-0.796,10.4
P021,1107.326,5.584,-0.801,10.5
P021,1106.512,5.517,-1.343,10.6
P021,1105.712,5.382,-2.681,10.7
P021,1104.937,5.151,-4.086,10.8
P021,1104.202,4.827,-5.394,10.9
P021,1103.521,4.425,-6.32,11.0
P021,1102.904,3.976,-6.813,11.1
P021,1102.355,3.495,-7.356,11.2
P021,1101.88,2.97,-8.039,11.3
P021,1101.485,2.401,-8.665,11.4
P021,1101.176,1.794,-9.079,11.5
P021,1100.957,1.171,-9.183,11.6
P021,1100.83,0.549,-9.032,11.7
P021,1100.794,0.034,-4.425,11.8
P021,1100.804,0.025,-0.326,11.9
P021,1100.815,0.018,0.319,12.0
P021,1100.818,0.002,0.163,12.1
P021,1100.817,0.007,0.094,12.2
P021,1100.815,0.01,-0.012,12.3
P021,1100.813,0.006,-0.085,12.4
P021,1100.812,0.0,-0.072,12.5
P021,1100.812,0.003,-0.021,12.6
P021,1100.813,0.003,0.018,12.7
P021,1100.814,0.001,0.029,12.8
P021,1100.814,0.001,0.018,12.9
P021,1100.814,0.001,0.002,13.0
P021,1100.813,0.001,-0.009,13.1
P021,1100.813,0.0,-0.009,13.2
P021,1100.813,0.0,-0.004,13.3
P021,1100.813,0.0,0.001,13.4
P021,1100.813,0.0,0.003,13.5
P021,1100.813,0.0,0.003,13.6
P021,1100.813,0.0,0.001,13.7
P021,1100.813,0.0,-0.001,13.8
P021,1100.813,0.0,-0.001,13.9
P021,1100.813,0.0,-0.001,14.0
P021,1100.813,0.0,0.0,14.1
P021,1100.813,0.0,0.0,14.2
P021,1100.813,0.0,0.0,14.3
P021,1100.813,0.001,0.0,14.4
P021,1100.813,0.001,0.001,14.5
P021,1100.813,0.0,0.0,14.6
P021,1100.813,0.0,0.0,14.7
P021,1100.813,0.0,0.0,14.8
P021,1100.813,0.0,0.0,14.9
P021,1100.813,0.0,0.0,15.0
P021,1100.813,0.0,0.0,15.1
P021,1100.813,0.002,0.104,15.2
P021,1100.811,0.029,0.836,15.3
P021,1100.803,0.077,0.421,15.4
P021,1100.789,0.113,0.594,15.5
P021,1100.77,0.155,0.62,15.6
P021,1100.744,0.197,0.605,15.7
P021,1100.712,0.237,0.577,15.8
P021,1100.674,0.276,0.548,15.9
P021,1100.631,0.312,0.52,16.0
P021,1100.583,0.347,0.494,16.1
P021,1100.529,0.379,0.47,16.2
P021,1100.471,0.411,0.448,16.3
P021,1100.409,0.441,0.427,16.4
P021,1100.342,0.469,0.414,16.5
P021,1100.271,0.497,0.408,16.6
P021,1100.196,0.525,0.407,16.7
P021,1100.117,0.553,0.392,16.8
P021,1100.034,0.573,0.249,16.9
P021,1099.949,0.59,0.266,17.0
P021,1099.861,0.613,0.424,17.1
P021,1099.768,0.654,0.906,17.2
P021,1099.666,0.754,2.153,17.3
P021,1099.541,0.963,4.064,17.4
P021,1099.375,1.319,6.493,17.5
P021,1099.144,1.862,9.476,17.6
P021,1098.818,2.609,12.495,17.7
P021,1098.367,3.558,15.166,17.8
P021,1097.766,4.652,16.812,17.9
P021,1096.997,5.82,17.192,18.0
P021,1096.057,6.961,16.187,18.1
P021,1094.956,8.024,15.05,18.2
P021,1093.705,9.021,14.284,18.3
P021,1092.311,9.979,13.878,18.4
P021,1090.779,10.918,13.721,18.5
P021,1089.108,11.916,16.079,18.6
P021,1087.279,13.023,16.152,18.7
P021,1085.289,14.102,15.439,18.8
P021,1083.146,15.119,14.377,18.9
P021,1080.859,16.061,13.29,19.0
P021,1078.442,16.892,10.714,19.1
P021,1075.916,17.568,9.401,19.2
P021,1073.296,18.192,8.983,19.3
P021,1070.586,18.799,8.846,19.4
P021,1067.786,19.4,8.791,19.5
P021,1064.9,19.993,8.598,19.6
P021,1061.926,20.615,9.385,19.7
P021,1058.859,21.239,8.844,19.8
P021,1055.703,21.818,8.141,19.9
P021,1052.466,22.349,7.485,20.0
P021,1049.154,22.839,6.9,20.1
P021,1045.774,23.266,5.697,20.2
P021,1042.337,23.633,5.163,20.3
P021,1038.849,23.977,4.965,20.4
P021,1035.311,24.313,4.91,20.5
P021,1031.723,24.647,4.9,20.6
P021,1028.087,24.981,4.907,20.7
P021,1024.401,25.316,4.925,20.8
P021,1020.667,25.652,4.942,20.9
P021,1016.882,25.99,4.957,21.0
P021,1013.048,26.328,4.967,21.1
P021,1009.165,26.667,4.972,21.2
P021,1005.232,27.005,4.974,21.3
P021,1001.249,27.344,4.97,21.4
P021,997.217,27.682,4.941,21.5
P021,993.135,28.017,4.884,21.6
P021,989.005,28.347,4.815,21.7
P021,984.826,28.673,4.73,21.8
P021,980.6,28.993,4.848,21.9
P021,976.326,29.332,4.945,22.0
P021,972.002,29.66,4.662,22.1
P021,967.633,29.966,4.348,22.2
P022,1411.081,30.319,-1.358,0.0
P022,1406.643,30.226,-1.356,0.1
P022,1402.22,30.134,-1.354,0.2
P022,1397.809,30.042,-1.352,0.3
P022,1393.412,29.95,-1.35,0.4
P022,1389.029,29.858,-1.347,0.5
P022,1384.659,29.766,-1.345,0.6
P022,1380.302,29.675,-1.343,0.7
P022,1375.959,29.583,-1.341,0.8
P022,1371.629,29.492,-1.339,0.9
P022,1367.313,29.401,-1.336,1.0
P022,1363.01,29.31,-1.334,1.1
P022,1358.72,29.219,-1.332,1.2
P022,1354.444,29.128,-1.33,1.3
P022,1350.181,29.038,-1.328,1.4
P022,1345.932,28.947,-1.326,1.5
P022,1341.696,28.857,-1.324,1.6
P022,1337.473,28.767,-1.322,1.7
P022,1333.263,28.677,-1.319,1.8
P022,1329.067,28.587,-1.317,1.9
P022,1324.884,28.497,-1.316,2.0
P022,1320.714,28.408,-1.313,2.1
P022,1316.558,28.318,-1.311,2.2
P022,1312.414,28.229,-1.309,2.3
P022,1308.283,28.14,-1.307,2.4
P022,1304.164,28.051,-1.305,2.5
P022,1300.059,27.962,-1.303,2.6
P022,1295.967,27.873,-1.301,2.7
P022,1291.887,27.785,-1.299,2.8
P022,1287.82,27.696,-1.297,2.9
P022,1283.767,27.608,-1.295,3.0
P022,1279.727,27.52,-1.293,3.1
P022,1275.699,27.432,-1.291,3.2
P022,1271.685,27.344,-1.289,3.3
P022,1267.684,27.256,-1.287,3.4
P022,1263.695,27.168,-1.285,3.5
P022,1259.72,27.081,-1.283,3.6
P022,1255.757,26.994,-1.281,3.7
P022,1251.806,26.906,-1.279,3.8
P022,1247.869,26.819,-1.277,3.9
P022,1243.944,26.732,-1.275,4.0
P022,1240.033,26.645,-1.273,4.1
P022,1236.133,26.559,-1.271,4.2
P022,1232.247,26.472,-1.269,4.3
P022,1228.373,26.386,-1.267,4.4
P022,1224.512,26.3,-1.266,4.5
P022,1220.664,26.213,-1.264,4.6
P022,1216.828,26.127,-1.262,4.7
P022,1213.005,26.041,-1.26,4.8
P022,1209.194,25.956,-1.258,4.9
P022,1205.396,25.87,-1.256,5.0
P022,1201.61,25.784,-1.254,5.1
P022,1197.837,25.699,-1.252,5.2
P022,1194.077,25.614,-1.25,5.3
P022,1190.329,25.529,-1.249,5.4
P022,1186.594,25.444,-1.247,5.5
P022,1182.871,25.359,-1.245,5.6
P022,1179.16,25.274,-1.243,5.7
P022,1175.463,25.189,-1.241,5.8
P022,1171.777,25.105,-1.239,5.9
P022,1168.104,25.021,-1.232,6.0
P022,1164.443,24.937,-1.22,6.1
P022,1160.795,24.854,-1.205,6.2
P022,1157.158,24.773,-1.185,6.3
P022,1153.533,24.693,-1.162,6.4
P022,1149.92,24.615,-1.133,6.5
P022,1146.318,24.531,-1.312,6.6
P022,1142.729,24.439,-1.376,6.7
P022,1139.154,24.345,-1.405,6.8
P022,1135.593,24.248,-1.434,6.9
P022,1132.047,24.149,-1.487,7.0
P022,1128.515,24.049,-1.426,7.1
P022,1124.997,23.954,-1.356,7.2
P022,1121.493,23.863,-1.325,7.3
P022,1118.001,23.773,-1.312,7.4
P022,1114.523,23.684,-1.308,7.5
P022,1111.058,23.595,-1.305,7.6
P022,1107.605,23.506,-1.303,7.7
P022,1104.166,23.417,-1.3,7.8
P022,1100.74,23.329,-1.297,7.9
P022,1097.327,23.241,-1.295,8.0
P022,1093.928,23.129,-2.414,8.1
P022,1090.554,22.874,-5.076,8.2
P022,1087.227,22.45,-7.391,8.3
P022,1083.974,21.857,-10.162,8.4
P022,1080.821,21.078,-12.627,8.5
P022,1077.795,20.144,-14.748,8.6
P022,1074.917,19.062,-17.106,8.7
P022,1072.211,17.787,-20.91,8.8
P022,1069.709,16.236,-24.253,8.9
P022,1067.448,14.515,-26.042,9.0
P022,1065.449,12.712,-26.713,9.1
P022,1063.72,10.885,-26.881,9.2
P022,1062.258,9.051,-26.956,9.3
P022,1061.066,7.213,-26.968,9.4
P022,1060.142,5.377,-26.932,9.5
P022,1059.488,3.542,-26.952,9.6
P022,1059.104,1.703,-27.004,9.7
P022,1058.988,0.106,-17.186,9.8
P022,1059.018,0.04,-0.603,9.9
P022,1059.04,0.015,0.498,10.0
P022,1059.045,0.0,0.133,10.1
P022,1059.044,0.008,0.109,10.2
P022,1059.042,0.013,0.015,10.3
P022,1059.039,0.01,-0.094,10.4
P022,1059.037,0.003,-0.109,10.5
P022,1059.037,0.003,-0.046,10.6
P022,1059.038,0.004,0.013,10.7
P022,1059.039,0.002,0.036,10.8
P022,1059.04,0.0,0.027,10.9
P022,1059.039,0.001,0.006,11.0
P022,1059.039,0.001,-0.009,11.1
P022,1059.039,0.0,-0.012,11.2
P022,1059.039,0.0,-0.007,11.3
P022,1059.039,0.0,0.0,11.4
P022,1059.039,0.0,0.004,11.5
P022,1059.039,0.0,0.004,11.6
P022,1059.039,0.0,0.002,11.7
P022,1059.039,0.0,-0.001,11.8
P022,1059.039,0.0,-0.001,11.9
P022,1059.039,0.0,-0.001,12.0
P022,1059.039,0.0,0.0,12.1
P022,1059.039,0.0,0.0,12.2
P022,1059.039,0.0,0.0,12.3
P022,1059.039,0.0,0.0,12.4
P022,1059.039,0.0,0.0,12.5
P022,1059.039,0.0,0.0,12.6
P022,1059.039,0.0,0.0,12.7
P022,1059.039,0.0,0.0,12.8
P022,1059.039,0.0,0.0,12.9
P022,1059.039,0.0,0.0,13.0
P022,1059.039,0.0,0.0,13.1
P022,1059.039,0.0,0.0,13.2
P022,1059.039,0.0,0.0,13.3
P022,1059.039,0.0,0.0,13.4
P022,1059.039,0.0,0.0,13.5
P022,1059.039,0.0,0.0,13.6
P022,1059.039,0.0,0.0,13.7
P022,1059.039,0.0,0.0,13.8
P022,1059.039,0.0,0.0,13.9
P022,1059.039,0.0,0.0,14.0
P022,1059.039,0.0,0.0,14.1
P022,1059.039,0.0,0.0,14.2
P022,1059.039,0.0,0.0,14.3
P022,1059.039,0.0,0.0,14.4
P022,1059.039,0.0,0.0,14.5
P022,1059.039,0.0,0.0,14.6
P022,1059.039,0.0,0.0,14.7
P022,1059.039,0.0,0.0,14.8
P022,1059.039,0.0,0.0,14.9
P022,1059.039,0.0,0.0,15.0
P022,1059.039,0.0,0.0,15.1
P022,1059.039,0.0,0.0,15.2
P022,1059.039,0.0,0.0,15.3
P022,1059.039,0.0,0.0,15.4
P022,1059.039,0.001,0.0,15.5
P022,1059.039,0.001,0.0,15.6
P022,1059.039,0.001,-0.001,15.7
P022,1059.039,0.001,0.0,15.8
P022,1059.039,0.0,0.0,15.9
P022,1059.039,0.0,0.0,16.0
P022,1059.038,0.011,0.29,16.1
P022,1059.036,0.028,0.231,16.2
P022,1059.032,0.063,0.563,16.3
P022,1059.021,0.099,0.49,16.4
P022,1059.004,0.137,0.594,16.5
P022,1058.98,0.178,0.603,16.6
P022,1058.951,0.219,0.592,16.7
P022,1058.916,0.259,0.589,16.8
P022,1058.875,0.297,0.473,16.9
P022,1058.829,0.326,0.426,17.0
P022,1058.779,0.358,0.52,17.1
P022,1058.723,0.4,0.728,17.2
P022,1058.66,0.47,1.479,17.3
P022,1058.581,0.623,3.173,17.4
P022,1058.469,0.927,5.936,17.5
P022,1058.297,1.454,9.578,17.6
P022,1058.029,2.235,13.403,17.7
P022,1057.626,3.283,17.15,17.8
P022,1057.056,4.498,18.073,17.9
P022,1056.304,5.728,17.901,18.0
P022,1055.374,6.908,16.592,18.1
P022,1054.278,7.994,15.37,18.2
P022,1053.029,9.012,14.574,18.3
P022,1051.635,9.989,14.175,18.4
P022,1050.099,10.952,14.122,18.5
P022,1048.421,11.917,14.195,18.6
P022,1046.603,12.883,14.302,18.7
P022,1044.634,14.004,17.296,18.8
P022,1042.494,15.172,16.878,18.9
P022,1040.186,16.292,15.904,19.0
P022,1037.719,17.33,14.54,19.1
P022,1035.108,18.273,13.1,19.2
P022,1032.371,19.032,9.939,19.3
P022,1029.534,19.678,9.191,19.4
P022,1026.604,20.296,8.987,19.5
P022,1023.584,20.906,8.916,19.6
P022,1020.474,21.512,8.948,19.7
P022,1017.274,22.18,10.032,19.8
P022,1013.974,22.849,9.533,19.9
P022,1010.58,23.475,8.828,20.0
P022,1007.097,24.052,8.11,20.1
P022,1003.534,24.582,7.443,20.2
P022,999.898,25.034,6.067,20.3
P022,996.201,25.428,5.566,20.4
P022,992.448,25.799,5.359,20.5
P022,988.642,26.161,5.273,20.6
P022,984.784,26.519,5.238,20.7
P022,980.872,26.876,5.235,20.8
P022,976.908,27.233,5.236,20.9
P022,972.892,27.59,5.262,21.0
P022,968.822,27.95,5.29,21.1
P023,1413.106,32.492,0.851,0.0
P023,1408.339,32.551,0.864,0.1
P023,1403.564,32.611,0.896,0.2
P023,1398.78,32.672,0.91,0.3
P023,1393.987,32.734,0.903,0.4
P023,1389.184,32.795,0.889,0.5
P023,1384.373,32.855,0.871,0.6
P023,1379.553,32.914,0.855,0.7
P023,1374.724,32.971,0.824,0.8
P023,1369.888,33.026,0.789,0.9
P023,1365.043,33.079,0.753,1.0
P023,1360.191,33.129,0.725,1.1
P023,1355.332,33.178,0.703,1.2
P023,1350.466,33.225,0.684,1.3
P023,1345.593,33.271,0.671,1.4
P023,1340.713,33.316,0.662,1.5
P023,1335.827,33.361,0.652,1.6
P023,1330.934,33.405,0.639,1.7
P023,1326.034,33.448,0.626,1.8
P023,1321.129,33.49,0.62,1.9
P023,1316.217,33.534,0.679,2.0
P023,1311.298,33.584,0.771,2.1
P023,1306.371,33.639,0.834,2.2
P023,1301.436,33.697,0.869,2.3
P023,1296.493,33.757,0.895,2.4
P023,1291.54,33.819,0.913,2.5
P023,1286.579,33.881,0.92,2.6
P023,1281.608,33.944,0.919,2.7
P023,1276.628,34.006,0.911,2.8
P023,1271.639,34.067,0.89,2.9
P023,1266.642,34.128,0.879,3.0
P023,1261.635,34.187,0.876,3.1
P023,1256.62,34.247,0.881,3.2
P023,1251.596,34.307,0.884,3.3
P023,1246.563,34.368,0.884,3.4
P023,1241.521,34.428,0.881,3.5
P023,1236.471,34.488,0.876,3.6
P023,1231.412,34.547,0.864,3.7
P023,1226.344,34.606,0.856,3.8
P023,1221.268,34.664,0.851,3.9
P023,1216.184,34.722,0.848,4.0
P023,1211.091,34.779,0.839,4.1
P023,1205.989,34.836,0.834,4.2
P023,1200.879,34.893,0.832,4.3
P023,1195.761,34.949,0.831,4.4
P023,1190.635,35.006,0.831,4.5
P023,1185.5,35.063,0.829,4.6
P023,1180.357,35.119,0.821,4.7
P023,1175.205,35.174,0.81,4.8
P023,1170.046,35.23,0.811,4.9
P023,1164.879,35.285,0.823,5.0
P023,1159.703,35.341,0.824,5.1
P023,1154.519,35.397,0.82,5.2
P023,1149.327,35.453,0.819,5.3
P023,1144.126,35.509,0.825,5.4
P023,1138.917,35.566,0.829,5.5
P023,1133.7,35.622,0.823,5.6
P023,1128.475,35.678,0.812,5.7
P023,1123.241,35.733,0.799,5.8
P023,1118.0,35.787,0.788,5.9
P023,1112.751,35.84,0.782,6.0
P023,1107.493,35.893,0.782,6.1
P023,1102.228,35.947,0.761,6.2
P023,1096.956,35.982,0.14,6.3
P023,1091.683,35.963,-0.628,6.4
P023,1086.416,35.906,-1.048,6.5
P023,1081.16,35.822,-1.362,6.6
P023,1075.916,35.724,-1.588,6.7
P023,1070.692,35.518,-5.241,6.8
P023,1065.521,34.903,-13.043,6.9
P023,1060.471,33.802,-19.059,7.0
P023,1055.608,32.318,-24.357,7.1
P023,1050.992,30.545,-27.318,7.2
P023,1046.655,28.624,-28.984,7.3
P023,1042.606,26.6,-30.389,7.4
P023,1038.857,24.485,-31.667,7.5
P023,1035.425,22.282,-32.902,7.6
P023,1032.323,20.011,-33.619,7.7
P023,1029.558,17.719,-33.313,7.8
P023,1027.125,15.492,-32.161,7.9
P023,1025.015,13.31,-32.016,8.0
P023,1023.224,11.124,-32.205,8.1
P023,1021.754,8.924,-32.149,8.2
P023,1020.607,6.721,-32.011,8.3
P023,1019.769,4.815,-25.391,8.4
P023,1019.194,3.154,-23.713,8.5
P023,1018.855,1.554,-23.428,8.6
P023,1018.745,0.042,-22.292,8.7
P023,1018.789,0.048,8.241,8.8
P023,1018.796,0.025,-0.37,8.9
P023,1018.797,0.043,-0.172,9.0
P023,1018.792,0.028,-0.096,9.1
P023,1018.787,0.022,-0.115,9.2
P023,1018.784,0.012,-0.15,9.3
P023,1018.782,0.003,-0.119,9.4
P023,1018.783,0.003,-0.039,9.5
P023,1018.784,0.003,0.017,9.6
P023,1018.784,0.001,0.034,9.7
P023,1018.784,0.001,0.021,9.8
P023,1018.784,0.002,0.001,9.9
P023,1018.784,0.001,-0.012,10.0
P023,1018.784,0.0,-0.012,10.1
P023,1018.784,0.0,-0.006,10.2
P023,1018.784,0.0,0.001,10.3
P023,1018.784,0.0,0.004,10.4
P023,1018.784,0.0,0.004,10.5
P023,1018.784,0.0,0.001,10.6
P023,1018.784,0.0,-0.001,10.7
P023,1018.784,0.0,-0.001,10.8
P023,1018.784,0.0,-0.001,10.9
P023,1018.784,0.0,0.0,11.0
P023,1018.784,0.0,0.0,11.1
P023,1018.784,0.0,0.0,11.2
P023,1018.784,0.0,0.0,11.3
P023,1018.784,0.0,0.0,11.4
P023,1018.784,0.0,0.0,11.5
P023,1018.784,0.0,0.0,11.6
P023,1018.784,0.0,0.0,11.7
P023,1018.784,0.0,0.0,11.8
P023,1018.784,0.0,0.0,11.9
P023,1018.784,0.0,0.0,12.0
P023,1018.784,0.0,0.0,12.1
P023,1018.784,0.0,0.0,12.2
P023,1018.784,0.0,0.0,12.3
P023,1018.784,0.0,0.0,12.4
P023,1018.784,0.0,0.0,12.5
P023,1018.784,0.0,0.0,12.6
P023,1018.784,0.0,0.0,12.7
P023,1018.784,0.0,0.0,12.8
P023,1018.784,0.0,0.0,12.9
P023,1018.784,0.0,0.0,13.0
P023,1018.784,0.0,0.0,13.1
P023,1018.784,0.0,0.0,13.2
P023,1018.784,0.0,0.0,13.3
P023,1018.784,0.0,0.0,13.4
P023,1018.784,0.0,0.0,13.5
P023,1018.784,0.001,0.0,13.6
P023,1018.784,0.001,0.0,13.7
P023,1018.784,0.0,0.0,13.8
P023,1018.784,0.0,0.0,13.9
P023,1018.784,0.001,0.0,14.0
P023,1018.784,0.0,0.0,14.1
P023,1018.784,0.0,0.0,14.2
P023,1018.784,0.0,0.0,14.3
P023,1018.784,0.0,0.0,14.4
P023,1018.784,0.0,0.0,14.5
P023,1018.784,0.001,0.0,14.6
P023,1018.784,0.0,0.0,14.7
P023,1018.784,0.0,0.0,14.8
P023,1018.784,0.001,0.0,14.9
P023,1018.784,0.001,0.0,15.0
P023,1018.784,0.0,0.0,15.1
P023,1018.784,0.0,0.0,15.2
P023,1018.784,0.0,0.0,15.3
P023,1018.784,0.0,0.0,15.4
P023,1018.784,0.0,0.115,15.5
P023,1018.781,0.033,0.754,15.6
P023,1018.769,0.13,2.993,15.7
P023,1018.724,0.512,8.246,15.8
P023,1018.599,1.262,13.916,15.9
P023,1018.335,2.394,18.535,16.0
P023,1017.889,3.72,19.93,16.1
P023,1017.245,5.051,19.096,16.2
P023,1016.409,6.323,18.074,16.3
P023,1015.393,7.503,16.609,16.4
P023,1014.212,8.594,15.444,16.5
P023,1012.878,9.619,14.748,16.6
P023,1011.395,10.614,14.534,16.7
P023,1009.768,11.605,14.577,16.8
P023,1007.994,12.6,14.617,16.9
P023,1006.075,13.596,14.604,17.0
P023,1004.009,14.591,14.588,17.1
P023,1001.797,15.585,14.583,17.2
P023,999.44,16.576,14.51,17.3
P023,996.938,17.556,14.206,17.4
P023,994.289,18.641,17.772,17.5
P023,991.464,19.873,18.079,17.6
P023,988.458,21.084,17.347,17.7
P023,985.281,22.196,14.679,17.8
P023,981.961,23.031,9.622,17.9
P023,978.547,23.469,3.812,18.0
P023,975.091,23.637,1.411,18.1
P023,971.619,23.688,0.251,18.2
P023,968.145,23.691,-0.033,18.3
P024,1413.93,31.214,-0.634,0.0
P024,1409.359,31.17,-0.646,0.1
P024,1404.793,31.126,-0.658,0.2
P024,1400.235,31.08,-0.671,0.3
P024,1395.683,31.034,-0.682,0.4
P024,1391.137,30.987,-0.691,0.5
P024,1386.599,30.94,-0.698,0.6
P024,1382.068,30.893,-0.694,0.7
P024,1377.543,30.846,-0.678,0.8
P024,1373.026,30.8,-0.666,0.9
P024,1368.515,30.755,-0.667,1.0
P024,1364.01,30.709,-0.672,1.1
P024,1359.513,30.663,-0.676,1.2
P024,1355.022,30.617,-0.68,1.3
P024,1350.537,30.571,-0.683,1.4
P024,1346.06,30.524,-0.686,1.5
P024,1341.59,30.477,-0.688,1.6
P024,1337.126,30.43,-0.691,1.7
P024,1332.669,30.383,-0.692,1.8
P024,1328.219,30.336,-0.692,1.9
P024,1323.776,30.289,-0.692,2.0
P024,1319.341,30.242,-0.692,2.1
P024,1314.912,30.195,-0.691,2.2
P024,1310.49,30.147,-0.692,2.3
P024,1306.074,30.1,-0.695,2.4
P024,1301.666,30.053,-0.7,2.5
P024,1297.265,30.005,-0.705,2.6
P024,1292.871,29.957,-0.709,2.7
P024,1288.484,29.908,-0.713,2.8
P024,1284.104,29.859,-0.718,2.9
P024,1279.731,29.81,-0.721,3.0
P024,1275.365,29.761,-0.728,3.1
P024,1271.007,29.711,-0.733,3.2
P024,1266.656,29.661,-0.736,3.3
P024,1262.312,29.611,-0.737,3.4
P024,1257.976,29.561,-0.739,3.5
P024,1253.647,29.51,-0.743,3.6
P024,1249.326,29.46,-0.747,3.7
P024,1245.012,29.408,-0.751,3.8
P024,1240.706,29.357,-0.755,3.9
P024,1236.407,29.306,-0.759,4.0
P024,1232.116,29.254,-0.763,4.1
P024,1227.832,29.202,-0.766,4.2
P024,1223.556,29.149,-0.768,4.3
P024,1219.288,29.097,-0.772,4.4
P024,1215.028,29.044,-0.775,4.5
P024,1210.775,28.991,-0.777,4.6
P024,1206.53,28.937,-0.895,4.7
P024,1202.295,28.842,-2.041,4.8
P024,1198.08,28.65,-3.574,4.9
P024,1193.899,28.356,-5.108,5.0
P024,1189.769,27.957,-6.484,5.1
P024,1185.704,27.477,-7.66,5.2
P024,1181.717,26.908,-9.062,5.3
P024,1177.819,26.245,-10.313,5.4
P024,1174.025,25.506,-11.341,5.5
P024,1170.343,24.703,-12.201,5.6
P024,1166.783,23.847,-12.903,5.7
P024,1163.353,22.947,-13.461,5.8
P024,1160.057,22.014,-13.961,5.9
P024,1156.9,21.04,-14.65,6.0
P024,1153.889,20.016,-15.419,6.1
P024,1151.031,18.938,-16.205,6.2
P024,1148.336,17.809,-16.905,6.3
P024,1145.809,16.636,-17.491,6.4
P024,1143.458,15.427,-18.02,6.5
P024,1141.287,14.181,-18.506,6.6
P024,1139.3,12.909,-18.806,6.7
P024,1137.502,11.621,-19.002,6.8
P024,1135.893,10.321,-19.13,6.9
P024,1134.475,9.015,-19.242,7.0
P024,1133.249,7.699,-19.344,7.1
P024,1132.217,6.382,-19.299,7.2
P024,1131.376,5.071,-19.158,7.3
P024,1130.727,3.771,-19.022,7.4
P024,1130.268,2.476,-18.983,7.5
P024,1129.998,1.188,-18.75,7.6
P024,1129.915,0.054,-12.709,7.7
P024,1129.936,0.039,-0.2,7.8
P024,1129.953,0.023,0.481,7.9
P024,1129.958,0.008,0.166,8.0
P024,1129.957,0.011,0.123,8.1
P024,1129.954,0.013,0.015,8.2
P024,1129.951,0.009,-0.096,8.3
P024,1129.95,0.001,-0.099,8.4
P024,1129.95,0.004,-0.035,8.5
P024,1129.952,0.004,0.025,8.6
P024,1129.952,0.003,0.04,8.7
P024,1129.953,0.002,0.021,8.8
P024,1129.952,0.002,-0.002,8.9
P024,1129.952,0.001,-0.016,9.0
P024,1129.952,0.002,-0.016,9.1
P024,1129.952,0.003,-0.005,9.2
P024,1129.952,0.002,0.006,9.3
P024,1129.952,0.001,0.011,9.4
P024,1129.952,0.001,0.001,9.5
P024,1129.952,0.0,-0.001,9.6
P024,1129.952,0.001,-0.001,9.7
P024,1129.952,0.0,-0.002,9.8
P024,1129.952,0.0,0.0,9.9
P024,1129.952,0.0,0.0,10.0
P024,1129.952,0.0,0.001,10.1
P024,1129.952,0.0,0.0,10.2
P024,1129.952,0.0,0.0,10.3
P024,1129.952,0.0,0.0,10.4
P024,1129.952,0.0,-0.001,10.5
P024,1129.952,0.0,0.0,10.6
P024,1129.952,0.0,0.0,10.7
P024,1129.952,0.0,-0.001,10.8
P024,1129.952,0.0,0.0,10.9
P024,1129.952,0.0,0.0,11.0
P024,1129.952,0.0,0.0,11.1
P024,1129.952,0.0,0.001,11.2
P024,1129.952,0.0,-0.001,11.3
P024,1129.952,0.0,0.0,11.4
P024,1129.952,0.0,0.0,11.5
P024,1129.952,0.0,0.0,11.6
P024,1129.952,0.0,-0.001,11.7
P024,1129.952,0.0,0.001,11.8
P024,1129.952,0.0,0.0,11.9
P024,1129.952,0.0,0.0,12.0
P024,1129.952,0.0,-0.001,12.1
P024,1129.952,0.001,-0.001,12.2
P024,1129.952,0.001,0.0,12.3
P024,1129.952,0.002,0.004,12.4
P024,1129.952,0.002,-0.008,12.5
P024,1129.952,0.0,0.0,12.6
P024,1129.952,0.0,-0.002,12.7
P024,1129.952,0.0,0.0,12.8
P024,1129.952,0.0,0.0,12.9
P024,1129.952,0.0,0.0,13.0
P024,1129.952,0.0,0.0,13.1
P024,1129.952,0.0,0.0,13.2
P024,1129.952,0.0,0.001,13.3
P024,1129.952,0.0,0.0,13.4
P024,1129.952,0.0,0.0,13.5
P024,1129.952,0.0,0.0,13.6
P024,1129.952,0.0,0.0,13.7
P024,1129.952,0.0,0.0,13.8
P024,1129.952,0.0,0.0,13.9
P024,1129.952,0.0,0.0,14.0
P024,1129.952,0.0,0.0,14.1
P024,1129.952,0.0,0.0,14.2
P024,1129.952,0.0,0.0,14.3
P024,1129.952,0.0,0.0,14.4
P024,1129.952,0.0,0.0,14.5
P024,1129.952,0.0,0.0,14.6
P024,1129.952,0.0,0.0,14.7
P024,1129.952,0.0,0.0,14.8
P024,1129.952,0.0,0.0,14.9
P024,1129.952,0.0,0.0,15.0
P024,1129.952,0.0,0.0,15.1
P024,1129.952,0.0,0.0,15.2
P024,1129.952,0.0,0.0,15.3
P024,1129.952,0.0,0.081,15.4
P024,1129.951,0.017,0.352,15.5
P024,1129.947,0.063,0.63,15.6
P024,1129.936,0.099,0.512,15.7
P024,1129.919,0.137,0.601,15.8
P024,1129.895,0.178,0.599,15.9
P024,1129.865,0.219,0.579,16.0
P024,1129.829,0.258,0.559,16.1
P024,1129.788,0.295,0.541,16.2
P024,1129.741,0.332,0.531,16.3
P024,1129.689,0.367,0.503,16.4
P024,1129.632,0.4,0.483,16.5
P024,1129.57,0.433,0.464,16.6
P024,1129.504,0.464,0.449,16.7
P024,1129.432,0.494,0.441,16.8
P024,1129.357,0.524,0.437,16.9
P024,1129.276,0.554,0.403,17.0
P024,1129.193,0.575,0.234,17.1
P024,1129.106,0.588,0.167,17.2
P024,1129.018,0.599,0.173,17.3
P024,1128.928,0.613,0.243,17.4
P024,1128.836,0.633,0.369,17.5
P024,1128.74,0.664,0.533,17.6
P024,1128.639,0.707,0.724,17.7
P024,1128.53,0.768,1.128,17.8
P024,1128.409,0.866,1.777,17.9
P024,1128.27,1.018,2.778,18.0
P024,1128.102,1.267,4.733,18.1
P024,1127.885,1.7,8.159,18.2
P024,1127.585,2.388,12.033,18.3
P024,1127.164,3.337,15.524,18.4
P024,1126.587,4.462,17.195,18.5
P024,1125.838,5.653,17.482,18.6
P024,1124.914,6.816,16.44,18.7
P024,1123.823,7.897,15.24,18.8
P024,1122.581,8.91,14.48,18.9
P024,1121.195,9.885,14.08,19.0
P024,1119.669,10.842,13.961,19.1
P024,1118.004,11.798,14.004,19.2
P024,1116.202,12.798,16.338,19.3
P024,1114.245,13.947,16.857,19.4
P024,1112.125,15.075,16.14,19.5
P024,1109.848,16.139,15.017,19.6
P024,1107.427,17.118,13.718,19.7
P024,1104.877,17.984,11.038,19.8
P024,1102.22,18.662,9.028,19.9
P024,1099.475,19.228,7.182,20.0
P024,1096.66,19.596,3.653,20.1
P024,1093.808,19.764,1.458,20.2
P024,1090.942,19.826,0.421,20.3
P024,1088.068,19.842,-0.034,20.4
P024,1085.19,19.828,-0.484,20.5
P024,1082.31,19.792,-0.648,20.6
P024,1079.431,19.748,-0.702,20.7
P024,1076.552,19.699,-0.73,20.8
P024,1073.672,19.648,-0.763,20.9
P024,1070.792,19.591,-0.925,21.0
P024,1067.917,19.528,-0.998,21.1
P024,1065.05,19.467,-0.953,21.2
P024,1062.194,19.414,-0.808,21.3
P024,1059.351,19.373,-0.597,21.4
P024,1056.521,19.349,-0.228,21.5
P024,1053.703,19.355,0.33,21.6
P024,1050.888,19.403,1.042,21.7
P024,1048.07,19.507,2.002,21.8
P024,1045.239,19.674,2.842,21.9
P024,1042.386,19.889,3.442,22.0
P024,1039.503,20.139,3.855,22.1
P024,1036.583,20.418,4.361,22.2
P024,1033.619,20.729,4.675,22.3
P024,1030.606,21.056,4.817,22.4
P024,1027.54,21.391,4.885,22.5
P024,1024.418,21.726,4.865,22.6
P024,1021.241,22.056,4.787,22.7
P024,1018.012,22.379,4.684,22.8
P024,1014.733,22.695,4.586,22.9
P024,1011.406,23.005,4.501,23.0
P024,1008.033,23.309,4.428,23.1
P024,1004.616,23.609,4.365,23.2
P024,1001.156,23.905,4.302,23.3
P024,997.654,24.197,4.241,23.4
P024,994.11,24.486,4.201,23.5
P024,990.524,24.774,4.182,23.6
P024,986.894,25.061,4.171,23.7
P024,983.22,25.347,4.154,23.8
P024,979.503,25.633,4.146,23.9
P024,975.742,25.917,4.144,24.0
P024,971.937,26.202,4.144,24.1
P024,968.089,26.486,4.151,24.2
P025,1410.412,30.487,0.096,0.0
P025,1405.943,30.493,0.084,0.1
P025,1401.473,30.498,0.078,0.2
P025,1397.003,30.504,0.081,0.3
P025,1392.531,30.51,0.088,0.4
P025,1388.059,30.516,0.1,0.5
P025,1383.586,30.523,0.123,0.6
P025,1379.111,30.533,0.164,0.7
P025,1374.635,30.546,0.213,0.8
P025,1370.157,30.562,0.258,0.9
P025,1365.676,30.581,0.29,1.0
P025,1361.192,30.601,0.311,1.1
P025,1356.705,30.623,0.325,1.2
P025,1352.215,30.646,0.335,1.3
P025,1347.721,30.669,0.341,1.4
P025,1343.224,30.692,0.345,1.5
P025,1338.723,30.715,0.335,1.6
P025,1334.22,30.738,0.32,1.7
P025,1329.713,30.759,0.302,1.8
P025,1325.203,30.779,0.283,1.9
P025,1320.69,30.797,0.264,2.0
P025,1316.175,30.815,0.25,2.1
P025,1311.657,30.832,0.243,2.2
P025,1307.136,30.848,0.239,2.3
P025,1302.613,30.864,0.236,2.4
P025,1298.088,30.88,0.245,2.5
P025,1293.561,30.898,0.262,2.6
P025,1289.031,30.916,0.278,2.7
P025,1284.498,30.936,0.296,2.8
P025,1279.962,30.956,0.311,2.9
P025,1275.423,30.978,0.322,3.0
P025,1270.881,31.0,0.332,3.1
P025,1266.336,31.023,0.345,3.2
P025,1261.788,31.047,0.367,3.3
P025,1257.235,31.073,0.391,3.4
P025,1252.679,31.101,0.413,3.5
P025,1248.119,31.129,0.416,3.6
P025,1243.555,31.157,0.395,3.7
P025,1238.987,31.181,0.305,3.8
P025,1234.415,31.196,0.121,3.9
P025,1229.843,31.195,-0.209,4.0
P025,1225.273,31.167,-0.566,4.1
P025,1220.709,31.121,-0.774,4.2
P025,1216.152,31.064,-0.886,4.3
P025,1211.603,31.001,-0.963,4.4
P025,1207.064,30.933,-1.023,4.5
P025,1202.536,30.862,-1.072,4.6
P025,1198.018,30.787,-1.117,4.7
P025,1193.511,30.71,-1.151,4.8
P025,1189.015,30.63,-1.174,4.9
P025,1184.531,30.55,-1.191,5.0
P025,1180.058,30.468,-1.202,5.1
P025,1175.598,30.386,-1.21,5.2
P025,1171.149,30.304,-1.205,5.3
P025,1166.713,30.222,-1.176,5.4
P025,1162.288,30.144,-1.131,5.5
P025,1157.874,30.069,-1.063,5.6
P025,1153.472,29.999,-0.972,5.7
P025,1149.078,29.937,-0.853,5.8
P025,1144.694,29.887,-0.557,5.9
P025,1140.315,29.864,-0.128,6.0
P025,1135.937,29.868,0.236,6.1
P025,1131.556,29.896,0.592,6.2
P025,1127.17,29.945,0.77,6.3
P025,1122.778,29.979,0.086,6.4
P025,1118.384,29.958,-0.632,6.5
P025,1113.997,29.903,-0.966,6.6
P025,1109.619,29.828,-1.219,6.7
P025,1105.253,29.74,-1.32,6.8
P025,1100.9,29.65,-1.336,6.9
P025,1096.561,29.559,-1.335,7.0
P025,1092.235,29.468,-1.332,7.1
P025,1087.923,29.377,-1.333,7.2
P025,1083.624,29.286,-1.333,7.3
P025,1079.338,29.195,-1.333,7.4
P025,1075.066,29.105,-1.331,7.5
P025,1070.807,29.014,-1.328,7.6
P025,1066.561,28.924,-1.325,7.7
P025,1062.329,28.832,-1.485,7.8
P025,1058.113,28.67,-3.599,7.9
P025,1053.933,28.323,-6.613,8.0
P025,1049.816,27.766,-9.585,8.1
P025,1045.793,27.043,-11.382,8.2
P025,1041.885,26.223,-12.637,8.3
P025,1038.107,25.324,-13.77,8.4
P025,1034.465,24.346,-14.881,8.5
P025,1030.972,23.303,-15.716,8.6
P025,1027.635,22.205,-16.458,8.7
P025,1024.463,21.056,-17.343,8.8
P025,1021.464,19.846,-18.155,8.9
P025,1018.646,18.589,-18.681,9.0
P025,1016.014,17.309,-18.779,9.1
P025,1013.571,16.033,-18.649,9.2
P025,1011.314,14.767,-18.546,9.3
P025,1009.242,13.508,-18.401,9.4
P025,1007.355,12.26,-18.217,9.5
P025,1005.649,11.026,-18.001,9.6
P025,1004.123,9.804,-17.915,9.7
P025,1002.776,8.573,-18.242,9.8
P025,1001.61,7.325,-18.329,9.9
P025,1000.628,6.08,-18.11,10.0
P025,999.826,4.874,-17.186,10.1
P025,999.196,3.75,-15.746,10.2
P025,998.725,2.732,-14.124,10.3
P025,998.394,1.828,-12.398,10.4
P025,998.188,1.043,-10.624,10.5
P025,998.087,0.38,-8.831,10.6
P025,998.072,0.055,0.624,10.7
P025,998.084,0.026,-0.102,10.8
P025,998.092,0.011,0.254,10.9
P025,998.093,0.002,0.139,11.0
P025,998.092,0.008,0.056,11.1
P025,998.089,0.009,0.011,11.2
P025,998.087,0.011,0.298,11.3
P025,998.082,0.059,1.167,11.4
P025,998.072,0.092,0.593,11.5
P025,998.056,0.136,0.693,11.6
P025,998.033,0.184,0.695,11.7
P025,998.002,0.231,0.679,11.8
P025,997.965,0.271,0.531,11.9
P025,997.923,0.308,0.598,12.0
P025,997.874,0.355,0.799,12.1
P025,997.817,0.428,1.451,12.2
P025,997.745,0.565,2.642,12.3
P025,997.647,0.8,4.331,12.4
P025,997.504,1.16,6.271,12.5
P025,997.299,1.665,8.648,12.6
P025,997.007,2.342,11.18,12.7
P025,996.603,3.181,13.349,12.8
P025,996.067,4.145,14.876,12.9
P025,995.383,5.202,16.035,13.0
P025,994.539,6.307,16.196,13.1
P025,993.534,7.387,15.43,13.2
P025,992.376,8.407,14.544,13.3
P025,991.072,9.377,14.008,13.4
P025,989.629,10.322,13.768,13.5
P025,988.048,11.258,13.706,13.6
P025,986.323,12.315,16.316,13.7
P025,984.436,13.42,15.973,13.8
P025,982.391,14.481,15.117,13.9
P025,980.195,15.474,14.015,14.0
P025,977.859,16.392,12.951,14.1
P025,975.398,17.161,10.12,14.2
P025,972.835,17.816,9.264,14.3
P025,970.178,18.436,8.991,14.4
P025,967.431,19.045,8.922,14.5
P026,1413.554,34.685,-1.402,0.0
P026,1408.477,34.589,-1.4,0.1
P026,1403.415,34.494,-1.397,0.2
P026,1398.366,34.399,-1.395,0.3
P026,1393.332,34.304,-1.393,0.4
P026,1388.312,34.209,-1.391,0.5
P026,1383.305,34.114,-1.389,0.6
P026,1378.312,34.02,-1.387,0.7
P026,1373.332,33.925,-1.385,0.8
P026,1368.366,33.831,-1.383,0.9
P026,1363.414,33.737,-1.381,1.0
P026,1358.475,33.643,-1.379,1.1
P026,1353.55,33.549,-1.377,1.2
P026,1348.639,33.455,-1.375,1.3
P026,1343.741,33.361,-1.373,1.4
P026,1338.857,33.268,-1.371,1.5
P026,1333.987,33.175,-1.368,1.6
P026,1329.13,33.081,-1.366,1.7
P026,1324.288,32.988,-1.364,1.8
P026,1319.46,32.896,-1.362,1.9
P026,1314.645,32.812,-1.375,2.0
P026,1309.844,32.714,-1.47,2.1
P026,1305.057,32.614,-1.454,2.2
P026,1300.285,32.516,-1.438,2.3
P026,1295.526,32.417,-1.451,2.4
P026,1290.783,32.319,-1.446,2.5
P026,1286.054,32.22,-1.443,2.6
P026,1281.339,32.122,-1.445,2.7
P026,1276.638,32.023,-1.451,2.8
P026,1271.952,31.924,-1.467,2.9
P026,1267.281,31.823,-1.496,3.0
P026,1262.625,31.72,-1.517,3.1
P026,1257.983,31.618,-1.476,3.2
P026,1253.357,31.519,-1.422,3.3
P026,1248.744,31.423,-1.396,3.4
P026,1244.145,31.329,-1.386,3.5
P026,1239.56,31.234,-1.413,3.6
P026,1234.989,31.131,-1.667,3.7
P026,1230.435,30.996,-2.391,3.8
P026,1225.904,30.799,-3.403,3.9
P026,1221.408,30.534,-4.365,4.0
P026,1216.954,30.204,-5.324,4.1
P026,1212.554,29.812,-6.16,4.2
P026,1208.216,29.365,-6.935,4.3
P026,1203.947,28.872,-7.476,4.4
P026,1199.753,28.352,-7.748,4.5
P026,1195.636,27.819,-7.882,4.6
P026,1191.598,27.279,-7.958,4.7
P026,1187.64,26.735,-8.013,4.8
P026,1183.761,26.187,-8.063,4.9
P026,1179.963,25.636,-8.11,5.0
P026,1176.247,25.082,-8.156,5.1
P026,1172.611,24.525,-8.202,5.2
P026,1169.058,23.964,-8.264,5.3
P026,1165.587,23.394,-8.48,5.4
P026,1162.2,22.818,-8.371,5.5
P026,1158.898,22.257,-8.037,5.6
P026,1155.677,21.735,-7.197,5.7
P026,1152.527,21.284,-6.02,5.8
P026,1149.438,20.914,-4.857,5.9
P026,1146.398,20.623,-3.683,6.0
P026,1143.394,20.414,-2.442,6.1
P026,1140.414,20.282,-1.569,6.2
P026,1137.451,20.186,-1.307,6.3
P026,1134.5,20.1,-1.232,6.4
P026,1131.561,20.017,-1.212,6.5
P026,1128.633,19.935,-1.207,6.6
P026,1125.717,19.853,-1.203,6.7
P026,1122.814,19.771,-1.201,6.8
P026,1119.921,19.689,-1.201,6.9
P026,1117.038,19.607,-1.201,7.0
P026,1114.166,19.51,-1.915,7.1
P026,1111.313,19.318,-3.841,7.2
P026,1108.496,18.984,-5.895,7.3
P026,1105.736,18.532,-7.367,7.4
P026,1103.052,17.978,-8.915,7.5
P026,1100.458,17.319,-10.335,7.6
P026,1097.969,16.579,-11.372,7.7
P026,1095.596,15.773,-12.272,7.8
P026,1093.346,14.902,-13.324,7.9
P026,1091.231,13.959,-14.334,8.0
P026,1089.259,12.952,-15.202,8.1
P026,1087.439,11.89,-15.963,8.2
P026,1085.778,10.778,-16.657,8.3
P026,1084.284,9.624,-17.207,8.4
P026,1082.961,8.425,-18.014,8.5
P026,1081.817,7.172,-18.755,8.6
P026,1080.861,5.87,-19.397,8.7
P026,1080.1,4.472,-21.437,8.8
P026,1079.553,2.946,-23.141,8.9
P026,1079.235,1.346,-23.626,9.0
P026,1079.152,0.15,-5.82,9.1
P026,1079.181,0.051,-0.393,9.2
P026,1079.2,0.016,0.43,9.3
P026,1079.204,0.001,0.144,9.4
P026,1079.203,0.009,0.106,9.5
P026,1079.201,0.013,0.001,9.6
P026,1079.198,0.009,-0.103,9.7
P026,1079.197,0.001,-0.103,9.8
P026,1079.197,0.003,-0.036,9.9
P026,1079.198,0.004,0.019,10.0
P026,1079.199,0.002,0.037,10.1
P026,1079.199,0.001,0.025,10.2
P026,1079.199,0.001,0.003,10.3
P026,1079.198,0.001,-0.011,10.4
P026,1079.198,0.0,-0.012,10.5
P026,1079.198,0.0,-0.006,10.6
P026,1079.198,0.001,0.001,10.7
P026,1079.198,0.0,0.004,10.8
P026,1079.198,0.0,0.004,10.9
P026,1079.198,0.0,0.001,11.0
P026,1079.198,0.0,-0.001,11.1
P026,1079.198,0.0,-0.002,11.2
P026,1079.198,0.0,-0.001,11.3
P026,1079.198,0.0,0.0,11.4
P026,1079.198,0.0,0.0,11.5
P026,1079.198,0.0,0.0,11.6
P026,1079.198,0.0,0.0,11.7
P026,1079.198,0.0,0.0,11.8
P026,1079.198,0.0,0.0,11.9
P026,1079.198,0.0,0.0,12.0
P026,1079.198,0.0,0.0,12.1
P026,1079.198,0.0,0.0,12.2
P026,1079.198,0.0,0.0,12.3
P026,1079.198,0.0,0.0,12.4
P026,1079.198,0.0,0.0,12.5
P026,1079.198,0.0,0.0,12.6
P026,1079.198,0.0,0.0,12.7
P026,1079.198,0.0,0.0,12.8
P026,1079.198,0.0,0.0,12.9
P026,1079.198,0.0,0.0,13.0
P026,1079.198,0.0,0.0,13.1
P026,1079.198,0.0,0.0,13.2
P026,1079.198,0.0,0.0,13.3
P026,1079.198,0.0,0.0,13.4
P026,1079.198,0.0,0.0,13.5
P026,1079.198,0.001,0.0,13.6
P026,1079.199,0.002,-0.001,13.7
P026,1079.199,0.002,0.0,13.8
P026,1079.199,0.001,0.0,13.9
P026,1079.199,0.0,0.0,14.0
P026,1079.199,0.002,-0.001,14.1
P026,1079.199,0.001,0.002,14.2
P026,1079.199,0.001,0.0,14.3
P026,1079.199,0.003,0.0,14.4
P026,1079.199,0.002,-0.001,14.5
P026,1079.199,0.0,0.0,14.6
P026,1079.199,0.001,0.0,14.7
P026,1079.199,0.001,0.0,14.8
P026,1079.199,0.0,0.0,14.9
P026,1079.199,0.0,0.0,15.0
P026,1079.199,0.0,0.0,15.1
P026,1079.199,0.002,0.194,15.2
P026,1079.197,0.02,0.248,15.3
P026,1079.194,0.055,0.403,15.4
P026,1079.185,0.092,0.45,15.5
P026,1079.169,0.129,0.589,15.6
P026,1079.147,0.17,0.606,15.7
P026,1079.119,0.211,0.591,15.8
P026,1079.085,0.25,0.567,15.9
P026,1079.046,0.288,0.54,16.0
P026,1079.001,0.324,0.512,16.1
P026,1078.951,0.358,0.491,16.2
P026,1078.897,0.391,0.482,16.3
P026,1078.837,0.424,0.483,16.4
P026,1078.773,0.451,0.329,16.5
P026,1078.705,0.471,0.262,16.6
P026,1078.635,0.488,0.227,16.7
P026,1078.563,0.502,0.195,16.8
P026,1078.489,0.514,0.154,16.9
P026,1078.413,0.523,0.121,17.0
P026,1078.336,0.532,0.148,17.1
P026,1078.257,0.546,0.266,17.2
P026,1078.175,0.57,0.448,17.3
P026,1078.089,0.608,0.701,17.4
P026,1077.996,0.676,1.401,17.5
P026,1077.888,0.814,2.784,17.6
P026,1077.752,1.068,4.724,17.7
P026,1077.568,1.463,6.925,17.8
P026,1077.315,2.018,9.381,17.9
P026,1076.968,2.735,11.536,18.0
P026,1076.508,3.569,12.794,18.1
P026,1075.92,4.468,13.553,18.2
P026,1075.199,5.403,13.733,18.3
P026,1074.341,6.322,13.189,18.4
P026,1073.351,7.2,12.582,18.5
P026,1072.236,8.039,12.058,18.6
P026,1071.0,8.85,11.784,18.7
P026,1069.647,9.65,12.172,18.8
P026,1068.17,10.534,13.156,18.9
P026,1066.562,11.405,12.312,19.0
P026,1064.832,12.203,11.087,19.1
P026,1062.992,12.912,9.666,19.2
P026,1061.055,13.52,7.935,19.3
P026,1059.039,13.975,5.797,19.4
P026,1056.964,14.341,5.074,19.5
P026,1054.839,14.677,4.851,19.6
P026,1052.665,15.007,4.839,19.7
P026,1050.443,15.338,4.896,19.8
P026,1048.173,15.676,5.07,19.9
P026,1045.851,16.033,5.391,20.0
P026,1043.475,16.41,5.667,20.1
P026,1041.041,16.805,6.138,20.2
P026,1038.547,17.256,6.823,20.3
P026,1035.984,17.72,6.743,20.4
P026,1033.355,18.173,6.552,20.5
P026,1030.66,18.611,6.309,20.6
P026,1027.902,19.03,5.877,20.7
P026,1025.086,19.404,5.218,20.8
P026,1022.217,19.751,5.007,20.9
P026,1019.298,20.09,4.96,21.0
P026,1016.329,20.428,4.977,21.1
P026,1013.31,20.768,5.006,21.2
P026,1010.241,21.11,5.015,21.3
P026,1007.123,21.452,5.005,21.4
P026,1003.954,21.792,4.982,21.5
P026,1000.736,22.13,4.96,21.6
P026,997.467,22.468,4.946,21.7
P026,994.15,22.805,4.944,21.8
P026,990.783,23.142,4.955,21.9
P026,987.366,23.48,4.975,22.0
P026,983.899,23.82,4.987,22.1
P026,980.382,24.16,4.996,22.2
P026,976.816,24.501,5.015,22.3
P026,973.199,24.843,5.022,22.4
P026,969.532,25.185,5.023,22.5
P027,1411.624,35.097,-1.411,0.0
P027,1406.487,35.001,-1.409,0.1
P027,1401.364,34.905,-1.407,0.2
P027,1396.255,34.809,-1.405,0.3
P027,1391.159,34.713,-1.402,0.4
P027,1386.078,34.618,-1.4,0.5
P027,1381.011,34.523,-1.398,0.6
P027,1375.958,34.427,-1.396,0.7
P027,1370.918,34.332,-1.394,0.8
P027,1365.893,34.238,-1.392,0.9
P027,1360.882,34.143,-1.39,1.0
P027,1355.884,34.048,-1.387,1.1
P027,1350.9,33.954,-1.385,1.2
P027,1345.931,33.859,-1.383,1.3
P027,1340.975,33.765,-1.381,1.4
P027,1336.033,33.671,-1.379,1.5
P027,1331.105,33.577,-1.377,1.6
P027,1326.191,33.484,-1.376,1.7
P027,1321.291,33.378,-1.898,1.8
P027,1316.409,33.215,-2.857,1.9
P027,1311.556,32.994,-3.386,2.0
P027,1306.738,32.727,-4.437,2.1
P027,1301.964,32.396,-5.276,2.2
P027,1297.243,31.998,-6.437,2.3
P027,1292.586,31.525,-7.379,2.4
P027,1288.002,31.001,-7.963,2.5
P027,1283.497,30.44,-8.469,2.6
P027,1279.077,29.854,-8.699,2.7
P027,1274.745,29.256,-8.853,2.8
P027,1270.5,28.648,-8.98,2.9
P027,1266.345,28.027,-9.282,3.0
P027,1262.284,27.378,-9.888,3.1
P027,1258.321,26.657,-11.236,3.2
P027,1254.469,25.856,-12.202,3.3
P027,1250.739,24.999,-12.939,3.4
P027,1247.139,24.099,-13.397,3.5
P027,1243.673,23.174,-13.757,3.6
P027,1240.345,22.23,-13.911,3.7
P027,1237.156,21.281,-13.945,3.8
P027,1234.106,20.331,-13.935,3.9
P027,1231.196,19.382,-13.898,4.0
P027,1228.424,18.438,-13.845,4.1
P027,1225.791,17.489,-14.027,4.2
P027,1223.298,16.527,-14.199,4.3
P027,1220.946,15.564,-13.966,4.4
P027,1218.735,14.634,-13.241,4.5
P027,1216.656,13.768,-12.155,4.6
P027,1214.699,12.981,-10.921,4.7
P027,1212.851,12.284,-9.474,4.8
P027,1211.098,11.68,-8.365,4.9
P027,1209.428,11.144,-7.357,5.0
P027,1207.831,10.683,-6.135,5.1
P027,1206.295,10.308,-4.899,5.2
P027,1204.808,10.014,-3.758,5.3
P027,1203.359,9.793,-2.684,5.4
P027,1201.936,9.65,-1.579,5.5
P027,1200.53,9.563,-1.092,5.6
P027,1199.134,9.493,-0.971,5.7
P027,1197.747,9.428,-0.944,5.8
P027,1196.37,9.364,-0.941,5.9
P027,1195.002,9.3,-0.942,6.0
P027,1193.643,9.235,-1.044,6.1
P027,1192.296,9.154,-1.253,6.2
P027,1190.96,9.07,-1.229,6.3
P027,1189.637,8.985,-1.256,6.4
P027,1188.326,8.898,-1.293,6.5
P027,1187.029,8.809,-1.315,6.6
P027,1185.744,8.72,-1.295,6.7
P027,1184.472,8.629,-1.41,6.8
P027,1183.214,8.554,-0.743,6.9
P027,1181.963,8.516,-0.392,7.0
P027,1180.716,8.503,0.059,7.1
P027,1179.468,8.529,0.729,7.2
P027,1178.213,8.602,1.435,7.3
P027,1176.943,8.731,2.364,7.4
P027,1175.649,8.925,3.305,7.5
P027,1174.323,9.169,3.7,7.6
P027,1172.962,9.395,2.659,7.7
P027,1171.574,9.519,1.056,7.8
P027,1170.176,9.549,-0.056,7.9
P027,1168.778,9.526,-0.562,8.0
P027,1167.385,9.474,-0.944,8.1
P027,1166.001,9.404,-1.058,8.2
P027,1164.628,9.332,-1.059,8.3
P027,1163.266,9.26,-1.046,8.4
P027,1161.914,9.189,-1.042,8.5
P027,1160.572,9.118,-1.045,8.6
P027,1159.241,9.047,-1.047,8.7
P027,1157.92,8.976,-1.045,8.8
P027,1156.61,8.905,-1.038,8.9
P027,1155.31,8.834,-1.029,9.0
P027,1154.02,8.764,-1.022,9.1
P027,1152.74,8.695,-1.017,9.2
P027,1151.471,8.626,-1.012,9.3
P027,1150.211,8.557,-1.008,9.4
P027,1148.962,8.488,-1.003,9.5
P027,1147.723,8.42,-0.997,9.6
P027,1146.494,8.353,-0.992,9.7
P027,1145.274,8.285,-0.986,9.8
P027,1144.065,8.218,-0.981,9.9
P027,1142.865,8.152,-0.976,10.0
P027,1141.675,8.085,-0.971,10.1
P027,1140.495,8.019,-0.966,10.2
P027,1139.324,7.954,-0.961,10.3
P027,1138.163,7.888,-0.956,10.4
P027,1137.012,7.823,-0.951,10.5
P027,1135.87,7.759,-0.946,10.6
P027,1134.737,7.694,-0.941,10.7
P027,1133.614,7.63,-0.936,10.8
P027,1132.5,7.567,-0.932,10.9
P027,1131.396,7.503,-0.927,11.0
P027,1130.301,7.44,-0.922,11.1
P027,1129.215,7.378,-0.917,11.2
P027,1128.138,7.315,-0.913,11.3
P027,1127.07,7.253,-0.908,11.4
P027,1126.011,7.192,-0.904,11.5
P027,1124.962,7.13,-0.899,11.6
P027,1123.921,7.069,-0.895,11.7
P027,1122.889,7.008,-0.89,11.8
P027,1121.866,6.948,-0.886,11.9
P027,1120.853,6.888,-0.881,12.0
P027,1119.847,6.828,-0.877,12.1
P027,1118.851,6.768,-0.873,12.2
P027,1117.863,6.709,-0.869,12.3
P027,1116.884,6.65,-0.865,12.4
P027,1115.914,6.591,-0.861,12.5
P027,1114.952,6.532,-0.857,12.6
P027,1113.999,6.474,-0.853,12.7
P027,1113.054,6.416,-0.849,12.8
P027,1112.118,6.358,-0.845,12.9
P027,1111.19,6.301,-0.841,13.0
P027,1110.271,6.244,-0.837,13.1
P027,1109.36,6.187,-0.834,13.2
P027,1108.457,6.13,-0.83,13.3
P027,1107.562,6.074,-0.826,13.4
P027,1106.676,6.018,-0.822,13.5
P027,1105.798,5.962,-0.819,13.6
P027,1104.929,5.906,-0.815,13.7
P027,1104.067,5.851,-0.811,13.8
P027,1103.213,5.795,-0.807,13.9
P027,1102.368,5.741,-0.803,14.0
P027,1101.53,5.686,-0.799,14.1
P027,1100.701,5.632,-0.795,14.2
P027,1099.88,5.578,-0.791,14.3
P027,1099.066,5.524,-0.787,14.4
P027,1098.26,5.47,-0.782,14.5
P027,1097.462,5.417,-0.777,14.6
P027,1096.672,5.365,-0.773,14.7
P027,1095.89,5.312,-0.768,14.8
P027,1095.115,5.26,-0.763,14.9
P027,1094.348,5.208,-0.759,15.0
P027,1093.588,5.157,-0.754,15.1
P027,1092.836,5.105,-0.75,15.2
P027,1092.091,5.054,-0.74,15.3
P027,1091.354,5.005,-0.724,15.4
P027,1090.624,4.956,-0.71,15.5
P027,1089.901,4.908,-0.681,15.6
P027,1089.185,4.865,-0.557,15.7
P027,1088.475,4.833,-0.37,15.8
P027,1087.767,4.827,0.335,15.9
P027,1087.056,4.897,1.861,16.0
P027,1086.324,5.108,4.463,16.1
P027,1085.548,5.51,7.313,16.2
P027,1084.699,6.093,9.674,16.3
P027,1083.754,6.808,11.149,16.4
P027,1082.699,7.596,11.899,16.5
P027,1081.525,8.42,12.2,16.6
P027,1080.23,9.25,12.128,16.7
P027,1078.813,10.07,11.927,16.8
P027,1077.278,10.872,11.612,16.9
P027,1075.627,11.65,11.216,17.0
P027,1073.864,12.4,10.805,17.1
P027,1071.993,13.124,10.454,17.2
P027,1070.017,13.827,10.191,17.3
P027,1067.94,14.514,9.977,17.4
P027,1065.763,15.187,9.775,17.5
P027,1063.488,15.846,9.562,17.6
P027,1061.118,16.491,9.374,17.7
P027,1058.655,17.125,9.236,17.8
P027,1056.1,17.751,9.156,17.9
P027,1053.453,18.373,9.106,18.0
P027,1050.715,18.992,9.079,18.1
P027,1047.887,19.611,9.073,18.2
P027,1044.968,20.229,9.079,18.3
P027,1041.958,20.847,9.066,18.4
P027,1038.857,21.464,9.036,18.5
P027,1035.666,22.079,9.003,18.6
P027,1032.384,22.691,8.972,18.7
P027,1029.013,23.302,8.955,18.8
P027,1025.553,23.911,8.934,18.9
P027,1022.0,24.578,10.462,19.0
P027,1018.346,25.282,10.066,19.1
P027,1014.592,25.943,9.335,19.2
P027,1010.745,26.553,8.572,19.3
P027,1006.813,27.114,7.888,19.4
P027,1002.802,27.602,6.444,19.5
P027,998.726,28.019,5.922,19.6
P027,994.59,28.417,5.771,19.7
P027,990.397,28.808,5.731,19.8
P027,986.147,29.198,5.727,19.9
P027,981.84,29.589,5.726,20.0
P027,977.475,29.979,5.72,20.1
P027,973.052,30.368,5.711,20.2
P027,968.572,30.757,5.702,20.3
P028,1411.071,29.502,0.541,0.0
P028,1406.757,29.542,0.645,0.1
P028,1402.436,29.59,0.748,0.2
P028,1398.108,29.644,0.849,0.3
P028,1393.771,29.706,0.947,0.4
P028,1389.424,29.777,1.253,0.5
P028,1385.064,29.873,1.503,0.6
P028,1380.688,29.979,1.564,0.7
P028,1376.296,30.079,1.331,0.8
P028,1371.891,30.155,0.85,0.9
P028,1367.477,30.194,0.323,1.0
P028,1363.058,30.203,-0.022,1.1
P028,1358.64,30.194,-0.239,1.2
P028,1354.223,30.172,-0.417,1.3
P028,1349.81,30.138,-0.597,1.4
P028,1345.403,30.091,-0.783,1.5
P028,1341.002,30.032,-0.938,1.6
P028,1336.61,29.966,-0.975,1.7
P028,1332.226,29.9,-0.978,1.8
P028,1327.852,29.833,-0.987,1.9
P028,1323.488,29.766,-0.991,2.0
P028,1319.133,29.698,-1.014,2.1
P028,1314.788,29.627,-1.063,2.2
P028,1310.454,29.553,-1.108,2.3
P028,1306.13,29.476,-1.142,2.4
P028,1301.818,29.397,-1.183,2.5
P028,1297.518,29.313,-1.301,2.6
P028,1293.23,29.22,-1.424,2.7
P028,1288.957,29.121,-1.463,2.8
P028,1284.699,29.022,-1.47,2.9
P028,1280.455,28.921,-1.468,3.0
P028,1276.226,28.822,-1.464,3.1
P028,1272.01,28.722,-1.46,3.2
P028,1267.81,28.623,-1.457,3.3
P028,1263.623,28.523,-1.455,3.4
P028,1259.449,28.424,-1.453,3.5
P028,1255.289,28.326,-1.449,3.6
P028,1251.144,28.227,-1.446,3.7
P028,1247.012,28.128,-1.444,3.8
P028,1242.894,28.03,-1.441,3.9
P028,1238.791,27.932,-1.437,4.0
P028,1234.702,27.834,-1.433,4.1
P028,1230.628,27.737,-1.43,4.2
P028,1226.569,27.64,-1.427,4.3
P028,1222.524,27.542,-1.424,4.4
P028,1218.493,27.446,-1.42,4.5
P028,1214.477,27.349,-1.418,4.6
P028,1210.475,27.252,-1.415,4.7
P028,1206.488,27.156,-1.412,4.8
P028,1202.515,27.06,-1.409,4.9
P028,1198.556,26.964,-1.406,5.0
P028,1194.611,26.868,-1.403,5.1
P028,1190.681,26.773,-1.4,5.2
P028,1186.764,26.678,-1.397,5.3
P028,1182.862,26.583,-1.394,5.4
P028,1178.973,26.488,-1.392,5.5
P028,1175.099,26.393,-1.389,5.6
P028,1171.238,26.298,-1.386,5.7
P028,1167.39,26.204,-1.383,5.8
P028,1163.556,26.11,-1.38,5.9
P028,1159.735,26.016,-1.377,6.0
P028,1155.929,25.922,-1.374,6.1
P028,1152.136,25.829,-1.372,6.2
P028,1148.356,25.735,-1.368,6.3
P028,1144.591,25.642,-1.365,6.4
P028,1140.84,25.549,-1.363,6.5
P028,1137.102,25.457,-1.36,6.6
P028,1133.378,25.358,-1.716,6.7
P028,1129.672,25.195,-3.221,6.8
P028,1125.998,24.908,-5.207,6.9
P028,1122.374,24.494,-6.811,7.0
P028,1118.817,23.992,-7.936,7.1
P028,1115.341,23.41,-9.162,7.2
P028,1111.957,22.739,-10.538,7.3
P028,1108.678,21.973,-12.002,7.4
P028,1105.518,21.1,-13.673,7.5
P028,1102.494,20.112,-15.223,7.6
P028,1099.623,19.033,-16.41,7.7
P028,1096.916,17.877,-17.531,7.8
P028,1094.384,16.642,-18.678,7.9
P028,1092.04,15.299,-21.561,8.0
P028,1089.908,13.707,-24.807,8.1
P028,1088.021,11.943,-26.827,8.2
P028,1086.404,10.071,-27.996,8.3
P028,1085.069,8.131,-28.934,8.4
P028,1084.022,6.129,-29.835,8.5
P028,1083.272,4.064,-30.72,8.6
P028,1082.829,1.947,-31.39,8.7
P028,1082.699,0.166,-22.988,8.8
P028,1082.738,0.009,-1.145,8.9
P028,1082.76,0.007,1.023,9.0
P028,1082.764,0.009,0.037,9.1
P028,1082.762,0.014,0.053,9.2
P028,1082.759,0.015,-0.02,9.3
P028,1082.756,0.01,-0.117,9.4
P028,1082.755,0.002,-0.112,9.5
P028,1082.755,0.004,-0.037,9.6
P028,1082.756,0.004,0.021,9.7
P028,1082.757,0.002,0.038,9.8
P028,1082.757,0.001,0.025,9.9
P028,1082.757,0.002,0.002,10.0
P028,1082.756,0.001,-0.012,10.1
P028,1082.756,0.0,-0.013,10.2
P028,1082.756,0.0,-0.006,10.3
P028,1082.756,0.001,0.001,10.4
P028,1082.756,0.0,0.005,10.5
P028,1082.756,0.0,0.004,10.6
P028,1082.756,0.0,0.001,10.7
P028,1082.756,0.0,-0.001,10.8
P028,1082.756,0.0,-0.001,10.9
P028,1082.756,0.0,-0.001,11.0
P028,1082.756,0.0,0.0,11.1
P028,1082.756,0.0,0.0,11.2
P028,1082.756,0.0,0.001,11.3
P028,1082.756,0.0,0.0,11.4
P028,1082.756,0.0,0.0,11.5
P028,1082.756,0.0,0.0,11.6
P028,1082.756,0.0,0.0,11.7
P028,1082.756,0.0,0.0,11.8
P028,1082.756,0.0,0.0,11.9
P028,1082.756,0.0,0.0,12.0
P028,1082.756,0.0,0.0,12.1
P028,1082.756,0.0,0.0,12.2
P028,1082.756,0.0,0.0,12.3
P028,1082.756,0.0,0.0,12.4
P028,1082.756,0.0,0.0,12.5
P028,1082.756,0.0,0.0,12.6
P028,1082.756,0.0,0.0,12.7
P028,1082.756,0.0,0.0,12.8
P028,1082.756,0.0,0.0,12.9
P028,1082.756,0.0,0.0,13.0
P028,1082.756,0.0,0.0,13.1
P028,1082.756,0.0,0.0,13.2
P028,1082.756,0.0,0.0,13.3
P028,1082.756,0.0,0.0,13.4
P028,1082.756,0.0,0.0,13.5
P028,1082.756,0.0,0.0,13.6
P028,1082.756,0.0,0.0,13.7
P028,1082.756,0.0,0.0,13.8
P028,1082.756,0.0,0.0,13.9
P028,1082.756,0.0,0.0,14.0
P028,1082.756,0.0,0.0,14.1
P028,1082.756,0.0,0.0,14.2
P028,1082.756,0.0,0.0,14.3
P028,1082.756,0.0,0.0,14.4
P028,1082.756,0.0,0.0,14.5
P028,1082.756,0.0,0.0,14.6
P028,1082.756,0.0,0.0,14.7
P028,1082.756,0.0,0.0,14.8
P028,1082.756,0.0,0.0,14.9
P028,1082.756,0.0,0.0,15.0
P028,1082.756,0.0,0.0,15.1
P028,1082.756,0.0,0.0,15.2
P028,1082.756,0.0,0.0,15.3
P028,1082.756,0.0,0.0,15.4
P028,1082.756,0.0,0.0,15.5
P028,1082.756,0.0,0.0,15.6
P028,1082.756,0.0,0.0,15.7
P028,1082.756,0.0,0.0,15.8
P028,1082.756,0.0,0.0,15.9
P028,1082.756,0.0,0.0,16.0
P028,1082.756,0.0,0.0,16.1
P028,1082.756,0.0,0.0,16.2
P028,1082.756,0.0,0.0,16.3
P028,1082.756,0.0,0.0,16.4
P028,1082.756,0.0,0.0,16.5
P028,1082.756,0.0,0.0,16.6
P028,1082.756,0.0,0.0,16.7
P028,1082.756,0.0,0.0,16.8
P028,1082.756,0.0,0.0,16.9
P028,1082.756,0.0,0.0,17.0
P028,1082.756,0.0,0.0,17.1
P028,1082.756,0.0,0.0,17.2
P028,1082.756,0.0,0.0,17.3
P028,1082.756,0.0,0.0,17.4
P028,1082.756,0.0,0.0,17.5
P028,1082.756,0.0,0.0,17.6
P028,1082.756,0.0,0.0,17.7
P028,1082.756,0.0,0.0,17.8
P028,1082.756,0.0,0.0,17.9
P028,1082.756,0.0,0.0,18.0
P028,1082.756,0.0,0.0,18.1
P028,1082.756,0.0,0.0,18.2
P028,1082.756,0.0,0.0,18.3
P028,1082.756,0.0,0.0,18.4
P028,1082.756,0.0,0.0,18.5
P028,1082.756,0.0,0.0,18.6
P028,1082.756,0.0,0.0,18.7
P028,1082.756,0.0,0.0,18.8
P028,1082.756,0.0,0.0,18.9
P028,1082.756,0.0,0.0,19.0
P028,1082.756,0.0,0.0,19.1
P028,1082.756,0.0,0.0,19.2
P028,1082.756,0.0,0.0,19.3
P028,1082.756,0.0,0.0,19.4
P028,1082.756,0.0,0.0,19.5
P028,1082.756,0.0,0.0,19.6
P028,1082.756,0.0,0.0,19.7
P028,1082.756,0.0,0.0,19.8
P028,1082.756,0.0,0.0,19.9
P028,1082.756,0.0,0.0,20.0
P028,1082.756,0.0,0.0,20.1
P028,1082.756,0.0,0.0,20.2
P028,1082.756,0.0,0.0,20.3
P028,1082.756,0.0,0.0,20.4
P028,1082.756,0.0,0.0,20.5
P028,1082.756,0.0,0.0,20.6
P028,1082.756,0.0,0.0,20.7
P028,1082.756,0.0,0.0,20.8
P028,1082.756,0.0,0.0,20.9
P028,1082.756,0.0,0.0,21.0
P028,1082.756,0.0,0.0,21.1
P028,1082.756,0.0,0.0,21.2
P028,1082.756,0.0,0.0,21.3
P028,1082.756,0.0,0.0,21.4
P028,1082.756,0.0,0.0,21.5
P028,1082.756,0.0,0.0,21.6
P028,1082.756,0.0,0.0,21.7
P028,1082.756,0.0,0.0,21.8
P028,1082.756,0.0,0.0,21.9
P028,1082.756,0.0,0.024,22.0
P028,1082.756,0.014,0.287,22.1
P028,1082.754,0.031,0.222,22.2
P028,1082.749,0.062,0.524,22.3
P028,1082.738,0.098,0.478,22.4
P028,1082.721,0.136,0.591,22.5
P028,1082.698,0.177,0.603,22.6
P028,1082.669,0.217,0.588,22.7
P028,1082.634,0.256,0.564,22.8
P028,1082.594,0.294,0.537,22.9
P028,1082.548,0.33,0.518,23.0
P028,1082.497,0.365,0.509,23.1
P028,1082.441,0.399,0.503,23.2
P028,1082.38,0.432,0.421,23.3
P028,1082.315,0.458,0.367,23.4
P028,1082.246,0.487,0.54,23.5
P028,1082.17,0.559,1.877,23.6
P028,1082.074,0.795,5.4,23.7
P028,1081.922,1.318,10.078,23.8
P028,1081.67,2.182,15.326,23.9
P028,1081.266,3.355,18.569,24.0
P028,1080.68,4.635,18.721,24.1
P028,1079.906,5.897,18.173,24.2
P028,1078.951,7.087,16.715,24.3
P028,1077.83,8.182,15.474,24.4
P028,1076.555,9.205,14.647,24.5
P028,1075.133,10.19,14.356,24.6
P028,1073.569,11.167,14.346,24.7
P028,1071.86,12.148,14.422,24.8
P028,1070.007,13.131,14.447,24.9
P028,1068.009,14.117,14.482,25.0
P028,1065.867,15.103,14.469,25.1
P028,1063.58,16.086,14.35,25.2
P028,1061.145,17.19,17.978,25.3
P028,1058.533,18.431,18.164,25.4
P028,1055.74,19.648,17.476,25.5
P028,1052.774,20.798,16.155,25.6
P028,1049.647,21.838,14.317,25.7
P028,1046.382,22.653,10.018,25.8
P028,1043.014,23.297,9.119,25.9
P028,1039.554,23.909,8.889,26.0
P028,1036.004,24.513,8.851,26.1
P028,1032.363,25.182,10.505,26.2
P028,1028.62,25.888,10.104,26.3
P028,1024.778,26.551,9.331,26.4
P028,1020.843,27.159,8.516,26.5
P028,1016.821,27.714,7.77,26.6
P028,1012.723,28.189,6.253,26.7
P028,1008.562,28.594,5.74,26.8
P028,1004.343,28.977,5.492,26.9
P028,1000.07,29.342,5.224,27.0
P028,995.745,29.69,5.007,27.1
P028,991.369,30.046,5.269,27.2
P028,986.94,30.395,4.953,27.3
P028,982.461,30.719,4.563,27.4
P028,977.937,31.018,4.207,27.5
P028,973.37,31.294,3.914,27.6
P028,968.765,31.538,3.314,27.7
P029,1412.764,29.991,2.002,0.0
P029,1408.357,30.141,2.362,0.1
P029,1403.926,30.312,2.607,0.2
P029,1399.47,30.48,2.2,0.3
P029,1394.992,30.602,1.351,0.4
P029,1390.502,30.66,0.37,0.5
P029,1386.007,30.664,-0.199,0.6
P029,1381.514,30.637,-0.569,0.7
P029,1377.027,30.591,-0.675,0.8
P029,1372.547,30.545,-0.677,0.9
P029,1368.073,30.496,-0.762,1.0
P029,1363.607,30.441,-0.878,1.1
P029,1359.15,30.378,-0.95,1.2
P029,1354.701,30.31,-1.124,1.3
P029,1350.264,30.226,-1.297,1.4
P029,1345.84,30.136,-1.341,1.5
P029,1341.429,30.044,-1.35,1.6
P029,1337.031,29.952,-1.349,1.7
P029,1332.648,29.86,-1.346,1.8
P029,1328.277,29.769,-1.344,1.9
P029,1323.92,29.677,-1.342,2.0
P029,1319.577,29.586,-1.341,2.1
P029,1315.247,29.494,-1.339,2.2
P029,1310.93,29.403,-1.337,2.3
P029,1306.627,29.312,-1.335,2.4
P029,1302.337,29.221,-1.332,2.5
P029,1298.06,29.13,-1.33,2.6
P029,1293.796,29.04,-1.328,2.7
P029,1289.546,28.95,-1.326,2.8
P029,1285.31,28.859,-1.324,2.9
P029,1281.086,28.769,-1.322,3.0
P029,1276.876,28.679,-1.319,3.1
P029,1272.68,28.589,-1.317,3.2
P029,1268.496,28.5,-1.315,3.3
P029,1264.326,28.41,-1.313,3.4
P029,1260.168,28.321,-1.311,3.5
P029,1256.024,28.231,-1.309,3.6
P029,1251.893,28.142,-1.307,3.7
P029,1247.774,28.053,-1.305,3.8
P029,1243.669,27.964,-1.303,3.9
P029,1239.576,27.876,-1.302,4.0
P029,1235.496,27.787,-1.3,4.1
P029,1231.429,27.698,-1.357,4.2
P029,1227.376,27.589,-1.982,4.3
P029,1223.343,27.412,-3.33,4.4
P029,1219.343,27.127,-5.012,4.5
P029,1215.392,26.736,-6.377,4.6
P029,1211.504,26.269,-7.251,4.7
P029,1207.69,25.756,-7.76,4.8
P029,1203.954,25.211,-8.273,4.9
P029,1200.301,24.63,-8.767,5.0
P029,1196.735,24.017,-9.227,5.1
P029,1193.261,23.366,-9.911,5.2
P029,1189.886,22.671,-10.44,5.3
P029,1186.616,21.949,-10.722,5.4
P029,1183.453,21.212,-10.897,5.5
P029,1180.399,20.464,-11.058,5.6
P029,1177.455,19.711,-10.989,5.7
P029,1174.62,18.966,-10.883,5.8
P029,1171.895,18.23,-10.678,5.9
P029,1169.276,17.518,-10.166,6.0
P029,1166.759,16.858,-9.159,6.1
P029,1164.334,16.267,-8.258,6.2
P029,1161.991,15.727,-7.565,6.3
P029,1159.724,15.242,-6.652,6.4
P029,1157.523,14.824,-5.593,6.5
P029,1155.378,14.481,-4.489,6.6
P029,1153.279,14.211,-3.448,6.7
P029,1151.213,14.016,-2.262,6.8
P029,1149.17,13.889,-1.611,6.9
P029,1147.144,13.788,-1.37,7.0
P029,1145.13,13.701,-1.204,7.1
P029,1143.128,13.622,-1.138,7.2
P029,1141.138,13.545,-1.114,7.3
P029,1139.159,13.469,-1.105,7.4
P029,1137.191,13.394,-1.099,7.5
P029,1135.234,13.318,-1.221,7.6
P029,1133.289,13.213,-1.933,7.7
P029,1131.364,13.053,-2.726,7.8
P029,1129.465,12.844,-3.42,7.9
P029,1127.6,12.583,-4.255,8.0
P029,1125.777,12.261,-5.251,8.1
P029,1124.008,11.863,-6.39,8.2
P029,1122.301,11.401,-7.098,8.3
P029,1120.665,10.9,-7.628,8.4
P029,1119.106,10.356,-8.384,8.5
P029,1117.63,9.757,-9.193,8.6
P029,1116.246,9.104,-9.989,8.7
P029,1114.962,8.401,-10.586,8.8
P029,1113.784,7.666,-10.97,8.9
P029,1112.715,6.909,-11.208,9.0
P029,1111.758,6.141,-11.325,9.1
P029,1110.914,5.37,-11.241,9.2
P029,1110.183,4.608,-11.157,9.3
P029,1109.563,3.849,-11.126,9.4
P029,1109.054,3.09,-11.146,9.5
P029,1108.656,2.331,-11.117,9.6
P029,1108.37,1.578,-10.975,9.7
P029,1108.193,0.84,-10.649,9.8
P029,1108.122,0.129,-10.227,9.9
P029,1108.129,0.022,0.122,10.0
P029,1108.141,0.026,0.368,10.1
P029,1108.147,0.006,0.197,10.2
P029,1108.147,0.005,0.126,10.3
P029,1108.145,0.01,0.022,10.4
P029,1108.142,0.008,-0.077,10.5
P029,1108.141,0.002,-0.091,10.6
P029,1108.141,0.003,-0.04,10.7
P029,1108.142,0.004,0.01,10.8
P029,1108.143,0.002,0.031,10.9
P029,1108.143,0.0,0.025,11.0
P029,1108.143,0.001,0.007,11.1
P029,1108.143,0.001,-0.007,11.2
P029,1108.142,0.0,-0.011,11.3
P029,1108.142,0.001,-0.006,11.4
P029,1108.142,0.001,0.0,11.5
P029,1108.142,0.001,0.003,11.6
P029,1108.142,0.002,0.021,11.7
P029,1108.141,0.021,0.661,11.8
P029,1108.134,0.074,0.364,11.9
P029,1108.121,0.108,0.585,12.0
P029,1108.102,0.15,0.623,12.1
P029,1108.077,0.192,0.612,12.2
P029,1108.046,0.233,0.595,12.3
P029,1108.009,0.273,0.583,12.4
P029,1107.966,0.312,0.513,12.5
P029,1107.917,0.343,0.444,12.6
P029,1107.864,0.378,0.595,12.7
P029,1107.805,0.446,1.714,12.8
P029,1107.726,0.659,4.919,12.9
P029,1107.596,1.149,9.629,13.0
P029,1107.37,1.995,15.229,13.1
P029,1106.993,3.166,18.635,13.2
P029,1106.431,4.457,18.877,13.3
P029,1105.68,5.728,18.323,13.4
P029,1104.746,6.931,16.889,13.5
P029,1103.642,8.037,15.634,13.6
P029,1102.383,9.072,14.811,13.7
P029,1100.977,10.068,14.48,13.8
P029,1099.428,11.051,14.399,13.9
P029,1097.736,12.032,14.366,14.0
P029,1095.901,13.03,16.168,14.1
P029,1093.907,14.179,16.907,14.2
P029,1091.744,15.304,15.954,14.3
P029,1089.425,16.32,13.747,14.4
P029,1086.968,17.173,11.284,14.5
P029,1084.4,17.843,8.039,14.6
P029,1081.751,18.295,5.475,14.7
P029,1079.045,18.607,3.754,14.8
P029,1076.302,18.816,2.489,14.9
P029,1073.534,18.958,1.748,15.0
P029,1070.749,19.054,0.822,15.1
P029,1067.955,19.076,-0.004,15.2
P029,1065.161,19.065,-0.276,15.3
P029,1062.369,19.041,-0.42,15.4
P029,1059.58,19.01,-0.452,15.5
P029,1056.796,18.982,-0.35,15.6
P029,1054.016,18.967,-0.012,15.7
P029,1051.235,19.006,1.254,15.8
P029,1048.442,19.138,2.654,15.9
P029,1045.622,19.367,4.052,16.0
P029,1042.763,19.686,5.263,16.1
P029,1039.851,20.077,6.135,16.2
P029,1036.877,20.509,6.466,16.3
P029,1033.84,20.953,6.554,16.4
P029,1030.737,21.4,6.572,16.5
P029,1027.569,21.848,6.562,16.6
P029,1024.335,22.295,6.541,16.7
P029,1021.036,22.739,6.505,16.8
P029,1017.672,23.181,6.459,16.9
P029,1014.243,23.619,6.404,17.0
P029,1010.751,24.054,6.341,17.1
P029,1007.194,24.483,6.272,17.2
P029,1003.575,24.908,6.201,17.3
P029,999.894,25.328,6.13,17.4
P029,996.152,25.744,6.066,17.5
P029,992.35,26.155,6.009,17.6
P029,988.488,26.563,5.962,17.7
P029,984.566,26.968,5.923,17.8
P029,980.586,27.37,5.885,17.9
P029,976.546,27.77,5.849,18.0
P029,972.447,28.168,5.817,18.1
P029,968.291,28.563,5.777,18.2
P030,1410.602,36.605,0.856,0.0
P030,1405.232,36.663,0.832,0.1
P030,1399.854,36.718,0.733,0.2
P030,1394.469,36.751,0.133,0.3
P030,1389.083,36.734,-0.585,0.4
P030,1383.703,36.679,-1.021,0.5
P030,1378.333,36.596,-1.359,0.6
P030,1372.976,36.498,-1.486,0.7
P030,1367.634,36.396,-1.507,0.8
P030,1362.307,36.293,-1.506,0.9
P030,1356.995,36.191,-1.502,1.0
P030,1351.698,36.089,-1.5,1.1
P030,1346.416,35.987,-1.5,1.2
P030,1341.149,35.884,-1.499,1.3
P030,1335.897,35.782,-1.497,1.4
P030,1330.66,35.68,-1.493,1.5
P030,1325.437,35.579,-1.49,1.6
P030,1320.23,35.477,-1.487,1.7
P030,1315.037,35.376,-1.484,1.8
P030,1309.86,35.275,-1.482,1.9
P030,1304.697,35.174,-1.48,2.0
P030,1299.548,35.073,-1.477,2.1
P030,1294.415,34.973,-1.474,2.2
P030,1289.296,34.872,-1.472,2.3
P030,1284.192,34.772,-1.469,2.4
P030,1279.103,34.672,-1.467,2.5
P030,1274.028,34.572,-1.464,2.6
P030,1268.968,34.473,-1.461,2.7
P030,1263.923,34.373,-1.459,2.8
P030,1258.892,34.274,-1.456,2.9
P030,1253.876,34.175,-1.454,3.0
P030,1248.874,34.076,-1.451,3.1
P030,1243.887,33.977,-1.449,3.2
P030,1238.914,33.878,-1.446,3.3
P030,1233.956,33.78,-1.444,3.4
P030,1229.012,33.682,-1.441,3.5
P030,1224.082,33.584,-1.439,3.6
P030,1219.166,33.486,-1.436,3.7
P030,1214.265,33.388,-1.434,3.8
P030,1209.378,33.29,-1.432,3.9
P030,1204.506,33.193,-1.443,4.0
P030,1199.647,33.089,-1.637,4.1
P030,1194.806,32.961,-2.268,4.2
P030,1189.986,32.771,-3.278,4.3
P030,1185.199,32.525,-3.847,4.4
P030,1180.45,32.251,-4.192,4.5
P030,1175.744,31.952,-4.481,4.6
P030,1171.082,31.656,-4.178,4.7
P030,1166.463,31.373,-4.176,4.8
P030,1161.885,31.076,-4.659,4.9
P030,1157.354,30.731,-5.43,5.0
P030,1152.876,30.344,-5.883,5.1
P030,1148.457,29.935,-6.108,5.2
P030,1144.099,29.514,-6.209,5.3
P030,1139.805,29.084,-6.63,5.4
P030,1135.576,28.597,-7.591,5.5
P030,1131.423,28.054,-8.314,5.6
P030,1127.352,27.479,-8.428,5.7
P030,1123.366,26.916,-8.09,5.8
P030,1119.462,26.383,-7.461,5.9
P030,1115.633,25.91,-6.358,6.0
P030,1111.867,25.518,-5.172,6.1
P030,1108.152,25.204,-4.084,6.2
P030,1104.479,24.951,-3.466,6.3
P030,1100.84,24.706,-3.93,6.4
P030,1097.24,24.401,-5.15,6.5
P030,1093.69,23.998,-6.588,6.6
P030,1090.205,23.513,-7.618,6.7
P030,1086.797,22.958,-8.701,6.8
P030,1083.477,22.326,-9.875,6.9
P030,1080.255,21.611,-11.054,7.0
P030,1077.144,20.811,-12.61,7.1
P030,1074.157,19.88,-14.529,7.2
P030,1071.315,18.837,-16.051,7.3
P030,1068.634,17.699,-17.275,7.4
P030,1066.126,16.468,-19.185,7.5
P030,1063.812,15.021,-23.14,7.6
P030,1061.724,13.373,-24.996,7.7
P030,1059.886,11.637,-25.843,7.8
P030,1058.309,9.857,-26.339,7.9
P030,1056.996,8.053,-26.577,8.0
P030,1055.948,6.239,-26.681,8.1
P030,1055.165,4.42,-26.69,8.2
P030,1054.65,2.607,-26.496,8.3
P030,1054.399,0.812,-26.144,8.4
P030,1054.388,0.091,5.317,8.5
P030,1054.415,0.04,0.727,8.6
P030,1054.427,0.006,0.198,8.7
P030,1054.429,0.004,0.124,8.8
P030,1054.427,0.012,0.074,8.9
P030,1054.424,0.013,-0.047,9.0
P030,1054.421,0.006,-0.116,9.1
P030,1054.421,0.001,-0.082,9.2
P030,1054.422,0.004,-0.013,9.3
P030,1054.423,0.003,0.029,9.4
P030,1054.423,0.001,0.034,9.5
P030,1054.423,0.001,0.017,9.6
P030,1054.423,0.001,-0.003,9.7
P030,1054.423,0.001,-0.012,9.8
P030,1054.422,0.0,-0.01,9.9
P030,1054.423,0.0,-0.003,10.0
P030,1054.423,0.0,0.003,10.1
P030,1054.423,0.0,0.004,10.2
P030,1054.423,0.0,0.003,10.3
P030,1054.423,0.0,0.0,10.4
P030,1054.423,0.0,-0.001,10.5
P030,1054.423,0.0,-0.001,10.6
P030,1054.423,0.0,-0.001,10.7
P030,1054.423,0.0,0.0,10.8
P030,1054.423,0.0,0.001,10.9
P030,1054.423,0.0,0.0,11.0
P030,1054.423,0.0,0.0,11.1
P030,1054.423,0.0,0.0,11.2
P030,1054.423,0.0,0.0,11.3
P030,1054.423,0.0,0.0,11.4
P030,1054.423,0.0,0.0,11.5
P030,1054.423,0.0,0.0,11.6
P030,1054.423,0.0,0.0,11.7
P030,1054.423,0.0,0.0,11.8
P030,1054.423,0.0,0.0,11.9
P030,1054.423,0.0,0.0,12.0
P030,1054.423,0.0,0.0,12.1
P030,1054.423,0.0,0.0,12.2
P030,1054.423,0.0,0.0,12.3
P030,1054.423,0.0,0.0,12.4
P030,1054.423,0.0,0.0,12.5
P030,1054.423,0.0,0.0,12.6
P030,1054.423,0.0,0.0,12.7
P030,1054.423,0.0,0.0,12.8
P030,1054.423,0.0,0.0,12.9
P030,1054.423,0.0,0.0,13.0
P030,1054.423,0.0,0.0,13.1
P030,1054.423,0.0,0.0,13.2
P030,1054.423,0.0,0.0,13.3
P030,1054.423,0.0,0.0,13.4
P030,1054.423,0.0,0.0,13.5
P030,1054.423,0.0,0.0,13.6
P030,1054.423,0.0,0.0,13.7
P030,1054.423,0.0,0.0,13.8
P030,1054.423,0.0,0.0,13.9
P030,1054.423,0.0,0.0,14.0
P030,1054.423,0.0,0.0,14.1
P030,1054.423,0.0,0.0,14.2
P030,1054.423,0.0,0.0,14.3
P030,1054.423,0.0,0.0,14.4
P030,1054.423,0.0,0.0,14.5
P030,1054.423,0.0,0.0,14.6
P030,1054.423,0.0,0.0,14.7
P030,1054.423,0.0,0.0,14.8
P030,1054.423,0.0,0.0,14.9
P030,1054.423,0.0,0.0,15.0
P030,1054.423,0.0,0.0,15.1
P030,1054.423,0.0,0.0,15.2
P030,1054.423,0.0,0.0,15.3
P030,1054.423,0.0,0.0,15.4
P030,1054.423,0.0,0.0,15.5
P030,1054.423,0.0,0.0,15.6
P030,1054.423,0.0,0.0,15.7
P030,1054.423,0.0,0.0,15.8
P030,1054.423,0.0,0.0,15.9
P030,1054.423,0.0,0.0,16.0
P030,1054.423,0.0,0.0,16.1
P030,1054.423,0.0,0.0,16.2
P030,1054.423,0.0,0.0,16.3
P030,1054.423,0.0,0.0,16.4
P030,1054.423,0.0,0.0,16.5
P030,1054.423,0.0,0.0,16.6
P030,1054.423,0.0,0.0,16.7
P030,1054.423,0.0,0.0,16.8
P030,1054.423,0.0,0.0,16.9
P030,1054.423,0.0,0.0,17.0
P030,1054.423,0.0,0.0,17.1
P030,1054.423,0.0,0.0,17.2
P030,1054.423,0.0,0.0,17.3
P030,1054.423,0.0,0.0,17.4
P030,1054.423,0.0,0.0,17.5
P030,1054.423,0.0,0.0,17.6
P030,1054.423,0.0,0.0,17.7
P030,1054.423,0.0,0.0,17.8
P030,1054.423,0.0,0.0,17.9
P030,1054.423,0.0,0.0,18.0
P030,1054.423,0.0,0.0,18.1
P030,1054.423,0.0,0.0,18.2
P030,1054.423,0.0,0.0,18.3
P030,1054.423,0.0,0.0,18.4
P030,1054.423,0.0,0.0,18.5
P030,1054.423,0.0,0.0,18.6
P030,1054.423,0.0,0.0,18.7
P030,1054.423,0.0,0.0,18.8
P030,1054.423,0.0,0.0,18.9
P030,1054.423,0.0,0.0,19.0
P030,1054.423,0.0,0.0,19.1
P030,1054.423,0.0,0.0,19.2
P030,1054.423,0.0,0.0,19.3
P030,1054.423,0.0,0.0,19.4
P030,1054.423,0.0,0.0,19.5
P030,1054.423,0.0,0.0,19.6
P030,1054.423,0.0,0.0,19.7
P030,1054.423,0.0,0.0,19.8
P030,1054.423,0.0,0.0,19.9
P030,1054.423,0.0,0.0,20.0
P030,1054.423,0.0,0.0,20.1
P030,1054.423,0.0,0.0,20.2
P030,1054.423,0.0,0.0,20.3
P030,1054.423,0.0,0.0,20.4
P030,1054.423,0.0,0.0,20.5
P030,1054.423,0.0,0.0,20.6
P030,1054.423,0.0,0.0,20.7
P030,1054.423,0.0,0.0,20.8
P030,1054.423,0.0,0.0,20.9
P030,1054.423,0.0,0.0,21.0
P030,1054.423,0.0,0.0,21.1
P030,1054.423,0.0,0.0,21.2
P030,1054.423,0.0,0.0,21.3
P030,1054.423,0.0,0.0,21.4
P030,1054.423,0.0,0.0,21.5
P030,1054.423,0.0,0.0,21.6
P030,1054.423,0.0,0.0,21.7
P030,1054.423,0.0,0.0,21.8
P030,1054.423,0.0,0.0,21.9
P030,1054.423,0.0,0.0,22.0
P030,1054.423,0.0,0.0,22.1
P030,1054.423,0.0,0.0,22.2
P030,1054.423,0.0,0.0,22.3
P030,1054.423,0.0,0.0,22.4
P030,1054.423,0.0,0.0,22.5
P030,1054.423,0.0,0.0,22.6
P030,1054.423,0.0,0.0,22.7
P030,1054.423,0.0,0.0,22.8
P030,1054.423,0.0,0.0,22.9
P030,1054.423,0.0,0.0,23.0
P030,1054.423,0.0,0.0,23.1
P030,1054.423,0.0,0.0,23.2
P030,1054.423,0.0,0.0,23.3
P030,1054.423,0.0,0.0,23.4
P030,1054.423,0.0,0.0,23.5
P030,1054.423,0.0,0.0,23.6
P030,1054.423,0.0,0.0,23.7
P030,1054.423,0.0,0.0,23.8
P030,1054.423,0.0,0.0,23.9
P030,1054.423,0.0,0.0,24.0
P030,1054.423,0.0,0.0,24.1
P030,1054.423,0.0,0.0,24.2
P030,1054.423,0.0,0.0,24.3
P030,1054.423,0.0,0.0,24.4
P030,1054.423,0.0,0.0,24.5
P030,1054.423,0.0,0.0,24.6
P030,1054.423,0.0,0.0,24.7
P030,1054.423,0.0,0.0,24.8
P030,1054.423,0.0,0.0,24.9
P030,1054.423,0.0,0.0,25.0
P030,1054.423,0.0,0.0,25.1
P030,1054.423,0.0,0.0,25.2
P030,1054.423,0.0,0.0,25.3
P030,1054.423,0.0,0.0,25.4
P030,1054.423,0.0,0.0,25.5
P030,1054.423,0.0,0.0,25.6
P030,1054.423,0.0,0.0,25.7
P030,1054.423,0.0,0.0,25.8
P030,1054.423,0.0,0.0,25.9
P030,1054.423,0.0,0.0,26.0
P030,1054.423,0.0,0.0,26.1
P030,1054.423,0.0,0.0,26.2
P030,1054.423,0.0,0.0,26.3
P030,1054.423,0.0,0.0,26.4
P030,1054.423,0.0,0.0,26.5
P030,1054.423,0.0,0.0,26.6
P030,1054.423,0.0,0.0,26.7
P030,1054.423,0.0,0.0,26.8
P030,1054.423,0.0,0.0,26.9
P030,1054.423,0.0,0.0,27.0
P030,1054.423,0.0,0.0,27.1
P030,1054.423,0.0,0.0,27.2
P030,1054.423,0.0,0.0,27.3
P030,1054.423,0.0,0.0,27.4
P030,1054.423,0.0,0.0,27.5
P030,1054.423,0.0,0.0,27.6
P030,1054.423,0.0,0.0,27.7
P030,1054.423,0.0,0.0,27.8
P030,1054.423,0.002,0.205,27.9
P030,1054.422,0.02,0.241,28.0
P030,1054.419,0.048,0.735,28.1
P030,1054.411,0.085,0.358,28.2
P030,1054.397,0.119,0.577,28.3
P030,1054.376,0.16,0.627,28.4
P030,1054.349,0.203,0.633,28.5
P030,1054.316,0.246,0.622,28.6
P030,1054.277,0.288,0.608,28.7
P030,1054.232,0.326,0.489,28.8
P030,1054.182,0.359,0.504,28.9
P030,1054.127,0.398,0.662,29.0
P030,1054.064,0.456,1.089,29.1
P030,1053.991,0.548,1.606,29.2
P030,1053.902,0.678,2.278,29.3
P030,1053.789,0.865,3.264,29.4
P030,1053.644,1.135,4.746,29.5
P030,1053.45,1.523,6.758,29.6
P030,1053.188,2.072,9.43,29.7
P030,1052.833,2.8,11.859,29.8
P030,1052.359,3.672,13.642,29.9
P030,1051.75,4.656,15.207,30.0
P030,1050.989,5.734,16.269,30.1
P030,1050.067,6.837,15.917,30.2
P030,1048.986,7.891,15.026,30.3
P030,1047.755,8.888,14.315,30.4
P030,1046.382,9.85,13.951,30.5
P030,1044.869,10.795,13.808,30.6
P030,1043.218,11.74,14.743,30.7
P030,1041.418,12.837,16.525,30.8
P030,1039.454,13.95,16.049,30.9
P030,1037.331,15.013,15.103,31.0
P030,1035.057,16.003,13.941,31.1
P030,1032.645,16.912,12.289,31.2
P030,1030.112,17.649,9.871,31.3
P030,1027.479,18.294,9.195,31.4
P030,1024.754,18.913,9.004,31.5
P030,1021.937,19.525,8.991,31.6
P030,1019.032,20.139,9.027,31.7
P030,1016.036,20.755,9.031,31.8
P030,1012.951,21.369,8.993,31.9
P030,1009.775,21.98,8.943,32.0
P030,1006.509,22.615,10.094,32.1
P030,1003.143,23.305,9.943,32.2
P030,999.679,23.961,9.304,32.3
P030,996.122,24.572,8.624,32.4
P030,992.48,25.138,8.016,32.5
P030,988.757,25.652,6.838,32.6
P030,984.965,26.089,6.101,32.7
P030,981.111,26.494,5.846,32.8
P030,977.199,26.889,5.755,32.9
P030,973.23,27.28,5.728,33.0
P030,969.204,27.67,5.715,33.1
P031,1410.311,27.143,-1.182,0.0
P031,1406.339,27.063,-1.175,0.1
P031,1402.378,26.983,-1.171,0.2
P031,1398.429,26.903,-1.171,0.3
P031,1394.492,26.823,-1.172,0.4
P031,1390.566,26.743,-1.172,0.5
P031,1386.652,26.663,-1.173,0.6
P031,1382.75,26.583,-1.177,0.7
P031,1378.86,26.503,-1.182,0.8
P031,1374.981,26.422,-1.186,0.9
P031,1371.114,26.341,-1.19,1.0
P031,1367.26,26.26,-1.193,1.1
P031,1363.417,26.179,-1.195,1.2
P031,1359.586,26.097,-1.196,1.3
P031,1355.767,26.016,-1.197,1.4
P031,1351.96,25.934,-1.198,1.5
P031,1348.164,25.853,-1.198,1.6
P031,1344.381,25.771,-1.197,1.7
P031,1340.61,25.689,-1.196,1.8
P031,1336.85,25.608,-1.195,1.9
P031,1333.103,25.527,-1.194,2.0
P031,1329.368,25.445,-1.191,2.1
P031,1325.644,25.364,-1.189,2.2
P031,1321.932,25.283,-1.187,2.3
P031,1318.232,25.203,-1.186,2.4
P031,1314.543,25.122,-1.183,2.5
P031,1310.867,25.041,-1.18,2.6
P031,1307.202,24.961,-1.177,2.7
P031,1303.549,24.881,-1.178,2.8
P031,1299.908,24.8,-1.18,2.9
P031,1296.278,24.72,-1.183,3.0
P031,1292.661,24.639,-1.184,3.1
P031,1289.056,24.559,-1.182,3.2
P031,1285.462,24.478,-1.189,3.3
P031,1281.88,24.396,-1.209,3.4
P031,1278.31,24.313,-1.218,3.5
P031,1274.753,24.23,-1.219,3.6
P031,1271.207,24.147,-1.219,3.7
P031,1267.674,24.064,-1.217,3.8
P031,1264.152,23.982,-1.215,3.9
P031,1260.643,23.899,-1.213,4.0
P031,1257.146,23.816,-1.212,4.1
P031,1253.661,23.734,-1.21,4.2
P031,1250.188,23.651,-1.208,4.3
P031,1246.728,23.566,-1.335,4.4
P031,1243.28,23.474,-1.345,4.5
P031,1239.846,23.383,-1.325,4.6
P031,1236.425,23.292,-1.341,4.7
P031,1233.017,23.2,-1.365,4.8
P031,1229.623,23.107,-1.371,4.9
P031,1226.243,23.013,-1.365,5.0
P031,1222.877,22.921,-1.357,5.1
P031,1219.523,22.828,-1.352,5.2
P031,1216.184,22.736,-1.353,5.3
P031,1212.858,22.644,-1.363,5.4
P031,1209.546,22.55,-1.389,5.5
P031,1206.247,22.454,-1.431,5.6
P031,1202.963,22.356,-1.417,5.7
P031,1199.693,22.262,-1.337,5.8
P031,1196.436,22.173,-1.288,5.9
P031,1193.192,22.086,-1.268,6.0
P031,1189.961,22.0,-1.26,6.1
P031,1186.743,21.915,-1.256,6.2
P031,1183.537,21.829,-1.254,6.3
P031,1180.343,21.744,-1.252,6.4
P031,1177.162,21.658,-1.25,6.5
P031,1173.994,21.573,-1.247,6.6
P031,1170.838,21.489,-1.244,6.7
P031,1167.694,21.404,-1.242,6.8
P031,1164.563,21.319,-1.239,6.9
P031,1161.444,21.235,-1.237,7.0
P031,1158.337,21.151,-1.235,7.1
P031,1155.243,21.067,-1.232,7.2
P031,1152.161,20.983,-1.23,7.3
P031,1149.092,20.898,-1.35,7.4
P031,1146.037,20.766,-2.776,7.5
P031,1143.009,20.506,-4.846,7.6
P031,1140.028,20.115,-6.493,7.7
P031,1137.11,19.639,-7.397,7.8
P031,1134.268,19.112,-8.093,7.9
P031,1131.509,18.527,-9.127,8.0
P031,1128.84,17.864,-10.289,8.1
P031,1126.273,17.133,-11.131,8.2
P031,1123.817,16.351,-11.829,8.3
P031,1121.479,15.521,-12.561,8.4
P031,1119.267,14.632,-13.517,8.5
P031,1117.191,13.679,-14.486,8.6
P031,1115.259,12.659,-15.405,8.7
P031,1113.48,11.586,-16.056,8.8
P031,1111.862,10.475,-16.488,8.9
P031,1110.409,9.346,-16.659,9.0
P031,1109.122,8.196,-17.051,9.1
P031,1108.006,7.027,-17.28,9.2
P031,1107.063,5.84,-17.544,9.3
P031,1106.294,4.639,-17.667,9.4
P031,1105.701,3.435,-17.667,9.5
P031,1105.285,2.233,-17.602,9.6
P031,1105.045,1.04,-17.36,9.7
P031,1104.978,0.086,-7.031,9.8
P031,1104.998,0.036,-0.418,9.9
P031,1105.014,0.02,0.467,10.0
P031,1105.018,0.002,0.164,10.1
P031,1105.017,0.008,0.117,10.2
P031,1105.015,0.012,0.003,10.3
P031,1105.012,0.008,-0.099,10.4
P031,1105.011,0.001,-0.099,10.5
P031,1105.011,0.004,-0.034,10.6
P031,1105.012,0.004,0.02,10.7
P031,1105.013,0.002,0.036,10.8
P031,1105.013,0.001,0.024,10.9
P031,1105.013,0.001,0.003,11.0
P031,1105.013,0.001,-0.01,11.1
P031,1105.012,0.0,-0.012,11.2
P031,1105.012,0.0,-0.006,11.3
P031,1105.013,0.0,0.001,11.4
P031,1105.013,0.0,0.004,11.5
P031,1105.013,0.0,0.004,11.6
P031,1105.013,0.0,0.001,11.7
P031,1105.013,0.0,-0.001,11.8
P031,1105.013,0.0,-0.001,11.9
P031,1105.013,0.0,-0.001,12.0
P031,1105.013,0.0,0.0,12.1
P031,1105.013,0.0,0.0,12.2
P031,1105.013,0.0,0.0,12.3
P031,1105.013,0.0,0.0,12.4
P031,1105.013,0.0,0.0,12.5
P031,1105.013,0.0,0.0,12.6
P031,1105.013,0.0,0.0,12.7
P031,1105.013,0.0,0.0,12.8
P031,1105.013,0.0,0.0,12.9
P031,1105.013,0.0,0.0,13.0
P031,1105.013,0.0,0.0,13.1
P031,1105.013,0.0,0.0,13.2
P031,1105.013,0.0,0.0,13.3
P031,1105.013,0.0,0.0,13.4
P031,1105.013,0.0,0.0,13.5
P031,1105.013,0.0,0.0,13.6
P031,1105.013,0.0,0.0,13.7
P031,1105.013,0.0,0.0,13.8
P031,1105.013,0.0,0.0,13.9
P031,1105.013,0.0,0.0,14.0
P031,1105.013,0.0,0.0,14.1
P031,1105.013,0.0,0.084,14.2
P031,1105.012,0.017,0.465,14.3
P031,1105.007,0.072,0.806,14.4
P031,1104.995,0.105,0.566,14.5
P031,1104.976,0.146,0.581,14.6
P031,1104.952,0.183,0.512,14.7
P031,1104.922,0.219,0.555,14.8
P031,1104.887,0.26,0.665,14.9
P031,1104.846,0.31,0.825,15.0
P031,1104.796,0.376,1.168,15.1
P031,1104.734,0.474,1.722,15.2
P031,1104.655,0.61,2.237,15.3
P031,1104.553,0.781,2.838,15.4
P031,1104.423,1.004,3.742,15.5
P031,1104.255,1.293,4.756,15.6
P031,1104.04,1.647,5.593,15.7
P031,1103.769,2.052,6.249,15.8
P031,1103.436,2.492,6.626,15.9
P031,1103.037,2.949,6.755,16.0
P031,1102.571,3.412,6.845,16.1
P031,1102.036,3.88,6.871,16.2
P031,1101.433,4.345,6.734,16.3
P031,1100.763,4.795,6.492,16.4
P031,1100.029,5.23,6.283,16.5
P031,1099.231,5.654,6.156,16.6
P031,1098.372,6.071,6.099,16.7
P031,1097.452,6.487,6.148,16.8
P031,1096.471,6.909,6.212,16.9
P031,1095.427,7.332,6.213,17.0
P031,1094.322,7.757,6.368,17.1
P031,1093.149,8.261,7.885,17.2
P031,1091.898,8.798,7.765,17.3
P031,1090.571,9.308,7.17,17.4
P031,1089.173,9.773,6.44,17.5
P031,1087.71,10.182,5.511,17.6
P031,1086.194,10.49,3.668,17.7
P031,1084.641,10.695,2.441,17.8
P031,1083.064,10.831,1.588,17.9
P031,1081.47,10.918,1.015,18.0
P031,1079.866,10.975,0.713,18.1
P031,1078.255,11.019,0.601,18.2
P031,1076.637,11.058,0.543,18.3
P031,1075.014,11.095,0.539,18.4
P031,1073.386,11.134,0.636,18.5
P031,1071.751,11.181,0.737,18.6
P031,1070.108,11.233,0.788,18.7
P031,1068.458,11.286,0.744,18.8
P031,1066.801,11.334,0.666,18.9
P031,1065.137,11.377,0.603,19.0
P031,1063.467,11.416,0.542,19.1
P031,1061.791,11.451,0.488,19.2
P031,1060.111,11.483,0.444,19.3
P031,1058.426,11.512,0.416,19.4
P031,1056.737,11.54,0.396,19.5
P031,1055.044,11.566,0.388,19.6
P031,1053.347,11.595,0.461,19.7
P031,1051.646,11.63,0.569,19.8
P031,1049.938,11.672,0.66,19.9
P031,1048.225,11.722,0.801,20.0
P031,1046.503,11.78,0.912,20.1
P031,1044.772,11.846,1.013,20.2
P031,1043.031,11.916,1.046,20.3
P031,1041.28,11.987,1.013,20.4
P031,1039.518,12.053,0.936,20.5
P031,1037.747,12.114,0.849,20.6
P031,1035.968,12.17,0.785,20.7
P031,1034.181,12.222,0.743,20.8
P031,1032.386,12.271,0.721,20.9
P031,1030.584,12.32,0.717,21.0
P031,1028.775,12.369,0.721,21.1
P031,1026.959,12.419,0.727,21.2
P031,1025.135,12.468,0.725,21.3
P031,1023.304,12.517,0.715,21.4
P031,1021.466,12.565,0.699,21.5
P031,1019.621,12.613,0.694,21.6
P031,1017.769,12.66,0.699,21.7
P031,1015.91,12.708,0.696,21.8
P031,1014.044,12.755,0.694,21.9
P031,1012.171,12.802,0.698,22.0
P031,1010.291,12.85,0.708,22.1
P031,1008.404,12.899,0.711,22.2
P031,1006.51,12.947,0.717,22.3
P031,1004.609,12.996,0.725,22.4
P031,1002.701,13.046,0.74,22.5
P031,1000.785,13.097,0.763,22.6
P031,998.861,13.15,0.783,22.7
P031,996.929,13.205,0.835,22.8
P031,994.989,13.264,0.902,22.9
P031,993.039,13.328,0.965,23.0
P031,991.08,13.399,1.221,23.1
P031,989.108,13.511,2.136,23.2
P031,987.115,13.694,3.215,23.3
P031,985.091,13.944,4.111,23.4
P031,983.025,14.25,4.842,23.5
P031,980.911,14.599,5.343,23.6
P031,978.744,14.965,5.284,23.7
P031,976.525,15.306,4.688,23.8
P031,974.257,15.635,4.695,23.9
P031,971.943,15.932,4.014,24.0
P031,969.588,16.183,3.351,24.1
P031,967.201,16.392,2.783,24.2
P032,1411.22,29.438,0.41,0.0
P032,1406.904,29.462,0.301,0.1
P032,1402.585,29.48,0.205,0.2
P032,1398.264,29.491,0.12,0.3
P032,1393.942,29.496,0.048,0.4
P032,1389.619,29.497,-0.015,0.5
P032,1385.297,29.494,-0.085,0.6
P032,1380.975,29.485,-0.174,0.7
P032,1376.655,29.47,-0.265,0.8
P032,1372.337,29.45,-0.345,0.9
P032,1368.023,29.424,-0.414,1.0
P032,1363.713,29.394,-0.467,1.1
P032,1359.408,29.36,-0.506,1.2
P032,1355.107,29.325,-0.536,1.3
P032,1350.812,29.287,-0.571,1.4
P032,1346.523,29.247,-0.6,1.5
P032,1342.24,29.206,-0.616,1.6
P032,1337.963,29.163,-0.625,1.7
P032,1333.692,29.121,-0.602,1.8
P032,1329.426,29.084,-0.488,1.9
P032,1325.166,29.056,-0.317,2.0
P032,1320.908,29.04,-0.151,2.1
P032,1316.652,29.035,-0.02,2.2
P032,1312.397,29.037,0.08,2.3
P032,1308.14,29.046,0.181,2.4
P032,1303.882,29.062,0.292,2.5
P032,1299.621,29.085,0.394,2.6
P032,1295.356,29.115,0.477,2.7
P032,1291.086,29.149,0.52,2.8
P032,1286.811,29.184,0.471,2.9
P032,1282.531,29.212,0.341,3.0
P032,1278.248,29.23,0.193,3.1
P032,1273.963,29.239,0.098,3.2
P032,1269.677,29.245,0.068,3.3
P032,1265.39,29.249,0.055,3.4
P032,1261.103,29.251,0.001,3.5
P032,1256.815,29.248,-0.1,3.6
P032,1252.529,29.237,-0.219,3.7
P032,1248.245,29.218,-0.347,3.8
P032,1243.964,29.19,-0.47,3.9
P032,1239.688,29.154,-0.564,4.0
P032,1235.418,29.114,-0.613,4.1
P032,1231.153,29.071,-0.678,4.2
P032,1226.896,29.019,-0.84,4.3
P032,1222.647,28.956,-1.022,4.4
P032,1218.408,28.88,-1.203,4.5
P032,1214.181,28.794,-1.291,4.6
P032,1209.967,28.705,-1.314,4.7
P032,1205.766,28.616,-1.317,4.8
P032,1201.579,28.526,-1.315,4.9
P032,1197.405,28.436,-1.313,5.0
P032,1193.245,28.346,-1.43,5.1
P032,1189.1,28.212,-2.716,5.2
P032,1184.981,27.961,-4.64,5.3
P032,1180.907,27.582,-6.392,5.4
P032,1176.896,27.108,-7.417,5.5
P032,1172.958,26.58,-8.055,5.6
P032,1169.102,26.011,-8.613,5.7
P032,1165.332,25.416,-8.76,5.8
P032,1161.649,24.832,-8.338,5.9
P032,1158.05,24.279,-7.849,6.0
P032,1154.53,23.767,-7.231,6.1
P032,1151.082,23.273,-7.381,6.2
P032,1147.708,22.756,-7.785,6.3
P032,1144.412,22.208,-8.422,6.4
P032,1141.2,21.588,-9.908,6.5
P032,1138.086,20.856,-11.461,6.6
P032,1135.086,20.039,-12.483,6.7
P032,1132.211,19.155,-13.421,6.8
P032,1129.47,18.213,-14.173,6.9
P032,1126.871,17.235,-14.462,7.0
P032,1124.416,16.252,-14.336,7.1
P032,1122.106,15.285,-14.045,7.2
P032,1119.935,14.341,-13.656,7.3
P032,1117.902,13.428,-13.127,7.4
P032,1115.999,12.553,-12.535,7.5
P032,1114.221,11.719,-11.986,7.6
P032,1112.563,10.917,-11.527,7.7
P032,1111.02,10.142,-11.258,7.8
P032,1109.589,9.381,-11.107,7.9
P032,1108.269,8.618,-11.259,8.0
P032,1107.062,7.85,-11.275,8.1
P032,1105.968,7.083,-11.213,8.2
P032,1104.985,6.327,-10.954,8.3
P032,1104.112,5.596,-10.452,8.4
P032,1103.343,4.912,-9.622,8.5
P032,1102.67,4.291,-8.541,8.6
P032,1102.083,3.746,-7.528,8.7
P032,1101.571,3.256,-6.875,8.8
P032,1101.128,2.816,-5.953,8.9
P032,1100.744,2.451,-4.767,9.0
P032,1100.408,2.167,-3.576,9.1
P032,1100.107,1.961,-2.499,9.2
P032,1099.832,1.829,-1.361,9.3
P032,1099.57,1.768,-0.56,9.4
P032,1099.314,1.738,-0.328,9.5
P032,1099.061,1.72,-0.238,9.6
P032,1098.81,1.704,-0.209,9.7
P032,1098.561,1.691,-0.198,9.8
P032,1098.314,1.677,-0.193,9.9
P032,1098.069,1.664,-0.188,10.0
P032,1097.826,1.652,-0.183,10.1
P032,1097.584,1.639,-0.178,10.2
P032,1097.345,1.627,-0.174,10.3
P032,1097.107,1.616,-0.169,10.4
P032,1096.871,1.604,-0.166,10.5
P032,1096.637,1.593,-0.162,10.6
P032,1096.404,1.582,-0.158,10.7
P032,1096.173,1.572,-0.154,10.8
P032,1095.943,1.561,-0.15,10.9
P032,1095.715,1.551,-0.147,11.0
P032,1095.488,1.541,-0.143,11.1
P032,1095.263,1.532,-0.14,11.2
P032,1095.039,1.522,-0.136,11.3
P032,1094.817,1.511,-0.316,11.4
P032,1094.598,1.449,-1.669,11.5
P032,1094.396,1.278,-3.317,11.6
P032,1094.225,1.003,-4.689,11.7
P032,1094.1,0.654,-5.42,11.8
P032,1094.031,0.273,-5.756,11.9
P032,1094.018,0.037,0.319,12.0
P032,1094.026,0.022,-0.073,12.1
P032,1094.033,0.009,0.218,12.2
P032,1094.034,0.001,0.119,12.3
P032,1094.033,0.007,0.043,12.4
P032,1094.031,0.007,-0.042,12.5
P032,1094.029,0.003,-0.072,12.6
P032,1094.029,0.001,-0.043,12.7
P032,1094.03,0.003,0.001,12.8
P032,1094.03,0.002,0.023,12.9
P032,1094.031,0.0,0.021,13.0
P032,1094.031,0.001,0.008,13.1
P032,1094.03,0.001,-0.005,13.2
P032,1094.03,0.0,-0.009,13.3
P032,1094.03,0.0,-0.006,13.4
P032,1094.03,0.0,-0.001,13.5
P032,1094.03,0.0,0.003,13.6
P032,1094.03,0.0,0.003,13.7
P032,1094.03,0.0,0.001,13.8
P032,1094.03,0.0,0.0,13.9
P032,1094.03,0.0,-0.001,14.0
P032,1094.03,0.0,-0.001,14.1
P032,1094.03,0.0,0.0,14.2
P032,1094.03,0.0,0.0,14.3
P032,1094.03,0.0,0.0,14.4
P032,1094.03,0.0,0.037,14.5
P032,1094.03,0.007,0.11,14.6
P032,1094.027,0.035,0.883,14.7
P032,1094.018,0.079,0.436,14.8
P032,1094.004,0.115,0.594,14.9
P032,1093.984,0.157,0.617,15.0
P032,1093.958,0.199,0.6,15.1
P032,1093.926,0.239,0.573,15.2
P032,1093.888,0.277,0.544,15.3
P032,1093.845,0.313,0.517,15.4
P032,1093.796,0.347,0.491,15.5
P032,1093.743,0.38,0.467,15.6
P032,1093.685,0.411,0.445,15.7
P032,1093.623,0.44,0.423,15.8
P032,1093.556,0.469,0.404,15.9
P032,1093.485,0.495,0.385,16.0
P032,1093.411,0.521,0.367,16.1
P032,1093.333,0.546,0.35,16.2
P032,1093.251,0.569,0.334,16.3
P032,1093.166,0.591,0.32,16.4
P032,1093.078,0.613,0.313,16.5
P032,1092.987,0.634,0.3,16.6
P032,1092.892,0.651,0.24,16.7
P032,1092.796,0.671,0.359,16.8
P032,1092.695,0.702,0.592,16.9
P032,1092.588,0.762,1.256,17.0
P032,1092.468,0.889,2.612,17.1
P032,1092.321,1.141,5.029,17.2
P032,1092.122,1.614,9.058,17.3
P032,1091.831,2.399,14.114,17.4
P032,1091.401,3.506,17.748,17.5
P032,1090.797,4.737,18.131,17.6
P032,1090.012,5.962,17.624,17.7
P032,1089.052,7.102,15.538,17.8
P032,1087.938,8.064,12.72,17.9
P032,1086.697,8.854,11.08,18.0
P032,1085.346,9.595,10.335,18.1
P032,1083.891,10.245,8.708,18.2
P032,1082.349,10.784,7.17,18.3
P032,1080.735,11.232,6.062,18.4
P032,1079.061,11.614,4.904,18.5
P032,1077.338,11.889,3.374,18.6
P032,1075.581,12.092,2.663,18.7
P032,1073.797,12.26,2.308,18.8
P032,1071.99,12.408,2.02,18.9
P032,1070.162,12.533,1.628,19.0
P032,1068.319,12.628,1.184,19.1
P032,1066.463,12.698,0.879,19.2
P032,1064.599,12.751,0.708,19.3
P032,1062.727,12.8,0.763,19.4
P032,1060.846,12.866,1.301,19.5
P032,1058.953,12.985,2.183,19.6
P032,1057.037,13.158,2.87,19.7
P032,1055.094,13.371,3.354,19.8
P032,1053.116,13.613,3.711,19.9
P032,1051.102,13.876,3.999,20.0
P032,1049.047,14.156,4.231,20.1
P032,1046.951,14.451,4.376,20.2
P032,1044.811,14.748,4.327,20.3
P032,1042.627,15.037,4.149,20.4
P032,1040.402,15.331,4.612,20.5
P032,1038.132,15.643,4.456,20.6
P032,1035.817,15.934,4.073,20.7
P032,1033.462,16.199,3.727,20.8
P032,1031.069,16.444,3.484,20.9
P032,1028.642,16.667,2.963,21.0
P032,1026.186,16.856,2.656,21.1
P032,1023.702,17.033,2.551,21.2
P032,1021.194,17.206,2.557,21.3
P032,1018.659,17.384,2.678,21.4
P032,1016.098,17.575,2.961,21.5
P032,1013.506,17.791,3.378,21.6
P032,1010.881,18.037,3.85,21.7
P032,1008.217,18.312,4.213,21.8
P032,1005.512,18.608,4.444,21.9
P032,1002.761,18.916,4.585,22.0
P032,999.965,19.232,4.678,22.1
P032,997.122,19.552,4.723,22.2
P032,994.232,19.874,4.727,22.3
P032,991.294,20.196,4.712,22.4
P032,988.31,20.517,4.715,22.5
P032,985.278,20.839,4.751,22.6
P032,982.199,21.165,4.809,22.7
P032,979.073,21.494,4.858,22.8
P032,975.898,21.827,4.896,22.9
P032,972.674,22.161,4.921,23.0
P032,969.402,22.497,4.921,23.1
P032,966.08,22.831,4.895,23.2
