participant_id,time_s,position_ft,speed_ftps,acceleration_ftps2,observed_acceleration_ftps2
P001,0.0,-1411.255,43.40893333333333,-1.341,-1.341
P001,0.1,-1406.9275166666669,43.27483333333333,-1.3409999999999656,-1.338
P001,0.2,-1402.6134433333336,43.14073333333334,-1.3409999999999656,-1.336
P001,0.3,-1398.3127800000002,43.00663333333334,-1.3409999999999656,-1.334
P001,0.4,-1394.0255266666668,42.872533333333344,-1.3409999999999656,-1.333
P001,0.5,-1389.7516833333334,42.73843333333335,-1.3409999999999656,-1.331
P001,0.6,-1385.49125,42.60433333333335,-1.3409999999999656,-1.328
P001,0.7,-1381.2442266666667,42.470233333333354,-1.3409999999999656,-1.326
P001,0.8,-1377.0106133333334,42.33613333333336,-1.3409999999999656,-1.324
P001,0.9,-1372.79041,42.20203333333336,-1.3409999999999656,-1.322
P001,1.0,-1368.5836166666668,42.067933333333364,-1.3409999999999656,-1.32
P001,1.1,-1364.3902333333335,41.93383333333337,-1.3409999999999656,-1.318
P001,1.2,-1360.2102600000003,41.79973333333337,-1.3409999999999656,-1.316
P001,1.3,-1356.0436966666668,41.665633333333375,-1.3409999999999656,-1.313
P001,1.4,-1351.8905433333334,41.53153333333338,-1.3409999999999656,-1.311
P001,1.5,-1347.7508,41.39743333333338,-1.3409999999999656,-1.31
P001,1.6,-1343.6244666666666,41.263333333333385,-1.3409999999999656,-1.308
P001,1.7,-1339.5115433333333,41.12923333333339,-1.3409999999999656,-1.305
P001,1.8,-1335.41203,40.99513333333339,-1.3409999999999656,-1.303
P001,1.9,-1331.3259266666666,40.861033333333395,-1.3409999999999656,-1.301
P001,2.0,-1327.2532333333334,40.7269333333334,-1.3409999999999656,-1.299
P001,2.1,-1323.19395,40.5928333333334,-1.3409999999999656,-1.297
P001,2.2,-1319.1480766666668,40.458733333333406,-1.3409999999999656,-1.295
P001,2.3,-1315.1156133333334,40.32463333333341,-1.3409999999999656,-1.293
P001,2.4,-1311.09656,40.19053333333341,-1.3409999999999656,-1.291
P001,2.5,-1307.0909166666665,40.056433333333416,-1.3409999999999656,-1.289
P001,2.6,-1303.0986833333332,39.92233333333342,-1.3409999999999656,-1.287
P001,2.7,-1299.1198599999998,39.78823333333342,-1.3409999999999656,-1.285
P001,2.8,-1295.1544466666664,39.65413333333343,-1.3409999999999656,-1.283
P001,2.9,-1291.2024433333331,39.52003333333343,-1.3409999999999656,-1.281
P001,3.0,-1287.2638499999998,39.38593333333343,-1.3409999999999656,-1.28
P001,3.1,-1283.3386666666665,39.25183333333344,-1.3409999999999656,-1.278
P001,3.2,-1279.4268933333333,39.11773333333344,-1.3409999999999656,-1.276
P001,3.3,-1275.52853,38.983633333333444,-1.3409999999999656,-1.274
P001,3.4,-1271.6435766666666,38.84953333333345,-1.3409999999999656,-1.272
P001,3.5,-1267.7720333333332,38.71543333333345,-1.3409999999999656,-1.27
P001,3.6,-1263.9138999999998,38.581333333333454,-1.3409999999999656,-1.268
P001,3.7,-1260.0691766666664,38.44723333333346,-1.3409999999999656,-1.266
P001,3.8,-1256.237863333333,38.31313333333346,-1.3409999999999656,-1.264
P001,3.9,-1252.4199599999997,38.179033333333464,-1.3409999999999656,-1.262
P001,4.0,-1248.6154666666664,38.04493333333347,-1.3409999999999656,-1.26
P001,4.1,-1244.8243833333331,37.91083333333347,-1.3409999999999656,-1.258
P001,4.2,-1241.0467099999998,37.776733333333475,-1.3409999999999656,-1.256
P001,4.3,-1237.2824466666666,37.64263333333348,-1.3409999999999656,-1.254
P001,4.4,-1233.5315933333331,37.50853333333348,-1.3409999999999656,-1.252
P001,4.5,-1229.7941499999997,37.374433333333485,-1.3409999999999656,-1.251
P001,4.6,-1226.0701166666663,37.24033333333349,-1.3409999999999656,-1.249
P001,4.7,-1222.359493333333,37.10623333333349,-1.3409999999999656,-1.247
P001,4.8,-1218.6622799999996,36.972133333333495,-1.3409999999999656,-1.245
P001,4.9,-1214.9784766666662,36.8380333333335,-1.3409999999999656,-1.243
P001,5.0,-1211.308083333333,36.7039333333335,-1.3409999999999656,-1.241
P001,5.1,-1207.6510999999996,36.569833333333506,-1.3409999999999656,-1.24
P001,5.2,-1204.0075266666663,36.43573333333351,-1.3409999999999656,-1.238
P001,5.3,-1200.377363333333,36.30163333333351,-1.3409999999999656,-1.236
P001,5.4,-1196.7606099999996,36.167533333333516,-1.3409999999999656,-1.234
P001,5.5,-1193.1572666666661,36.03343333333352,-1.3409999999999656,-1.232
P001,5.6,-1189.5673333333327,35.89933333333352,-1.3409999999999656,-1.23
P001,5.7,-1185.9908099999993,35.765233333333526,-1.3409999999999656,-1.229
P001,5.8,-1182.427696666666,35.63113333333353,-1.3409999999999656,-1.227
P001,5.9,-1178.8779933333326,35.49703333333353,-1.3409999999999656,-1.225
P001,6.0,-1175.3416999999993,35.36293333333354,-1.3409999999999656,-1.223
P001,6.1,-1171.818816666666,35.22883333333354,-1.3409999999999656,-1.222
P001,6.2,-1168.3093433333327,35.094733333333544,-1.3409999999999656,-1.22
P001,6.3,-1164.8132799999994,34.96063333333355,-1.3409999999999656,-1.218
P001,6.4,-1161.3306266666661,34.82653333333355,-1.3409999999999656,-1.216
P001,6.5,-1157.8613833333327,34.692433333333554,-1.3409999999999656,-1.215
P001,6.6,-1154.4055499999993,34.55833333333356,-1.3409999999999656,-1.213
P001,6.7,-1150.9631266666659,34.42423333333356,-1.3409999999999656,-1.212
P001,6.8,-1147.5341133333325,34.290133333333564,-1.3409999999999656,-1.21
P001,6.9,-1144.118509999999,34.15603333333357,-1.3409999999999656,-1.227
P001,7.0,-1140.7163166666658,34.02193333333357,-1.3409999999999656,-1.355
P001,7.1,-1137.3275333333324,33.887833333333575,-1.3409999999999656,-1.332
P001,7.2,-1133.9521599999991,33.75373333333358,-1.3409999999999656,-1.752
P001,7.3,-1130.5901966666659,33.61963333333358,-1.3409999999999656,-3.347
P001,7.4,-1127.3244813885515,32.65715278114471,-9.624805521888717,-5.306
P001,7.5,-1124.1572354110178,31.67245977533723,-9.84693005807479,-6.952
P001,7.6,-1121.088458734065,30.687766769529752,-9.84693005807479,-8.446
P001,7.7,-1118.1181513576928,29.703073763722273,-9.84693005807479,-10.528
P001,7.8,-1115.2463132819014,28.718380757914794,-9.84693005807479,-12.353
P001,7.9,-1112.5229445066907,27.233687752107315,-14.84693005807479,-14.341
P001,8.0,-1109.9966930800106,25.26251426680134,-19.711734853059752,-16.029
P001,8.1,-1107.667559001861,23.291340781495364,-19.711734853059752,-17.441
P001,8.2,-1105.535542272242,21.32016729618939,-19.711734853059752,-18.856
P001,8.3,-1103.6006428911537,19.348993810883414,-19.711734853059752,-23.142
P001,8.4,-1101.862860858596,17.37782032557744,-19.711734853059752,-26.098
P001,8.5,-1100.3221961745687,15.406646840271465,-19.711734853059735,-28.081
P001,8.6,-1098.978648839072,13.435473354965492,-19.711734853059735,-29.395
P001,8.7,-1097.832218852106,11.464299869659518,-19.711734853059735,-30.388
P001,8.8,-1096.8829062136706,9.493126384353545,-19.711734853059735,-31.296
P001,8.9,-1096.130710923766,7.521952899047571,-19.711734853059735,-31.828
P001,9.0,-1095.5756329823919,5.550779413741598,-19.711734853059735,-30.389
P001,9.1,-1095.2176723895484,3.5796059284356243,-19.711734853059735,12.758
P002,0.0,-1411.673,44.31973333333333,-1.346,-1.346
P002,0.1,-1407.2544866666667,44.18513333333333,-1.3459999999999894,-1.353
P002,0.2,-1402.8494333333333,44.050533333333334,-1.3459999999999894,-1.351
P002,0.3,-1398.45784,43.915933333333335,-1.3459999999999894,-1.349
P002,0.4,-1394.0797066666667,43.781333333333336,-1.3459999999999894,-1.347
P002,0.5,-1389.7150333333334,43.64673333333334,-1.3459999999999894,-1.346
P002,0.6,-1385.36382,43.51213333333334,-1.3459999999999894,-1.345
P002,0.7,-1381.0260666666668,43.37753333333334,-1.3459999999999894,-1.345
P002,0.8,-1376.7017733333334,43.24293333333334,-1.3459999999999894,-1.341
P002,0.9,-1372.3909400000002,43.10833333333334,-1.3459999999999894,-1.338
P002,1.0,-1368.093566666667,42.97373333333334,-1.3459999999999894,-1.334
P002,1.1,-1363.8096533333335,42.83913333333334,-1.3459999999999894,-1.331
P002,1.2,-1359.5392000000002,42.704533333333345,-1.3459999999999894,-1.33
P002,1.3,-1355.2822066666668,42.569933333333346,-1.3459999999999894,-1.328
P002,1.4,-1351.0386733333335,42.43533333333335,-1.3459999999999894,-1.326
P002,1.5,-1346.8086,42.30073333333335,-1.3459999999999894,-1.323
P002,1.6,-1342.5919866666668,42.16613333333335,-1.3459999999999894,-1.321
P002,1.7,-1338.3888333333334,42.03153333333335,-1.3459999999999894,-1.32
P002,1.8,-1334.1991400000002,41.89693333333335,-1.3459999999999894,-1.319
P002,1.9,-1330.0229066666668,41.76233333333335,-1.3459999999999894,-1.316
P002,2.0,-1325.8601333333336,41.62773333333335,-1.3459999999999894,-1.314
P002,2.1,-1321.7108200000002,41.493133333333354,-1.3459999999999894,-1.312
P002,2.2,-1317.5749666666668,41.358533333333355,-1.3459999999999894,-1.31
P002,2.3,-1313.4525733333335,41.223933333333356,-1.3459999999999894,-1.308
P002,2.4,-1309.34364,41.08933333333336,-1.3459999999999894,-1.305
P002,2.5,-1305.2481666666667,40.95473333333336,-1.3459999999999894,-1.303
P002,2.6,-1301.1661533333333,40.82013333333336,-1.3459999999999894,-1.301
P002,2.7,-1297.0976,40.68553333333336,-1.3459999999999894,-1.299
P002,2.8,-1293.0425066666667,40.55093333333336,-1.3459999999999894,-1.297
P002,2.9,-1289.0008733333334,40.41633333333336,-1.3459999999999894,-1.295
P002,3.0,-1284.9727,40.281733333333364,-1.3459999999999894,-1.293
P002,3.1,-1280.9579866666668,40.147133333333365,-1.3459999999999894,-1.291
P002,3.2,-1276.9567333333334,40.012533333333366,-1.3459999999999894,-1.29
P002,3.3,-1272.9689400000002,39.87793333333337,-1.3459999999999894,-1.287
P002,3.4,-1268.9946066666669,39.74333333333337,-1.3459999999999894,-1.286
P002,3.5,-1265.0337333333334,39.60873333333337,-1.3459999999999894,-1.284
P002,3.6,-1261.0863200000001,39.47413333333337,-1.3459999999999894,-1.282
P002,3.7,-1257.1523666666667,39.33953333333337,-1.3459999999999894,-1.279
P002,3.8,-1253.2318733333334,39.20493333333337,-1.3459999999999894,-1.277
P002,3.9,-1249.32484,39.07033333333337,-1.3459999999999894,-1.275
P002,4.0,-1245.4312666666667,38.935733333333374,-1.3459999999999894,-1.273
P002,4.1,-1241.5511533333333,38.801133333333375,-1.3459999999999894,-1.271
P002,4.2,-1237.6845,38.666533333333376,-1.3459999999999894,-1.269
P002,4.3,-1233.8313066666667,38.53193333333338,-1.3459999999999894,-1.267
P002,4.4,-1229.9915733333335,38.39733333333338,-1.3459999999999894,-1.265
P002,4.5,-1226.1653000000001,38.26273333333338,-1.3459999999999894,-1.263
P002,4.6,-1222.3524866666667,38.12813333333338,-1.3459999999999894,-1.262
P002,4.7,-1218.5531333333333,37.99353333333338,-1.3459999999999894,-1.26
P002,4.8,-1214.76724,37.85893333333338,-1.3459999999999894,-1.258
P002,4.9,-1210.9948066666666,37.724333333333384,-1.3459999999999894,-1.256
P002,5.0,-1207.2358333333332,37.589733333333385,-1.3459999999999894,-1.254
P002,5.1,-1203.4903199999999,37.455133333333386,-1.3459999999999894,-1.252
P002,5.2,-1199.7582666666665,37.32053333333339,-1.3459999999999894,-1.25
P002,5.3,-1196.0396733333332,37.18593333333339,-1.3459999999999894,-1.248
P002,5.4,-1192.3345399999998,37.05133333333339,-1.3459999999999894,-1.247
P002,5.5,-1188.6428666666666,36.91673333333339,-1.3459999999999894,-1.245
P002,5.6,-1184.9646533333332,36.78213333333339,-1.3459999999999894,-1.243
P002,5.7,-1181.2999,36.64753333333339,-1.3459999999999894,-1.241
P002,5.8,-1177.6486066666666,36.51293333333339,-1.3459999999999894,-1.239
P002,5.9,-1174.0107733333332,36.378333333333394,-1.3459999999999894,-1.238
P002,6.0,-1170.3863999999999,36.243733333333395,-1.3459999999999894,-1.236
P002,6.1,-1166.7754866666664,36.109133333333396,-1.3459999999999894,-1.234
P002,6.2,-1163.1780333333331,35.9745333333334,-1.3459999999999894,-1.232
P002,6.3,-1159.5940399999997,35.8399333333334,-1.3459999999999894,-1.23
P002,6.4,-1156.0235066666664,35.7053333333334,-1.3459999999999894,-1.228
P002,6.5,-1152.466433333333,35.5707333333334,-1.3459999999999894,-1.228
P002,6.6,-1148.9228199999998,35.4361333333334,-1.3459999999999894,-1.226
P002,6.7,-1145.3926666666664,35.3015333333334,-1.3459999999999894,-1.222
P002,6.8,-1141.8759733333331,35.166933333333404,-1.3459999999999894,-1.222
P002,6.9,-1138.3727399999998,35.032333333333405,-1.3459999999999894,-1.22
P002,7.0,-1134.8832347416112,34.895052583886766,-1.372807494466386,-2.279
P002,7.1,-1131.492296909406,33.909378322053,-9.856742618337648,-5.264
P002,7.2,-1128.199926503384,32.92370406021924,-9.856742618337648,-9.251
P002,7.3,-1125.0061235235455,31.93802979838547,-9.856742618337648,-15.053
P002,7.4,-1121.9608879698903,30.452355536551707,-14.856742618337648,-20.132
P002,7.5,-1119.0902108447863,28.706771251040657,-17.455842855110504,-24.911
P002,7.6,-1116.3940921482333,26.961186965529606,-17.455842855110504,-27.531
P002,7.7,-1113.8725318802315,25.215602680018556,-17.455842855110504,-29.072
P002,7.8,-1111.5255300407807,23.470018394507505,-17.455842855110504,-30.417
P002,7.9,-1109.353086629881,21.724434108996455,-17.455842855110504,-31.546
P002,8.0,-1107.3552016475326,19.978849823485405,-17.455842855110504,-32.491
P002,8.1,-1105.5318750937352,18.233265537974354,-17.455842855110504,-32.854
P002,8.2,-1103.8831069684888,16.487681252463304,-17.455842855110504,-29.991
P002,8.3,-1102.4088972717936,14.742096966952253,-17.455842855110504,-24.887
P002,8.4,-1101.1092460036496,12.996512681441203,-17.455842855110504,-23.181
P002,8.5,-1099.9841531640566,11.250928395930153,-17.455842855110504,-22.914
P003,0.0,-1409.896,41.15026666666666,0.0,0.637
P003,0.1,-1405.7809733333333,41.15026666666666,0.0,0.131
P003,0.2,-1401.6659466666667,41.15026666666666,0.0,-0.282
P003,0.3,-1397.5509200000001,41.15026666666666,0.0,-0.776
P003,0.4,-1393.4358933333335,41.15026666666666,0.0,-1.198
P003,0.5,-1389.320866666667,41.15026666666666,0.0,-1.385
P003,0.6,-1385.2058400000003,41.15026666666666,0.0,-1.425
P003,0.7,-1381.0908133333337,41.15026666666666,0.0,-1.427
P003,0.8,-1376.975786666667,41.15026666666666,0.0,-1.422
P003,0.9,-1372.8607600000005,41.15026666666666,0.0,-1.419
P003,1.0,-1368.7457333333339,41.15026666666666,0.0,-1.418
P003,1.1,-1364.6307066666673,41.15026666666666,0.0,-1.417
P003,1.2,-1360.5156800000007,41.15026666666666,0.0,-1.415
P003,1.3,-1356.400653333334,41.15026666666666,0.0,-1.412
P003,1.4,-1352.2856266666674,41.15026666666666,0.0,-1.408
P003,1.5,-1348.1706000000008,41.15026666666666,0.0,-1.404
P003,1.6,-1344.0555733333342,41.15026666666666,0.0,-1.401
P003,1.7,-1339.9405466666676,41.15026666666666,0.0,-1.399
P003,1.8,-1335.825520000001,41.15026666666666,0.0,-1.396
P003,1.9,-1331.7104933333344,41.15026666666666,0.0,-1.393
P003,2.0,-1327.5954666666678,41.15026666666666,0.0,-1.39
P003,2.1,-1323.4804400000012,41.15026666666666,0.0,-1.387
P003,2.2,-1319.3654133333346,41.15026666666666,0.0,-1.384
P003,2.3,-1315.250386666668,41.15026666666666,0.0,-1.381
P003,2.4,-1311.1353600000014,41.15026666666666,0.0,-1.379
P003,2.5,-1307.0203333333347,41.15026666666666,0.0,-1.376
P003,2.6,-1302.9053066666681,41.15026666666666,0.0,-1.373
P003,2.7,-1298.7902800000015,41.15026666666666,0.0,-1.37
P003,2.8,-1294.675253333335,41.15026666666666,0.0,-1.367
P003,2.9,-1290.5602266666683,41.15026666666666,0.0,-1.364
P003,3.0,-1286.4452000000017,41.15026666666666,0.0,-1.362
P003,3.1,-1282.330173333335,41.15026666666666,0.0,-1.359
P003,3.2,-1278.2151466666685,41.15026666666666,0.0,-1.356
P003,3.3,-1274.1001200000019,41.15026666666666,0.0,-1.353
P003,3.4,-1269.9850933333353,41.15026666666666,0.0,-1.351
P003,3.5,-1265.8700666666687,41.15026666666666,0.0,-1.348
P003,3.6,-1261.755040000002,41.15026666666666,0.0,-1.345
P003,3.7,-1257.6400133333354,41.15026666666666,0.0,-1.342
P003,3.8,-1253.5249866666688,41.15026666666666,0.0,-1.34
P003,3.9,-1249.4099600000022,41.15026666666666,0.0,-1.337
P003,4.0,-1245.2949333333356,41.15026666666666,0.0,-1.334
P003,4.1,-1241.179906666669,41.15026666666666,0.0,-1.331
P003,4.2,-1237.0648800000024,41.15026666666666,0.0,-1.329
P003,4.3,-1232.9498533333358,41.15026666666666,0.0,-1.326
P003,4.4,-1228.8348266666692,41.15026666666666,0.0,-1.323
P003,4.5,-1224.7198000000026,41.15026666666666,0.0,-1.321
P003,4.6,-1220.604773333336,41.15026666666666,0.0,-1.318
P003,4.7,-1216.4897466666694,41.15026666666666,0.0,-1.316
P003,4.8,-1212.3747200000028,41.15026666666666,0.0,-1.314
P003,4.9,-1208.2596933333361,41.15026666666666,0.0,-1.31
P003,5.0,-1204.1446666666695,41.15026666666666,0.0,-1.308
P003,5.1,-1200.029640000003,41.15026666666666,0.0,-1.305
P003,5.2,-1195.9146133333363,41.15026666666666,0.0,-1.303
P003,5.3,-1191.7995866666697,41.15026666666666,0.0,-1.3
P003,5.4,-1187.684560000003,41.15026666666666,0.0,-1.297
P003,5.5,-1183.5695333333365,41.15026666666666,0.0,-1.295
P003,5.6,-1179.4545066666699,41.15026666666666,0.0,-1.292
P003,5.7,-1175.3394800000033,41.15026666666666,0.0,-1.289
P003,5.8,-1171.2244533333367,41.15026666666666,0.0,-1.287
P003,5.9,-1167.10942666667,41.15026666666666,0.0,-1.285
P003,6.0,-1162.9944000000035,41.15026666666666,0.0,-1.282
P003,6.1,-1158.8793733333368,41.15026666666666,0.0,-1.28
P003,6.2,-1154.8579810119645,40.21392321372399,-9.363434529426726,-1.277
P003,6.3,-1150.935345532283,39.22635479681561,-9.87568416908374,-1.274
P003,6.4,-1147.1114668942923,38.23878637990724,-9.87568416908374,-1.272
P003,6.5,-1143.3863450979925,37.251217962998865,-9.87568416908374,-1.27
P003,6.6,-1139.7599801433835,36.26364954609049,-9.87568416908374,-1.267
P003,6.7,-1136.2323720304653,35.27608112918212,-9.87568416908374,-1.265
P003,6.8,-1132.803520759238,34.28851271227374,-9.87568416908374,-1.262
P003,6.9,-1129.4734263297014,33.30094429536537,-9.87568416908374,-1.26
P003,7.0,-1126.2420887418557,32.313375878456995,-9.87568416908374,-1.257
P003,7.1,-1123.1095079957008,31.32580746154862,-9.87568416908374,-1.255
P003,7.2,-1120.0756840912368,30.338239044640247,-9.87568416908374,-1.252
P003,7.3,-1117.1406170284636,29.350670627731873,-9.87568416908374,-1.25
P003,7.4,-1114.3043068073812,28.3631022108235,-9.87568416908374,-1.248
P003,7.5,-1111.5667534279896,27.375533793915125,-9.87568416908374,-1.245
P003,7.6,-1108.927956890289,26.38796537700675,-9.87568416908374,-1.245
P003,7.7,-1106.387917194279,25.400396960098377,-9.87568416908374,-1.85
P003,7.8,-1103.94663433996,24.412828543190003,-9.87568416908374,-3.413
P003,7.9,-1101.6041083273317,23.42526012628163,-9.87568416908374,-5.295
P003,8.0,-1099.3603391563943,22.437691709373254,-9.87568416908374,-6.835
P003,8.1,-1097.2153268271477,21.45012329246488,-9.87568416908374,-8.176
P003,8.2,-1095.169071339592,20.462554875556506,-9.87568416908374,-9.762
P003,8.3,-1093.221572693727,19.474986458648132,-9.87568416908374,-11.142
P003,8.4,-1091.422830889553,17.987418041739758,-14.87568416908374,-12.4
P003,8.5,-1089.811931872095,16.108990174580455,-18.78427867159303,-13.65
P003,8.6,-1088.388875641353,14.230562307421152,-18.78427867159303,-14.934
P003,8.7,-1087.1536621973269,12.35213444026185,-18.78427867159303,-16.487
P003,8.8,-1086.1062915400166,10.473706573102547,-18.78427867159303,-18.577
P003,8.9,-1085.2467636694223,8.595278705943244,-18.78427867159303,-23.12
P003,9.0,-1084.575078585544,6.716850838783942,-18.784278671593018,-26.081
P003,9.1,-1084.0912362883814,4.83842297162464,-18.784278671593018,-28.021
P003,9.2,-1083.7952367779349,2.959995104465338,-18.784278671593018,-29.281
P003,9.3,-1083.6870800542042,1.0815672373060357,-18.78427867159302,-30.206
P003,9.4,-1083.6870800542042,0.0,-10.815672373060355,-30.869
P003,9.5,-1083.6870800542042,0.0,0.0,-31.174
P003,9.6,-1083.6870800542042,0.0,0.0,4.384
P004,0.0,-1410.273,42.437999999999995,-1.325,-1.325
P004,0.1,-1406.04245,42.305499999999995,-1.3250000000000028,-1.325
P004,0.2,-1401.82515,42.172999999999995,-1.3250000000000028,-1.326
P004,0.3,-1397.6210999999998,42.040499999999994,-1.3250000000000028,-1.326
P004,0.4,-1393.4302999999998,41.907999999999994,-1.3250000000000028,-1.325
P004,0.5,-1389.2527499999997,41.775499999999994,-1.3250000000000028,-1.321
P004,0.6,-1385.0884499999997,41.642999999999994,-1.3250000000000028,-1.317
P004,0.7,-1380.9373999999998,41.51049999999999,-1.3250000000000028,-1.314
P004,0.8,-1376.7995999999998,41.37799999999999,-1.3250000000000028,-1.312
P004,0.9,-1372.6750499999998,41.24549999999999,-1.3250000000000028,-1.309
P004,1.0,-1368.5637499999998,41.11299999999999,-1.3250000000000028,-1.306
P004,1.1,-1364.4656999999997,40.98049999999999,-1.3250000000000028,-1.303
P004,1.2,-1360.3808999999997,40.84799999999999,-1.3250000000000028,-1.301
P004,1.3,-1356.3093499999998,40.71549999999999,-1.3250000000000028,-1.3
P004,1.4,-1352.2510499999999,40.58299999999999,-1.3250000000000028,-1.302
P004,1.5,-1348.206,40.45049999999999,-1.3250000000000028,-1.299
P004,1.6,-1344.1742,40.31799999999999,-1.3250000000000028,-1.296
P004,1.7,-1340.15565,40.18549999999999,-1.3250000000000028,-1.292
P004,1.8,-1336.15035,40.05299999999999,-1.3250000000000028,-1.289
P004,1.9,-1332.1582999999998,39.92049999999999,-1.3250000000000028,-1.288
P004,2.0,-1328.1794999999997,39.78799999999999,-1.3250000000000028,-1.287
P004,2.1,-1324.2139499999998,39.65549999999999,-1.3250000000000028,-1.282
P004,2.2,-1320.26165,39.52299999999999,-1.3250000000000028,-1.28
P004,2.3,-1316.3226,39.39049999999999,-1.3250000000000028,-1.28
P004,2.4,-1312.3968,39.25799999999999,-1.3250000000000028,-1.277
P004,2.5,-1308.48425,39.12549999999999,-1.3250000000000028,-1.275
P004,2.6,-1304.58495,38.99299999999999,-1.3250000000000028,-1.273
P004,2.7,-1300.6988999999999,38.86049999999999,-1.3250000000000028,-1.271
P004,2.8,-1296.8260999999998,38.72799999999999,-1.3250000000000028,-1.27
P004,2.9,-1292.9665499999999,38.59549999999999,-1.3250000000000028,-1.268
P004,3.0,-1289.12025,38.46299999999999,-1.3250000000000028,-1.266
P004,3.1,-1285.2872,38.33049999999999,-1.3250000000000028,-1.264
P004,3.2,-1281.4674,38.197999999999986,-1.3250000000000028,-1.261
P004,3.3,-1277.66085,38.065499999999986,-1.3250000000000028,-1.259
P004,3.4,-1273.86755,37.932999999999986,-1.3250000000000028,-1.258
P004,3.5,-1270.0874999999999,37.800499999999985,-1.3250000000000028,-1.256
P004,3.6,-1266.3206999999998,37.667999999999985,-1.3250000000000028,-1.254
P004,3.7,-1262.5671499999999,37.535499999999985,-1.3250000000000028,-1.252
P004,3.8,-1258.82685,37.402999999999984,-1.3250000000000028,-1.251
P004,3.9,-1255.0998,37.270499999999984,-1.3250000000000028,-1.249
P004,4.0,-1251.386,37.137999999999984,-1.3250000000000028,-1.267
P004,4.1,-1247.68545,37.005499999999984,-1.3250000000000028,-1.888
P004,4.2,-1243.99815,36.87299999999998,-1.3250000000000028,-2.9
P004,4.3,-1240.3240999999998,36.74049999999998,-1.3250000000000028,-3.696
P004,4.4,-1236.6632999999997,36.60799999999998,-1.3250000000000028,-4.524
P004,4.5,-1233.0157499999998,36.47549999999998,-1.3250000000000028,-5.045
P004,4.6,-1229.3814499999999,36.34299999999998,-1.3250000000000028,-5.34
P004,4.7,-1225.7604,36.21049999999998,-1.3250000000000028,-5.631
P004,4.8,-1222.1526,36.07799999999998,-1.3250000000000028,-5.876
P004,4.9,-1218.5580499999999,35.94549999999998,-1.3250000000000028,-5.997
P004,5.0,-1214.9767499999998,35.81299999999998,-1.3250000000000028,-6.057
P004,5.1,-1211.4086999999997,35.68049999999998,-1.3250000000000028,-6.116
P004,5.2,-1207.8538999999998,35.54799999999998,-1.3250000000000028,-6.041
P004,5.3,-1204.31235,35.41549999999998,-1.3250000000000028,-5.63
P004,5.4,-1200.78405,35.28299999999998,-1.3250000000000028,-4.782
P004,5.5,-1197.269,35.15049999999998,-1.3250000000000028,-3.746
P004,5.6,-1193.7672,35.01799999999998,-1.3250000000000028,-2.634
P004,5.7,-1190.27865,34.88549999999998,-1.3250000000000028,-1.662
P004,5.8,-1186.80335,34.75299999999998,-1.3250000000000028,-1.327
P004,5.9,-1183.3412999999998,34.62049999999998,-1.3250000000000028,-1.235
P004,6.0,-1179.8925,34.48799999999998,-1.3250000000000028,-1.21
P004,6.1,-1176.45695,34.35549999999998,-1.3250000000000028,-1.203
P004,6.2,-1173.03465,34.22299999999998,-1.3250000000000028,-1.2
P004,6.3,-1169.6256,34.09049999999998,-1.3250000000000028,-1.196
P004,6.4,-1166.2298,33.95799999999998,-1.3250000000000028,-1.192
P004,6.5,-1162.84725,33.82549999999998,-1.3250000000000028,-1.188
P004,6.6,-1159.47795,33.69299999999998,-1.3250000000000028,-1.186
P004,6.7,-1156.1218999999999,33.560499999999976,-1.3250000000000028,-1.184
P004,6.8,-1152.7791,33.427999999999976,-1.3250000000000028,-1.182
P004,6.9,-1149.44955,33.295499999999976,-1.3250000000000028,-1.18
P004,7.0,-1146.13325,33.162999999999975,-1.3250000000000028,-1.177
P004,7.1,-1142.8302,33.030499999999975,-1.3250000000000028,-1.177
P004,7.2,-1139.5404,32.897999999999975,-1.3250000000000028,-1.177
P004,7.3,-1136.26385,32.765499999999975,-1.3250000000000028,-1.173
P004,7.4,-1133.00055,32.632999999999974,-1.3250000000000028,-1.17
P004,7.5,-1129.7504999999999,32.500499999999974,-1.3250000000000028,-1.166
P004,7.6,-1126.5137,32.367999999999974,-1.3250000000000028,-1.165
P004,7.7,-1123.371364422056,31.42335577943775,-9.446442205622247,-1.162
P004,7.8,-1120.3274380736168,30.439263484393557,-9.840922950441922,-1.16
P004,7.9,-1117.3819209546818,29.455171189349365,-9.840922950441922,-1.158
P004,8.0,-1114.5348130652512,28.471078894305172,-9.840922950441922,-1.195
P004,8.1,-1111.7861144053252,27.48698659926098,-9.840922950441922,-2.738
P004,8.2,-1109.1358249749035,26.502894304216788,-9.840922950441922,-5.393
P004,8.3,-1106.583944773986,25.518802009172596,-9.840922950441922,-7.896
P004,8.4,-1104.1304738025733,24.534709714128404,-9.840922950441922,-11.173
P004,8.5,-1101.8254120606648,23.05061741908421,-14.840922950441922,-14.553
P004,8.6,-1099.7044155754759,21.20996485189003,-18.4065256719418,-17.434
P004,8.7,-1097.7674843470063,19.36931228469585,-18.4065256719418,-21.649
P004,8.8,-1096.014618375256,17.52865971750167,-18.4065256719418,-25.193
P004,8.9,-1094.4458176602254,15.688007150307493,-18.406525671941782,-27.434
P004,9.0,-1093.0610822019141,13.847354583113315,-18.406525671941782,-28.897
P004,9.1,-1091.8604120003222,12.006702015919137,-18.406525671941782,-29.963
P004,9.2,-1090.8438070554496,10.166049448724959,-18.406525671941782,-30.84
P004,9.3,-1090.0112673672966,8.32539688153078,-18.406525671941782,-31.314
P004,9.4,-1089.362792935863,6.484744314336602,-18.406525671941782,-25.079
P005,0.0,-1411.586,42.85453333333333,-1.332,-1.332
P005,0.1,-1407.3138666666666,42.72133333333333,-1.332000000000022,-1.33
P005,0.2,-1403.0550533333333,42.588133333333325,-1.332000000000022,-1.328
P005,0.3,-1398.80956,42.45493333333332,-1.332000000000022,-1.326
P005,0.4,-1394.5773866666666,42.32173333333332,-1.332000000000022,-1.324
P005,0.5,-1390.3585333333333,42.18853333333332,-1.332000000000022,-1.322
P005,0.6,-1386.153,42.055333333333316,-1.332000000000022,-1.32
P005,0.7,-1381.9607866666668,41.92213333333331,-1.332000000000022,-1.318
P005,0.8,-1377.7818933333335,41.78893333333331,-1.332000000000022,-1.316
P005,0.9,-1373.61632,41.65573333333331,-1.332000000000022,-1.314
P005,1.0,-1369.4640666666667,41.52253333333331,-1.332000000000022,-1.314
P005,1.1,-1365.3251333333333,41.389333333333305,-1.332000000000022,-1.313
P005,1.2,-1361.19952,41.2561333333333,-1.332000000000022,-1.312
P005,1.3,-1357.0872266666665,41.1229333333333,-1.332000000000022,-1.31
P005,1.4,-1352.9882533333332,40.9897333333333,-1.332000000000022,-1.308
P005,1.5,-1348.9026,40.856533333333296,-1.332000000000022,-1.305
P005,1.6,-1344.8302666666666,40.723333333333294,-1.332000000000022,-1.304
P005,1.7,-1340.7712533333333,40.59013333333329,-1.332000000000022,-1.303
P005,1.8,-1336.72556,40.45693333333329,-1.332000000000022,-1.301
P005,1.9,-1332.6931866666669,40.32373333333329,-1.332000000000022,-1.299
P005,2.0,-1328.6741333333334,40.190533333333285,-1.332000000000022,-1.295
P005,2.1,-1324.6684,40.05733333333328,-1.332000000000022,-1.293
P005,2.2,-1320.6759866666666,39.92413333333328,-1.332000000000022,-1.292
P005,2.3,-1316.6968933333333,39.79093333333328,-1.332000000000022,-1.29
P005,2.4,-1312.73112,39.657733333333276,-1.332000000000022,-1.289
P005,2.5,-1308.7786666666666,39.524533333333274,-1.332000000000022,-1.288
P005,2.6,-1304.8395333333333,39.39133333333327,-1.332000000000022,-1.286
P005,2.7,-1300.91372,39.25813333333327,-1.332000000000022,-1.284
P005,2.8,-1297.0012266666668,39.12493333333327,-1.332000000000022,-1.282
P005,2.9,-1293.1020533333335,38.991733333333265,-1.332000000000022,-1.28
P005,3.0,-1289.2162000000003,38.85853333333326,-1.332000000000022,-1.278
P005,3.1,-1285.3436666666669,38.72533333333326,-1.332000000000022,-1.275
P005,3.2,-1281.4844533333335,38.59213333333326,-1.332000000000022,-1.274
P005,3.3,-1277.63856,38.458933333333256,-1.332000000000022,-1.27
P005,3.4,-1273.8059866666667,38.325733333333254,-1.332000000000022,-1.267
P005,3.5,-1269.9867333333334,38.19253333333325,-1.332000000000022,-1.265
P005,3.6,-1266.1808,38.05933333333325,-1.332000000000022,-1.262
P005,3.7,-1262.3881866666668,37.92613333333325,-1.332000000000022,-1.26
P005,3.8,-1258.6088933333335,37.792933333333245,-1.332000000000022,-1.258
P005,3.9,-1254.8429200000003,37.65973333333324,-1.332000000000022,-1.255
P005,4.0,-1251.090266666667,37.52653333333324,-1.332000000000022,-1.253
P005,4.1,-1247.3509333333336,37.39333333333324,-1.332000000000022,-1.25
P005,4.2,-1243.6249200000002,37.260133333333236,-1.332000000000022,-1.248
P005,4.3,-1239.9122266666668,37.126933333333234,-1.332000000000022,-1.246
P005,4.4,-1236.2128533333334,36.99373333333323,-1.332000000000022,-1.245
P005,4.5,-1232.5268,36.86053333333323,-1.332000000000022,-1.243
P005,4.6,-1228.8540666666668,36.72733333333323,-1.332000000000022,-1.241
P005,4.7,-1225.1946533333335,36.594133333333225,-1.332000000000022,-1.239
P005,4.8,-1221.5485600000002,36.46093333333322,-1.332000000000022,-1.237
P005,4.9,-1217.915786666667,36.32773333333322,-1.332000000000022,-1.236
P005,5.0,-1214.2963333333337,36.19453333333322,-1.332000000000022,-1.234
P005,5.1,-1210.6902000000005,36.061333333333216,-1.332000000000022,-1.232
P005,5.2,-1207.097386666667,35.928133333333214,-1.332000000000022,-1.231
P005,5.3,-1203.5178933333336,35.79493333333321,-1.332000000000022,-1.23
P005,5.4,-1199.9517200000003,35.66173333333321,-1.332000000000022,-1.282
P005,5.5,-1196.398866666667,35.52853333333321,-1.332000000000022,-1.984
P005,5.6,-1192.8593333333336,35.395333333333205,-1.332000000000022,-2.882
P005,5.7,-1189.3331200000002,35.2621333333332,-1.332000000000022,-3.793
P005,5.8,-1185.820226666667,35.1289333333332,-1.332000000000022,-4.803
P005,5.9,-1182.3706533333336,34.4957333333332,-6.332000000000022,-5.788
P005,6.0,-1179.0026916090742,33.679617242593295,-8.161160907399037,-6.46
P005,6.1,-1175.7163414938889,32.86350115185339,-8.161160907399037,-6.958
P005,6.2,-1172.5116029877775,32.04738506111349,-8.161160907399037,-7.32
P005,6.3,-1169.3884760907401,31.23126897037358,-8.161160907399072,-7.584
P005,6.4,-1166.3469608027767,30.415152879633673,-8.161160907399072,-7.816
P005,6.5,-1163.3870571238874,29.599036788893766,-8.161160907399072,-7.763
P005,6.6,-1160.508765054072,28.78292069815386,-8.161160907399072,-7.717
P005,6.7,-1157.7120845933307,27.966804607413952,-8.161160907399072,-7.731
P005,6.8,-1154.9970157416633,27.150688516674045,-8.161160907399072,-7.76
P005,6.9,-1152.3635584990698,26.334572425934137,-8.161160907399072,-7.8
P005,7.0,-1149.8117128655504,25.51845633519423,-8.161160907399072,-7.878
P005,7.1,-1147.3414788411048,24.702340244454323,-8.161160907399072,-7.943
P005,7.2,-1144.9528564257334,23.886224153714416,-8.161160907399072,-7.985
P005,7.3,-1142.645845619436,23.07010806297451,-8.161160907399072,-8.013
P005,7.4,-1140.4204464222125,22.2539919722346,-8.161160907399072,-8.033
P005,7.5,-1138.276658834063,21.437875881494694,-8.161160907399072,-8.229
P005,7.6,-1136.2144828549876,20.621759790754787,-8.161160907399072,-8.336
P005,7.7,-1134.2339184849861,19.80564370001488,-8.161160907399072,-8.389
P005,7.8,-1132.3349657240587,18.989527609274973,-8.161160907399072,-8.461
P005,7.9,-1130.5176245722052,18.173411518535065,-8.161160907399072,-8.471
P005,8.0,-1128.7818950294256,17.357295427795158,-8.161160907399072,-8.174
P005,8.1,-1127.1277770957201,16.54117933705525,-8.161160907399072,-8.025
P005,8.2,-1125.5552707710885,15.725063246315345,-8.161160907399054,-7.909
P005,8.3,-1124.064376055531,14.90894715557544,-8.161160907399054,-7.811
P005,8.4,-1122.6550929490475,14.092831064835535,-8.161160907399054,-7.782
P005,8.5,-1121.327421451638,13.27671497409563,-8.161160907399054,-7.928
P005,8.6,-1120.0813615633024,12.460598883355724,-8.161160907399054,-8.243
P005,8.7,-1118.916913284041,11.644482792615818,-8.161160907399054,-8.287
P005,8.8,-1117.8340766138533,10.828366701875913,-8.161160907399054,-8.154
P005,8.9,-1116.8328515527396,10.012250611136007,-8.161160907399054,-7.926
P005,9.0,-1115.9132381007,9.196134520396102,-8.161160907399054,-7.686
P005,9.1,-1115.0752362577343,8.380018429656197,-8.161160907399054,-7.319
P005,9.2,-1114.3188460238428,7.56390233891629,-8.161160907399063,-6.982
P005,9.3,-1113.644067399025,6.747786248176384,-8.161160907399063,-6.749
P005,9.4,-1113.0509003832815,5.931670157436478,-8.161160907399063,-6.56
P005,9.5,-1112.5393449766118,5.115554066696571,-8.161160907399063,-6.363
P005,9.6,-1112.1094011790162,4.299437975956665,-8.161160907399063,-6.157
P005,9.7,-1111.7610689904946,3.4833218852167587,-8.161160907399063,-6.095
P005,9.8,-1111.4943484110468,2.6672057944768524,-8.161160907399063,-6.195
P005,9.9,-1111.309239440673,1.851089703736946,-8.161160907399063,-6.341
P005,10.0,-1111.2057420793733,1.0349736129970397,-8.161160907399063,-6.41
P005,10.1,-1111.1838563271476,0.2188575222571335,-8.161160907399061,-6.345
P005,10.2,-1111.1838563271476,0.0,-2.188575222571335,-6.144
P005,10.3,-1111.1838563271476,0.0,0.0,-5.855
P005,10.4,-1111.1838563271476,0.0,0.0,-5.437
P005,10.5,-1111.1838563271476,0.0,0.0,-5.11
P006,0.0,-1412.957,45.761466666666664,-0.892,-0.892
P006,0.1,-1408.3897733333336,45.672266666666665,-0.8919999999999817,-0.87
P006,0.2,-1403.831466666667,45.58306666666667,-0.8919999999999817,-0.852
P006,0.3,-1399.2820800000004,45.49386666666667,-0.8919999999999817,-0.838
P006,0.4,-1394.7416133333338,45.40466666666667,-0.8919999999999817,-0.827
P006,0.5,-1390.2100666666672,45.31546666666667,-0.8919999999999817,-0.819
P006,0.6,-1385.6874400000006,45.226266666666675,-0.8919999999999817,-0.814
P006,0.7,-1381.173733333334,45.137066666666676,-0.8919999999999817,-0.81
P006,0.8,-1376.6689466666674,45.04786666666668,-0.8919999999999817,-0.809
P006,0.9,-1372.1730800000007,44.95866666666668,-0.8919999999999817,-0.821
P006,1.0,-1367.686133333334,44.86946666666668,-0.8919999999999817,-0.854
P006,1.1,-1363.2081066666674,44.780266666666684,-0.8919999999999817,-0.911
P006,1.2,-1358.7390000000007,44.691066666666686,-0.8919999999999817,-0.989
P006,1.3,-1354.278813333334,44.60186666666669,-0.8919999999999817,-1.078
P006,1.4,-1349.8275466666673,44.51266666666669,-0.8919999999999817,-1.157
P006,1.5,-1345.3852000000006,44.42346666666669,-0.8919999999999817,-1.226
P006,1.6,-1340.951773333334,44.33426666666669,-0.8919999999999817,-1.29
P006,1.7,-1336.5272666666672,44.245066666666695,-0.8919999999999817,-1.334
P006,1.8,-1332.1116800000004,44.1558666666667,-0.8919999999999817,-1.346
P006,1.9,-1327.7050133333337,44.0666666666667,-0.8919999999999817,-1.348
P006,2.0,-1323.307266666667,43.9774666666667,-0.8919999999999817,-1.346
P006,2.1,-1318.9184400000001,43.8882666666667,-0.8919999999999817,-1.344
P006,2.2,-1314.5385333333334,43.799066666666704,-0.8919999999999817,-1.342
P006,2.3,-1310.1675466666668,43.709866666666706,-0.8919999999999817,-1.34
P006,2.4,-1305.8054800000002,43.62066666666671,-0.8919999999999817,-1.338
P006,2.5,-1301.4523333333336,43.53146666666671,-0.8919999999999817,-1.336
P006,2.6,-1297.108106666667,43.44226666666671,-0.8919999999999817,-1.334
P006,2.7,-1292.7728000000004,43.35306666666671,-0.8919999999999817,-1.332
P006,2.8,-1288.4464133333338,43.263866666666715,-0.8919999999999817,-1.33
P006,2.9,-1284.1289466666672,43.17466666666672,-0.8919999999999817,-1.328
P006,3.0,-1279.8204000000005,43.08546666666672,-0.8919999999999817,-1.326
P006,3.1,-1275.5207733333339,42.99626666666672,-0.8919999999999817,-1.323
P006,3.2,-1271.2300666666672,42.90706666666672,-0.8919999999999817,-1.321
P006,3.3,-1266.9482800000005,42.817866666666724,-0.8919999999999817,-1.319
P006,3.4,-1262.6754133333338,42.728666666666726,-0.8919999999999817,-1.318
P006,3.5,-1258.4114666666671,42.63946666666673,-0.8919999999999817,-1.316
P006,3.6,-1254.1564400000004,42.55026666666673,-0.8919999999999817,-1.313
P006,3.7,-1249.9103333333337,42.46106666666673,-0.8919999999999817,-1.311
P006,3.8,-1245.673146666667,42.37186666666673,-0.8919999999999817,-1.309
P006,3.9,-1241.4448800000002,42.282666666666735,-0.8919999999999817,-1.308
P006,4.0,-1237.2255333333335,42.19346666666674,-0.8919999999999817,-1.305
P006,4.1,-1233.0151066666667,42.10426666666674,-0.8919999999999817,-1.303
P006,4.2,-1228.8136,42.01506666666674,-0.8919999999999817,-1.3
P006,4.3,-1224.6210133333332,41.92586666666674,-0.8919999999999817,-1.299
P006,4.4,-1220.4373466666666,41.836666666666744,-0.8919999999999817,-1.297
P006,4.5,-1216.2626,41.747466666666746,-0.8919999999999817,-1.295
P006,4.6,-1212.0967733333334,41.65826666666675,-0.8919999999999817,-1.292
P006,4.7,-1207.9398666666668,41.56906666666675,-0.8919999999999817,-1.29
P006,4.8,-1203.7918800000002,41.47986666666675,-0.8919999999999817,-1.288
P006,4.9,-1199.6528133333336,41.39066666666675,-0.8919999999999817,-1.286
P006,5.0,-1195.522666666667,41.301466666666755,-0.8919999999999817,-1.285
P006,5.1,-1191.4014400000003,41.21226666666676,-0.8919999999999817,-1.283
P006,5.2,-1187.2891333333337,41.12306666666676,-0.8919999999999817,-1.281
P006,5.3,-1183.185746666667,41.03386666666676,-0.8919999999999817,-1.279
P006,5.4,-1179.0912800000003,40.94466666666676,-0.8919999999999817,-1.277
P006,5.5,-1175.0057333333336,40.855466666666764,-0.8919999999999817,-1.275
P006,5.6,-1170.929106666667,40.766266666666766,-0.8919999999999817,-1.273
P006,5.7,-1166.8614000000002,40.67706666666677,-0.8919999999999817,-1.271
P006,5.8,-1162.8026133333335,40.58786666666677,-0.8919999999999817,-1.269
P006,5.9,-1158.7527466666668,40.49866666666677,-0.8919999999999817,-1.26
P006,6.0,-1154.7344279158494,40.183187508172985,-3.1547915849378683,-1.223
P006,6.1,-1150.8148650561382,39.19562859711226,-9.875589110607237,-1.154
P006,6.2,-1146.994058087533,38.20806968605154,-9.875589110607237,-1.058
P006,6.3,-1143.2720070100338,37.220510774990814,-9.875589110607237,-1.073
P006,6.4,-1139.6487118236407,36.23295186393009,-9.875589110607237,-0.925
P006,6.5,-1136.1241725283537,35.245392952869366,-9.875589110607237,-0.478
P006,6.6,-1132.6983891241728,34.25783404180864,-9.875589110607237,0.21
P006,6.7,-1129.3713616110979,33.27027513074792,-9.875589110607237,0.682
P006,6.8,-1126.143089989129,32.282716219687195,-9.875589110607237,1.075
P006,6.9,-1123.0135742582663,31.29515730862647,-9.875589110607237,0.641
P006,7.0,-1119.9828144185096,30.307598397565748,-9.875589110607237,-0.283
P006,7.1,-1117.0508104698592,29.320039486505024,-9.875589110607237,-3.664
P006,7.2,-1114.217562412315,28.3324805754443,-9.875589110607237,-10.375
P006,7.3,-1111.4830702458767,27.344921664383577,-9.875589110607237,-16.89
P006,7.4,-1108.8973339705444,25.857362753322853,-14.875589110607237,-22.431
P006,7.5,-1106.4896083115968,24.077256589475994,-17.801061638468596,-26.075
P006,7.6,-1104.259893269034,22.297150425629134,-17.801061638468596,-28.074
P006,7.7,-1102.2081888428556,20.517044261782274,-17.801061638468596,-29.552
P006,7.8,-1100.334495033062,18.736938097935415,-17.801061638468596,-30.872
P006,7.9,-1098.638811839653,16.956831934088555,-17.801061638468596,-32.113
P006,8.0,-1097.121139262629,15.176725770241694,-17.801061638468614,-32.949
P006,8.1,-1095.7814773019895,13.396619606394832,-17.801061638468614,-32.671
P006,8.2,-1094.6198259577347,11.616513442547971,-17.801061638468614,-31.5
P006,8.3,-1093.6361852298646,9.83640727870111,-17.801061638468614,-25.921
P006,8.4,-1092.8305551183792,8.056301114854248,-17.801061638468614,-23.653
P006,8.5,-1092.2029356232783,6.276194951007387,-17.801061638468614,-23.049
P006,8.6,-1091.7533267445622,4.4960887871605255,-17.801061638468614,-22.656
P007,0.0,-1410.383,45.925733333333326,-1.382,-1.382
P007,0.1,-1405.8042466666668,45.78753333333333,-1.3819999999999766,-1.38
P007,0.2,-1401.2393133333335,45.64933333333333,-1.3819999999999766,-1.378
P007,0.3,-1396.6882,45.51113333333333,-1.3819999999999766,-1.375
P007,0.4,-1392.1509066666667,45.372933333333336,-1.3819999999999766,-1.373
P007,0.5,-1387.6274333333333,45.23473333333334,-1.3819999999999766,-1.371
P007,0.6,-1383.11778,45.09653333333334,-1.3819999999999766,-1.369
P007,0.7,-1378.6219466666666,44.95833333333334,-1.3819999999999766,-1.366
P007,0.8,-1374.1399333333334,44.820133333333345,-1.3819999999999766,-1.364
P007,0.9,-1369.67174,44.68193333333335,-1.3819999999999766,-1.362
P007,1.0,-1365.2173666666667,44.54373333333335,-1.3819999999999766,-1.36
P007,1.1,-1360.7768133333334,44.40553333333335,-1.3819999999999766,-1.358
P007,1.2,-1356.3500800000002,44.267333333333355,-1.3819999999999766,-1.355
P007,1.3,-1351.9371666666668,44.12913333333336,-1.3819999999999766,-1.353
P007,1.4,-1347.5380733333334,43.99093333333336,-1.3819999999999766,-1.351
P007,1.5,-1343.1528,43.85273333333336,-1.3819999999999766,-1.349
P007,1.6,-1338.7813466666666,43.714533333333364,-1.3819999999999766,-1.347
P007,1.7,-1334.4237133333334,43.576333333333366,-1.3819999999999766,-1.344
P007,1.8,-1330.0799,43.43813333333337,-1.3819999999999766,-1.342
P007,1.9,-1325.7499066666667,43.29993333333337,-1.3819999999999766,-1.34
P007,2.0,-1321.4337333333333,43.16173333333337,-1.3819999999999766,-1.338
P007,2.1,-1317.13138,43.023533333333376,-1.3819999999999766,-1.336
P007,2.2,-1312.8428466666667,42.88533333333338,-1.3819999999999766,-1.334
P007,2.3,-1308.5681333333334,42.74713333333338,-1.3819999999999766,-1.331
P007,2.4,-1304.30724,42.60893333333338,-1.3819999999999766,-1.329
P007,2.5,-1300.0601666666666,42.470733333333385,-1.3819999999999766,-1.327
P007,2.6,-1295.8269133333333,42.33253333333339,-1.3819999999999766,-1.325
P007,2.7,-1291.60748,42.19433333333339,-1.3819999999999766,-1.323
P007,2.8,-1287.4018666666666,42.05613333333339,-1.3819999999999766,-1.321
P007,2.9,-1283.2100733333332,41.917933333333394,-1.3819999999999766,-1.319
P007,3.0,-1279.0321,41.7797333333334,-1.3819999999999766,-1.323
P007,3.1,-1274.8679466666665,41.6415333333334,-1.3819999999999766,-1.587
P007,3.2,-1270.7176133333332,41.5033333333334,-1.3819999999999766,-2.723
P007,3.3,-1266.5810999999999,41.365133333333404,-1.3819999999999766,-4.124
P007,3.4,-1262.4584066666666,41.226933333333406,-1.3819999999999766,-5.436
P007,3.5,-1258.3495333333333,41.08873333333341,-1.3819999999999766,-6.613
P007,3.6,-1254.2544799999998,40.95053333333341,-1.3819999999999766,-7.422
P007,3.7,-1250.1732466666665,40.81233333333341,-1.3819999999999766,-8.089
P007,3.8,-1246.105833333333,40.674133333333415,-1.3819999999999766,-9.028
P007,3.9,-1242.0522399999998,40.53593333333342,-1.3819999999999766,-9.979
P007,4.0,-1238.0124666666663,40.39773333333342,-1.3819999999999766,-10.588
P007,4.1,-1233.986513333333,40.25953333333342,-1.3819999999999766,-10.95
P007,4.2,-1229.9743799999997,40.121333333333425,-1.3819999999999766,-11.055
P007,4.3,-1225.9760666666664,39.98313333333343,-1.3819999999999766,-10.669
P007,4.4,-1221.991573333333,39.84493333333343,-1.3819999999999766,-9.819
P007,4.5,-1218.0208999999998,39.70673333333343,-1.3819999999999766,-9.096
P007,4.6,-1214.0640466666664,39.568533333333434,-1.3819999999999766,-8.553
P007,4.7,-1210.1210133333332,39.43033333333344,-1.3819999999999766,-8.041
P007,4.8,-1206.1917999999998,39.29213333333344,-1.3819999999999766,-7.847
P007,4.9,-1202.2764066666664,39.15393333333344,-1.3819999999999766,-7.851
P007,5.0,-1198.374833333333,39.01573333333344,-1.3819999999999766,-7.941
P007,5.1,-1194.4870799999997,38.877533333333446,-1.3819999999999766,-7.917
P007,5.2,-1190.6131466666664,38.73933333333345,-1.3819999999999766,-7.745
P007,5.3,-1186.753033333333,38.60113333333345,-1.3819999999999766,-7.244
P007,5.4,-1182.9067399999997,38.46293333333345,-1.3819999999999766,-6.202
P007,5.5,-1179.0742666666663,38.324733333333455,-1.3819999999999766,-5.031
P007,5.6,-1175.255613333333,38.18653333333346,-1.3819999999999766,-4.101
P007,5.7,-1171.4507799999997,38.04833333333346,-1.3819999999999766,-3.127
P007,5.8,-1167.6597666666664,37.91013333333346,-1.3819999999999766,-2.011
P007,5.9,-1163.882573333333,37.771933333333465,-1.3819999999999766,-1.472
P007,6.0,-1160.1191999999996,37.63373333333347,-1.3819999999999766,-1.337
P007,6.1,-1156.3696466666663,37.49553333333347,-1.3819999999999766,-1.302
P007,6.2,-1152.6339133333329,37.35733333333347,-1.3819999999999766,-1.308
P007,6.3,-1148.9119999999996,37.219133333333474,-1.3819999999999766,-1.355
P007,6.4,-1145.2039066666662,37.080933333333476,-1.3819999999999766,-1.356
P007,6.5,-1141.5288859603213,36.75020706344964,-3.307262698838329,-1.24
P007,6.6,-1137.9525049691747,35.763809911466275,-9.863971519833683,-1.165
P007,6.7,-1134.4747636932264,34.77741275948291,-9.863971519833683,-1.134
P007,6.8,-1131.0956621324765,33.79101560749954,-9.863971519833683,-1.121
P007,6.9,-1127.815200286925,32.80461845551617,-9.863971519833683,-1.117
P007,7.0,-1124.6333781565716,31.818221303532802,-9.863971519833683,-1.114
P007,7.1,-1121.5501957414167,30.831824151549434,-9.863971519833683,-1.112
P007,7.2,-1118.56565304146,29.845426999566065,-9.863971519833683,-1.109
P007,7.3,-1115.6797500567018,28.859029847582697,-9.863971519833683,-1.105
P007,7.4,-1112.892486787142,27.87263269559933,-9.863971519833683,-1.102
P007,7.5,-1110.2038632327803,26.88623554361596,-9.863971519833683,-1.099
P007,7.6,-1107.613879393617,25.899838391632592,-9.863971519833683,-1.096
P007,7.7,-1105.1225352696522,24.913441239649224,-9.863971519833683,-1.093
P007,7.8,-1102.7298308608856,23.927044087665855,-9.863971519833683,-1.091
P007,7.9,-1100.4357661673173,22.940646935682487,-9.863971519833683,-1.088
P007,8.0,-1098.2403411889475,21.95424978369912,-9.863971519833683,-1.095
P007,8.1,-1096.143555925776,20.96785263171575,-9.863971519833683,-1.903
P007,8.2,-1094.1454103778026,19.981455479732382,-9.863971519833683,-3.51
P007,8.3,-1092.2459045450278,18.995058327749014,-9.863971519833683,-5.241
P007,8.4,-1090.4450384274512,18.008661175765646,-9.863971519833683,-6.606
P007,8.5,-1088.742812025073,17.022264023782277,-9.863971519833683,-7.435
P007,8.6,-1087.189225337893,15.535866871798909,-14.863971519833683,-8.27
P007,8.7,-1085.825200250998,13.64025086895127,-18.95616002847639,-9.175
P007,8.8,-1084.6507367643876,11.744634866103631,-18.95616002847639,-10.045
P007,8.9,-1083.665834878062,9.849018863255992,-18.95616002847639,-10.831
P007,9.0,-1082.8704945920213,7.953402860408354,-18.95616002847638,-11.665
P007,9.1,-1082.264715906265,6.057786857560716,-18.95616002847638,-12.259
P007,9.2,-1081.8484988207938,4.162170854713078,-18.95616002847638,-12.669
P007,9.3,-1081.6218433356073,2.2665548518654397,-18.95616002847638,-12.899
P007,9.4,-1081.5847494507054,0.3709388490178016,-18.95616002847638,-13.008
P007,9.5,-1081.5847494507054,0.0,-3.709388490178016,-13.034
P007,9.6,-1081.5847494507054,0.0,0.0,-13.055
P007,9.7,-1081.5847494507054,0.0,0.0,-12.822
P007,9.8,-1081.5847494507054,0.0,0.0,-12.263
P007,9.9,-1081.5847494507054,0.0,0.0,-11.311
P007,10.0,-1081.5847494507054,0.0,0.0,-3.23
P008,0.0,-1412.162,49.30786666666666,-1.201,-1.201
P008,0.1,-1407.2432233333334,49.18776666666666,-1.2010000000000076,-1.183
P008,0.2,-1402.3364566666667,49.06766666666666,-1.2010000000000076,-1.219
P008,0.3,-1397.4417,48.94756666666666,-1.2010000000000076,-1.318
P008,0.4,-1392.5589533333334,48.82746666666666,-1.2010000000000076,-1.397
P008,0.5,-1387.6882166666667,48.70736666666666,-1.2010000000000076,-1.421
P008,0.6,-1382.82949,48.58726666666666,-1.2010000000000076,-1.425
P008,0.7,-1377.9827733333334,48.46716666666666,-1.2010000000000076,-1.424
P008,0.8,-1373.1480666666666,48.347066666666656,-1.2010000000000076,-1.421
P008,0.9,-1368.32537,48.226966666666655,-1.2010000000000076,-1.418
P008,1.0,-1363.5146833333333,48.106866666666654,-1.2010000000000076,-1.416
P008,1.1,-1358.7160066666665,47.986766666666654,-1.2010000000000076,-1.414
P008,1.2,-1353.92934,47.86666666666665,-1.2010000000000076,-1.412
P008,1.3,-1349.1546833333332,47.74656666666665,-1.2010000000000076,-1.41
P008,1.4,-1344.3920366666666,47.62646666666665,-1.2010000000000076,-1.407
P008,1.5,-1339.6414,47.50636666666665,-1.2010000000000076,-1.405
P008,1.6,-1334.9027733333332,47.38626666666665,-1.2010000000000076,-1.402
P008,1.7,-1330.1761566666667,47.26616666666665,-1.2010000000000076,-1.4
P008,1.8,-1325.46155,47.14606666666665,-1.2010000000000076,-1.398
P008,1.9,-1320.7589533333332,47.02596666666665,-1.2010000000000076,-1.395
P008,2.0,-1316.0683666666666,46.90586666666665,-1.2010000000000076,-1.393
P008,2.1,-1311.38979,46.785766666666646,-1.2010000000000076,-1.39
P008,2.2,-1306.7232233333332,46.665666666666645,-1.2010000000000076,-1.388
P008,2.3,-1302.0686666666666,46.545566666666645,-1.2010000000000076,-1.386
P008,2.4,-1297.4261199999999,46.425466666666644,-1.2010000000000076,-1.383
P008,2.5,-1292.7955833333333,46.30536666666664,-1.2010000000000076,-1.381
P008,2.6,-1288.1770566666667,46.18526666666664,-1.2010000000000076,-1.379
P008,2.7,-1283.57054,46.06516666666664,-1.2010000000000076,-1.377
P008,2.8,-1278.9760333333334,45.94506666666664,-1.2010000000000076,-1.374
P008,2.9,-1274.3935366666667,45.82496666666664,-1.2010000000000076,-1.372
P008,3.0,-1269.82305,45.70486666666664,-1.2010000000000076,-1.37
P008,3.1,-1265.2645733333334,45.58476666666664,-1.2010000000000076,-1.368
P008,3.2,-1260.7181066666667,45.46466666666664,-1.2010000000000076,-1.365
P008,3.3,-1256.18365,45.34456666666664,-1.2010000000000076,-1.363
P008,3.4,-1251.6612033333333,45.224466666666636,-1.2010000000000076,-1.361
P008,3.5,-1247.1507666666666,45.104366666666635,-1.2010000000000076,-1.359
P008,3.6,-1242.6523399999999,44.984266666666635,-1.2010000000000076,-1.356
P008,3.7,-1238.1659233333332,44.864166666666634,-1.2010000000000076,-1.354
P008,3.8,-1233.6915166666665,44.74406666666663,-1.2010000000000076,-1.352
P008,3.9,-1229.22912,44.62396666666663,-1.2010000000000076,-1.35
P008,4.0,-1224.7787333333333,44.50386666666663,-1.2010000000000076,-1.348
P008,4.1,-1220.3403566666666,44.38376666666663,-1.2010000000000076,-1.345
P008,4.2,-1215.91399,44.26366666666663,-1.2010000000000076,-1.343
P008,4.3,-1211.4996333333333,44.14356666666663,-1.2010000000000076,-1.341
P008,4.4,-1207.0972866666666,44.02346666666663,-1.2010000000000076,-1.339
P008,4.5,-1202.70695,43.90336666666663,-1.2010000000000076,-1.337
P008,4.6,-1198.3286233333333,43.78326666666663,-1.2010000000000076,-1.335
P008,4.7,-1193.9623066666666,43.663166666666626,-1.2010000000000076,-1.333
P008,4.8,-1189.608,43.543066666666626,-1.2010000000000076,-1.33
P008,4.9,-1185.2657033333332,43.422966666666625,-1.2010000000000076,-1.328
P008,5.0,-1180.9354166666667,43.302866666666624,-1.2010000000000076,-1.326
P008,5.1,-1176.61714,43.18276666666662,-1.2010000000000076,-1.324
P008,5.2,-1172.3108733333333,43.06266666666662,-1.2010000000000076,-1.322
P008,5.3,-1168.0166166666668,42.94256666666662,-1.2010000000000076,-1.32
P008,5.4,-1163.779183862192,42.37432804474711,-5.6823862191951235,-1.318
P008,5.5,-1159.6405712622438,41.386125999480534,-9.882020452665756,-1.316
P008,5.6,-1155.6007788668223,40.39792395421396,-9.882020452665756,-1.314
P008,5.7,-1151.6598066759277,39.40972190894738,-9.882020452665756,-1.312
P008,5.8,-1147.8176546895597,38.42151986368081,-9.882020452665756,-1.309
P008,5.9,-1144.0743229077184,37.43331781841423,-9.882020452665756,-1.307
P008,6.0,-1140.4298113304037,36.445115773147656,-9.882020452665756,-1.305
P008,6.1,-1136.8841199576157,35.45691372788108,-9.882020452665756,-1.303
P008,6.2,-1133.4372487893543,34.468711682614504,-9.882020452665756,-1.301
P008,6.3,-1130.0891978256195,33.48050963734793,-9.882020452665756,-1.299
P008,6.4,-1126.8399670664114,32.49230759208135,-9.882020452665756,-1.297
P008,6.5,-1123.68955651173,31.504105546814777,-9.882020452665756,-1.295
P008,6.6,-1120.6379661615752,30.515903501548202,-9.882020452665756,-1.293
P008,6.7,-1117.685196015947,29.527701456281626,-9.882020452665756,-1.365
P008,6.8,-1114.8312460748455,28.53949941101505,-9.882020452665756,-2.973
P008,6.9,-1112.0761163382706,27.551297365748475,-9.882020452665756,-5.629
P008,7.0,-1109.4198068062224,26.5630953204819,-9.882020452665756,-8.59
P008,7.1,-1106.8623174787008,25.574893275215324,-9.882020452665756,-13.042
P008,7.2,-1104.4536483557058,24.086691229948748,-14.882020452665756,-18.142
P008,7.3,-1102.2231911702606,22.3045718544517,-17.821193754970466,-23.371
P008,7.4,-1100.1709459223653,20.522452478954655,-17.821193754970466,-26.761
P008,7.5,-1098.2969126120195,18.74033310345761,-17.821193754970466,-28.798
P008,7.6,-1096.6010912392235,16.958213727960562,-17.821193754970466,-30.183
P008,7.7,-1095.083481803977,15.176094352463517,-17.821193754970448,-31.32
P008,7.8,-1093.7440843062805,13.393974976966472,-17.821193754970448,-32.309
P008,7.9,-1092.5828987461334,11.611855601469427,-17.821193754970448,-33.002
P008,8.0,-1091.5999251235362,9.829736225972383,-17.821193754970448,-32.637
P008,8.1,-1090.7951634384888,8.047616850475338,-17.821193754970448,-31.811
P008,8.2,-1090.168613690991,6.265497474978293,-17.821193754970448,-25.856
P008,8.3,-1089.7202758810429,4.483378099481248,-17.821193754970448,-23.637
P008,8.4,-1089.4501500086444,2.7012587239842034,-17.821193754970448,-23.134
P008,8.5,-1089.3582360737958,0.9191393484871586,-17.821193754970448,-20.702
P009,0.0,-1410.42,45.748266666666666,-1.013,-1.013
P009,0.1,-1405.8553033333335,45.646966666666664,-1.0130000000000194,-1.03
P009,0.2,-1401.3007366666668,45.54566666666666,-1.0130000000000194,-1.107
P009,0.3,-1396.7563000000002,45.44436666666666,-1.0130000000000194,-1.233
P009,0.4,-1392.2219933333336,45.34306666666666,-1.0130000000000194,-1.325
P009,0.5,-1387.697816666667,45.241766666666656,-1.0130000000000194,-1.358
P009,0.6,-1383.1837700000003,45.140466666666654,-1.0130000000000194,-1.365
P009,0.7,-1378.6798533333338,45.03916666666665,-1.0130000000000194,-1.365
P009,0.8,-1374.186066666667,44.93786666666665,-1.0130000000000194,-1.362
P009,0.9,-1369.7024100000003,44.83656666666665,-1.0130000000000194,-1.36
P009,1.0,-1365.2288833333337,44.73526666666665,-1.0130000000000194,-1.358
P009,1.1,-1360.765486666667,44.633966666666645,-1.0130000000000194,-1.356
P009,1.2,-1356.3122200000003,44.53266666666664,-1.0130000000000194,-1.354
P009,1.3,-1351.8690833333335,44.43136666666664,-1.0130000000000194,-1.352
P009,1.4,-1347.4360766666668,44.33006666666664,-1.0130000000000194,-1.35
P009,1.5,-1343.0132,44.22876666666664,-1.0130000000000194,-1.348
P009,1.6,-1338.6004533333335,44.127466666666635,-1.0130000000000194,-1.345
P009,1.7,-1334.1978366666667,44.02616666666663,-1.0130000000000194,-1.343
P009,1.8,-1329.80535,43.92486666666663,-1.0130000000000194,-1.341
P009,1.9,-1325.4229933333334,43.82356666666663,-1.0130000000000194,-1.339
P009,2.0,-1321.0507666666667,43.72226666666663,-1.0130000000000194,-1.337
P009,2.1,-1316.68867,43.620966666666625,-1.0130000000000194,-1.334
P009,2.2,-1312.3367033333334,43.51966666666662,-1.0130000000000194,-1.332
P009,2.3,-1307.9948666666667,43.41836666666662,-1.0130000000000194,-1.33
P009,2.4,-1303.66316,43.31706666666662,-1.0130000000000194,-1.328
P009,2.5,-1299.3415833333333,43.21576666666662,-1.0130000000000194,-1.326
P009,2.6,-1295.0301366666667,43.114466666666615,-1.0130000000000194,-1.324
P009,2.7,-1290.72882,43.01316666666661,-1.0130000000000194,-1.322
P009,2.8,-1286.4376333333335,42.91186666666661,-1.0130000000000194,-1.32
P009,2.9,-1282.1565766666668,42.81056666666661,-1.0130000000000194,-1.318
P009,3.0,-1277.8856500000002,42.70926666666661,-1.0130000000000194,-1.316
P009,3.1,-1273.6248533333335,42.607966666666606,-1.0130000000000194,-1.314
P009,3.2,-1269.374186666667,42.506666666666604,-1.0130000000000194,-1.312
P009,3.3,-1265.1336500000002,42.4053666666666,-1.0130000000000194,-1.309
P009,3.4,-1260.9032433333336,42.3040666666666,-1.0130000000000194,-1.308
P009,3.5,-1256.682966666667,42.2027666666666,-1.0130000000000194,-1.307
P009,3.6,-1252.4728200000004,42.101466666666596,-1.0130000000000194,-1.436
P009,3.7,-1248.2728033333337,42.000166666666594,-1.0130000000000194,-2.078
P009,3.8,-1244.1329166666671,41.39886666666659,-6.013000000000019,-2.791
P009,3.9,-1240.0623931549787,40.705235116883145,-6.936315497834471,-3.423
P009,4.0,-1236.0612327982687,40.0116035670997,-6.936315497834471,-3.908
P009,4.1,-1232.1294355965372,39.31797201731625,-6.936315497834471,-4.505
P009,4.2,-1228.2670015497838,38.624340467532804,-6.936315497834471,-5.284
P009,4.3,-1224.4739306580088,37.93070891774936,-6.936315497834471,-6.41
P009,4.4,-1220.7502229212123,37.23707736796591,-6.936315497834471,-7.191
P009,4.5,-1217.095878339394,36.54344581818246,-6.936315497834471,-7.57
P009,4.6,-1213.510896912554,35.849814268399015,-6.936315497834471,-7.822
P009,4.7,-1209.9952786406925,35.15618271861557,-6.936315497834471,-7.963
P009,4.8,-1206.5490235238092,34.46255116883212,-6.936315497834471,-8.08
P009,4.9,-1203.1721315619043,33.768919619048674,-6.936315497834471,-8.179
P009,5.0,-1199.8646027549778,33.07528806926523,-6.936315497834471,-8.175
P009,5.1,-1196.6264371030297,32.38165651948178,-6.936315497834471,-8.148
P009,5.2,-1193.4576346060599,31.688024969698333,-6.936315497834471,-8.116
P009,5.3,-1190.3581952640684,30.994393419914886,-6.936315497834471,-8.086
P009,5.4,-1187.3281190770554,30.30076187013144,-6.936315497834471,-7.868
P009,5.5,-1184.3674060450205,29.60713032034799,-6.936315497834471,-7.719
P009,5.6,-1181.476056167964,28.913498770564544,-6.936315497834471,-7.739
P009,5.7,-1178.654069445886,28.219867220781097,-6.936315497834471,-7.87
P009,5.8,-1175.9014458787863,27.52623567099765,-6.936315497834471,-8.106
P009,5.9,-1173.2181854666649,26.832604121214203,-6.936315497834471,-8.381
P009,6.0,-1170.6042882095219,26.138972571430756,-6.936315497834471,-8.522
P009,6.1,-1168.059754107357,25.44534102164731,-6.936315497834471,-8.509
P009,6.2,-1165.5845831601707,24.75170947186386,-6.936315497834471,-8.508
P009,6.3,-1163.1787753679628,24.058077922080415,-6.936315497834471,-8.974
P009,6.4,-1160.842330730733,23.364446372296968,-6.936315497834471,-9.455
P009,6.5,-1158.5752492484817,22.67081482251352,-6.936315497834471,-9.764
P009,6.6,-1156.3775309212087,21.977183272730073,-6.936315497834471,-9.886
P009,6.7,-1154.249175748914,21.283551722946626,-6.936315497834471,-9.707
P009,6.8,-1152.1901837315977,20.58992017316318,-6.936315497834471,-9.226
P009,6.9,-1150.2005548692598,19.896288623379732,-6.936315497834471,-8.784
P009,7.0,-1148.2802891619,19.202657073596285,-6.936315497834471,-8.42
P009,7.1,-1146.4293866095188,18.509025523812838,-6.936315497834471,-8.213
P009,7.2,-1144.647847212116,17.81539397402939,-6.936315497834471,-8.475
P009,7.3,-1142.9356709696913,17.121762424245944,-6.936315497834471,-8.98
P009,7.4,-1141.292857882245,16.428130874462497,-6.936315497834471,-9.257
P009,7.5,-1139.7194079497772,15.73449932467905,-6.936315497834471,-9.149
P009,7.6,-1138.2153211722875,15.040867774895602,-6.936315497834471,-8.667
P009,7.7,-1136.7805975497763,14.347236225112155,-6.936315497834471,-8.107
P009,7.8,-1135.4152370822435,13.653604675328708,-6.936315497834471,-7.541
P009,7.9,-1134.1192397696889,12.959973125545261,-6.936315497834471,-6.526
P009,8.0,-1132.8926056121127,12.266341575761814,-6.936315497834471,-5.273
P009,8.1,-1131.735334609515,11.572710025978367,-6.936315497834471,-4.08
P009,8.2,-1130.6474267618953,10.87907847619492,-6.936315497834471,-3.021
P009,8.3,-1129.6288820692541,10.185446926411473,-6.936315497834471,-1.93
P009,8.4,-1128.6797005315914,9.491815376628026,-6.936315497834471,-1.01
P009,8.5,-1127.7998821489068,8.798183826844578,-6.936315497834471,-0.73
P009,8.6,-1126.9894269212007,8.104552277061131,-6.936315497834471,-0.672
P009,8.7,-1126.248334848473,7.410920727277684,-6.936315497834471,-0.667
P009,8.8,-1125.5766059307234,6.717289177494237,-6.936315497834471,-0.672
P009,8.9,-1124.9742401679523,6.02365762771079,-6.936315497834471,-0.678
P009,9.0,-1124.4412375601596,5.330026077927343,-6.936315497834471,-0.679
P009,9.1,-1123.9775981073453,4.636394528143896,-6.936315497834471,-0.678
P009,9.2,-1123.5833218095092,3.9427629783604488,-6.936315497834471,-0.676
P009,9.3,-1123.2584086666516,3.2491314285770017,-6.936315497834471,-0.674
P009,9.4,-1123.0028586787723,2.5554998787935546,-6.936315497834471,-0.673
P009,9.5,-1122.8166718458713,1.8618683290101077,-6.936315497834468,-0.671
P009,9.6,-1122.6998481679486,1.1682367792266608,-6.936315497834468,-0.669
P009,9.7,-1122.6523876450044,0.4746052294432139,-6.936315497834468,-0.666
P009,9.8,-1122.6523876450044,0.0,-4.746052294432139,-0.664
P009,9.9,-1122.6523876450044,0.0,0.0,-0.661
P009,10.0,-1122.6523876450044,0.0,0.0,-0.658
P009,10.1,-1122.6523876450044,0.0,0.0,-0.654
P009,10.2,-1122.6523876450044,0.0,0.0,-0.651
P009,10.3,-1122.6523876450044,0.0,0.0,-0.647
P009,10.4,-1122.6523876450044,0.0,0.0,-0.642
P009,10.5,-1122.6523876450044,0.0,0.0,-0.637
P009,10.6,-1122.6523876450044,0.0,0.0,-0.631
P009,10.7,-1122.6523876450044,0.0,0.0,-0.624
P009,10.8,-1122.6523876450044,0.0,0.0,-0.617
P009,10.9,-1122.6523876450044,0.0,0.0,-0.609
P009,11.0,-1122.6523876450044,0.0,0.0,-0.601
P009,11.1,-1122.6523876450044,0.0,0.0,-0.595
P009,11.2,-1122.6523876450044,0.0,0.0,-0.589
P009,11.3,-1122.6523876450044,0.0,0.0,-0.583
P009,11.4,-1122.6523876450044,0.0,0.0,-0.576
P009,11.5,-1122.6523876450044,0.0,0.0,-0.57
P009,11.6,-1122.6523876450044,0.0,0.0,-0.561
P009,11.7,-1122.6523876450044,0.0,0.0,-0.551
P009,11.8,-1122.6523876450044,0.0,0.0,-0.541
P009,11.9,-1122.6523876450044,0.0,0.0,-0.531
P009,12.0,-1122.6523876450044,0.0,0.0,-0.522
P009,12.1,-1122.6523876450044,0.0,0.0,-0.513
P009,12.2,-1122.6523876450044,0.0,0.0,-0.551
P009,12.3,-1122.6523876450044,0.0,0.0,-0.654
P009,12.4,-1122.6523876450044,0.0,0.0,-0.78
P009,12.5,-1122.6523876450044,0.0,0.0,-0.869
P009,12.6,-1122.6523876450044,0.0,0.0,-1.054
P009,12.7,-1122.6523876450044,0.0,0.0,-0.934
P009,12.8,-1122.6523876450044,0.0,0.0,-0.713
P009,12.9,-1122.6523876450044,0.0,0.0,-0.461
P009,13.0,-1122.6523876450044,0.0,0.0,-0.273
P009,13.1,-1122.6523876450044,0.0,0.0,-0.146
P009,13.2,-1122.6523876450044,0.0,0.0,-0.05
P009,13.3,-1122.6523876450044,0.0,0.0,0.025
P009,13.4,-1122.6523876450044,0.0,0.0,0.092
P009,13.5,-1122.6523876450044,0.0,0.0,0.158
P009,13.6,-1122.6523876450044,0.0,0.0,0.225
P009,13.7,-1122.6523876450044,0.0,0.0,0.3
P009,13.8,-1122.6523876450044,0.0,0.0,0.384
P009,13.9,-1122.6523876450044,0.0,0.0,0.478
P009,14.0,-1122.6523876450044,0.0,0.0,0.573
P009,14.1,-1122.6523876450044,0.0,0.0,0.721
P009,14.2,-1122.6523876450044,0.0,0.0,0.894
P009,14.3,-1122.6523876450044,0.0,0.0,1.068
P009,14.4,-1122.6523876450044,0.0,0.0,1.217
P009,14.5,-1122.6523876450044,0.0,0.0,1.123
P009,14.6,-1122.6523876450044,0.0,0.0,0.842
P009,14.7,-1122.6523876450044,0.0,0.0,0.406
P009,14.8,-1122.6523876450044,0.0,0.0,-0.007
P009,14.9,-1122.6523876450044,0.0,0.0,-0.252
P009,15.0,-1122.6523876450044,0.0,0.0,-0.374
P009,15.1,-1122.6523876450044,0.0,0.0,-0.422
P009,15.2,-1122.6523876450044,0.0,0.0,-0.436
P009,15.3,-1122.6523876450044,0.0,0.0,-0.435
P009,15.4,-1122.6523876450044,0.0,0.0,-0.431
P009,15.5,-1122.6523876450044,0.0,0.0,-0.427
P009,15.6,-1122.6523876450044,0.0,0.0,-0.423
P009,15.7,-1122.6523876450044,0.0,0.0,-0.42
P009,15.8,-1122.6523876450044,0.0,0.0,-0.415
P009,15.9,-1122.6523876450044,0.0,0.0,-0.41
P009,16.0,-1122.6523876450044,0.0,0.0,-0.405
P009,16.1,-1122.6523876450044,0.0,0.0,-0.399
P009,16.2,-1122.6523876450044,0.0,0.0,-0.395
P009,16.3,-1122.6523876450044,0.0,0.0,-0.39
P009,16.4,-1122.6523876450044,0.0,0.0,-0.386
P009,16.5,-1122.6523876450044,0.0,0.0,-0.382
P009,16.6,-1122.6523876450044,0.0,0.0,-0.377
P009,16.7,-1122.6523876450044,0.0,0.0,-0.373
P009,16.8,-1122.6523876450044,0.0,0.0,-0.369
P009,16.9,-1122.6523876450044,0.0,0.0,-0.366
P009,17.0,-1122.6523876450044,0.0,0.0,-0.362
P009,17.1,-1122.6523876450044,0.0,0.0,-0.359
P009,17.2,-1122.6523876450044,0.0,0.0,-0.355
P009,17.3,-1122.6523876450044,0.0,0.0,-0.345
P009,17.4,-1122.6523876450044,0.0,0.0,-0.328
P009,17.5,-1122.6523876450044,0.0,0.0,-0.308
P009,17.6,-1122.6523876450044,0.0,0.0,-0.342
P009,17.7,-1122.6523876450044,0.0,0.0,-0.29
P009,17.8,-1122.6523876450044,0.0,0.0,-0.178
P009,17.9,-1122.6523876450044,0.0,0.0,-0.03
P010,0.0,-1409.556,44.51186666666666,-1.359,-1.359
P010,0.1,-1405.1184033333334,44.37596666666666,-1.3589999999999947,-1.357
P010,0.2,-1400.6943966666668,44.240066666666664,-1.3589999999999947,-1.354
P010,0.3,-1396.2839800000002,44.104166666666664,-1.3589999999999947,-1.352
P010,0.4,-1391.8871533333336,43.968266666666665,-1.3589999999999947,-1.35
P010,0.5,-1387.503916666667,43.832366666666665,-1.3589999999999947,-1.348
P010,0.6,-1383.1342700000002,43.696466666666666,-1.3589999999999947,-1.346
P010,0.7,-1378.7782133333335,43.560566666666666,-1.3589999999999947,-1.344
P010,0.8,-1374.4357466666668,43.42466666666667,-1.3589999999999947,-1.342
P010,0.9,-1370.10687,43.28876666666667,-1.3589999999999947,-1.34
P010,1.0,-1365.7915833333334,43.15286666666667,-1.3589999999999947,-1.337
P010,1.1,-1361.4898866666667,43.01696666666667,-1.3589999999999947,-1.335
P010,1.2,-1357.20178,42.88106666666667,-1.3589999999999947,-1.333
P010,1.3,-1352.9272633333335,42.74516666666667,-1.3589999999999947,-1.331
P010,1.4,-1348.666336666667,42.60926666666667,-1.3589999999999947,-1.329
P010,1.5,-1344.4190000000003,42.47336666666667,-1.3589999999999947,-1.327
P010,1.6,-1340.1852533333335,42.33746666666667,-1.3589999999999947,-1.324
P010,1.7,-1335.9650966666668,42.20156666666667,-1.3589999999999947,-1.322
P010,1.8,-1331.75853,42.06566666666667,-1.3589999999999947,-1.32
P010,1.9,-1327.5655533333334,41.92976666666667,-1.3589999999999947,-1.318
P010,2.0,-1323.3861666666667,41.79386666666667,-1.3589999999999947,-1.316
P010,2.1,-1319.22037,41.657966666666674,-1.3589999999999947,-1.314
P010,2.2,-1315.0681633333334,41.522066666666674,-1.3589999999999947,-1.312
P010,2.3,-1310.9295466666667,41.386166666666675,-1.3589999999999947,-1.31
P010,2.4,-1306.8045200000001,41.250266666666676,-1.3589999999999947,-1.308
P010,2.5,-1302.6930833333336,41.114366666666676,-1.3589999999999947,-1.306
P010,2.6,-1298.595236666667,40.97846666666668,-1.3589999999999947,-1.304
P010,2.7,-1294.5109800000002,40.84256666666668,-1.3589999999999947,-1.302
P010,2.8,-1290.4403133333335,40.70666666666668,-1.3589999999999947,-1.3
P010,2.9,-1286.3832366666668,40.57076666666668,-1.3589999999999947,-1.298
P010,3.0,-1282.33975,40.43486666666668,-1.3589999999999947,-1.296
P010,3.1,-1278.3098533333334,40.29896666666668,-1.3589999999999947,-1.294
P010,3.2,-1274.2935466666668,40.16306666666668,-1.3589999999999947,-1.292
P010,3.3,-1270.2908300000001,40.02716666666668,-1.3589999999999947,-1.29
P010,3.4,-1266.3017033333335,39.89126666666668,-1.3589999999999947,-1.288
P010,3.5,-1262.326166666667,39.75536666666668,-1.3589999999999947,-1.287
P010,3.6,-1258.3642200000004,39.61946666666668,-1.3589999999999947,-1.558
P010,3.7,-1254.4158633333336,39.48356666666668,-1.3589999999999947,-2.482
P010,3.8,-1250.5243565722121,38.91506761121485,-5.684990554518308,-3.492
P010,3.9,-1246.689699716636,38.34656855576302,-5.684990554518308,-4.451
P010,4.0,-1242.9118927666048,37.77806950031119,-5.684990554518308,-5.221
P010,4.1,-1239.1909357221189,37.20957044485936,-5.684990554518308,-5.89
P010,4.2,-1235.526828583178,36.64107138940753,-5.684990554518308,-6.564
P010,4.3,-1231.9195713497825,36.0725723339557,-5.684990554518308,-7.078
P010,4.4,-1228.3691640219322,35.50407327850387,-5.684990554518308,-7.445
P010,4.5,-1224.875606599627,34.935574223052036,-5.684990554518308,-7.7
P010,4.6,-1221.438899082867,34.367075167600206,-5.684990554518308,-8.016
P010,4.7,-1218.059041471652,33.798576112148375,-5.684990554518308,-8.166
P010,4.8,-1214.7360337659825,33.230077056696544,-5.684990554518308,-8.25
P010,4.9,-1211.469875965858,32.66157800124471,-5.684990554518308,-8.311
P010,5.0,-1208.2605680712786,32.09307894579288,-5.684990554518308,-8.369
P010,5.1,-1205.1081100822446,31.52457989034105,-5.684990554518308,-8.322
P010,5.2,-1202.0125019987556,30.95608083488922,-5.684990554518308,-8.177
P010,5.3,-1198.973743820812,30.38758177943739,-5.684990554518308,-8.133
P010,5.4,-1195.9918355484133,29.81908272398556,-5.684990554518308,-8.132
P010,5.5,-1193.06677718156,29.25058366853373,-5.684990554518308,-8.148
P010,5.6,-1190.1985687202518,28.682084613081898,-5.684990554518308,-8.17
P010,5.7,-1187.3872101644888,28.113585557630067,-5.684990554518308,-8.189
P010,5.8,-1184.632701514271,27.545086502178236,-5.684990554518308,-8.202
P010,5.9,-1181.9350427695983,26.976587446726406,-5.684990554518308,-8.208
P010,6.0,-1179.294233930471,26.408088391274575,-5.684990554518308,-8.24
P010,6.1,-1176.7102749968885,25.839589335822744,-5.684990554518308,-8.422
P010,6.2,-1174.1831659688514,25.271090280370913,-5.684990554518308,-8.508
P010,6.3,-1171.7129068463596,24.702591224919082,-5.684990554518308,-8.535
P010,6.4,-1169.2994976294128,24.13409216946725,-5.684990554518308,-8.546
P010,6.5,-1166.9429383180113,23.56559311401542,-5.684990554518308,-8.514
P010,6.6,-1164.6432289121549,22.99709405856359,-5.684990554518308,-8.255
P010,6.7,-1162.4003694118437,22.42859500311176,-5.684990554518308,-8.086
P010,6.8,-1160.2143598170778,21.86009594765993,-5.684990554518308,-7.92
P010,6.9,-1158.085200127857,21.291596892208098,-5.684990554518308,-7.652
P010,7.0,-1156.0128903441814,20.723097836756267,-5.684990554518308,-7.211
P010,7.1,-1153.997430466051,20.154598781304436,-5.684990554518308,-6.246
P010,7.2,-1152.0388204934657,19.586099725852606,-5.684990554518308,-5.235
P010,7.3,-1150.1370604264255,19.017600670400775,-5.684990554518308,-4.324
P010,7.4,-1148.2921502649306,18.449101614948944,-5.684990554518308,-3.402
P010,7.5,-1146.504090008981,17.880602559497113,-5.684990554518308,-2.231
P010,7.6,-1144.7728796585764,17.312103504045282,-5.684990554518308,-1.528
P010,7.7,-1143.098519213717,16.74360444859345,-5.684990554518308,-1.35
P010,7.8,-1141.4810086744028,16.17510539314162,-5.684990554518308,-1.359
P010,7.9,-1139.9203480406338,15.606606337689792,-5.68499055451829,-1.309
P010,8.0,-1138.4165373124101,15.038107282237963,-5.68499055451829,-1.1
P010,8.1,-1136.9695764897315,14.469608226786134,-5.68499055451829,-1.001
P010,8.2,-1135.579465572598,13.901109171334305,-5.68499055451829,-0.958
P010,8.3,-1134.2462045610098,13.332610115882476,-5.68499055451829,-0.937
P010,8.4,-1132.9697934549667,12.764111060430647,-5.68499055451829,-0.928
P010,8.5,-1131.7502322544688,12.195612004978818,-5.68499055451829,-0.923
P010,8.6,-1130.587520959516,11.627112949526989,-5.68499055451829,-0.92
P010,8.7,-1129.4816595701086,11.05861389407516,-5.68499055451829,-0.916
P010,8.8,-1128.4326480862462,10.490114838623331,-5.68499055451829,-0.911
P010,8.9,-1127.440486507929,9.921615783171502,-5.68499055451829,-0.906
P010,9.0,-1126.505174835157,9.353116727719673,-5.68499055451829,-0.901
P010,9.1,-1125.6267130679303,8.784617672267844,-5.68499055451829,-0.896
P010,9.2,-1124.8051012062488,8.216118616816015,-5.68499055451829,-0.892
P010,9.3,-1124.0403392501123,7.647619561364185,-5.684990554518299,-0.888
P010,9.4,-1123.3324271995211,7.079120505912355,-5.684990554518299,-0.883
P010,9.5,-1122.681365054475,6.510621450460525,-5.684990554518299,-0.879
P010,9.6,-1122.0871528149742,5.942122395008695,-5.684990554518299,-0.875
P010,9.7,-1121.5497904810184,5.3736233395568656,-5.684990554518299,-0.871
P010,9.8,-1121.0692780526078,4.805124284105036,-5.684990554518299,-0.866
P010,9.9,-1120.6456155297426,4.236625228653206,-5.684990554518299,-0.862
P010,10.0,-1120.2788029124224,3.668126173201376,-5.684990554518299,-0.858
P010,10.1,-1119.9688402006475,3.099627117749546,-5.684990554518299,-0.854
P010,10.2,-1119.7157273944176,2.531128062297716,-5.684990554518299,-0.85
P010,10.3,-1119.519464493733,1.9626290068458863,-5.684990554518299,-0.847
P010,10.4,-1119.3800514985937,1.3941299513940564,-5.684990554518299,-0.843
P010,10.5,-1119.2974884089995,0.8256308959422266,-5.684990554518297,-0.839
P010,10.6,-1119.2717752249505,0.25713184049039683,-5.684990554518297,-0.835
P010,10.7,-1119.2717752249505,0.0,-2.5713184049039683,-0.831
P010,10.8,-1119.2717752249505,0.0,0.0,-0.828
P010,10.9,-1119.2717752249505,0.0,0.0,-0.824
P010,11.0,-1119.2717752249505,0.0,0.0,-0.82
P010,11.1,-1119.2717752249505,0.0,0.0,-0.816
P010,11.2,-1119.2717752249505,0.0,0.0,-0.813
P010,11.3,-1119.2717752249505,0.0,0.0,-0.809
P010,11.4,-1119.2717752249505,0.0,0.0,-0.805
P010,11.5,-1119.2717752249505,0.0,0.0,-0.801
P010,11.6,-1119.2717752249505,0.0,0.0,-0.797
P010,11.7,-1119.2717752249505,0.0,0.0,-0.793
P010,11.8,-1119.2717752249505,0.0,0.0,-0.788
P010,11.9,-1119.2717752249505,0.0,0.0,-0.784
P010,12.0,-1119.2717752249505,0.0,0.0,-0.779
P010,12.1,-1119.2717752249505,0.0,0.0,-0.774
P010,12.2,-1119.2717752249505,0.0,0.0,-0.77
P010,12.3,-1119.2717752249505,0.0,0.0,-0.765
P010,12.4,-1119.2717752249505,0.0,0.0,-0.76
P010,12.5,-1119.2717752249505,0.0,0.0,-0.756
P010,12.6,-1119.2717752249505,0.0,0.0,-0.752
P010,12.7,-1119.2717752249505,0.0,0.0,-0.747
P010,12.8,-1119.2717752249505,0.0,0.0,-0.743
P010,12.9,-1119.2717752249505,0.0,0.0,-0.739
P010,13.0,-1119.2717752249505,0.0,0.0,-0.735
P010,13.1,-1119.2717752249505,0.0,0.0,-0.731
P010,13.2,-1119.2717752249505,0.0,0.0,-0.728
P010,13.3,-1119.2717752249505,0.0,0.0,-0.724
P010,13.4,-1119.2717752249505,0.0,0.0,-0.721
P010,13.5,-1119.2717752249505,0.0,0.0,-0.717
P010,13.6,-1119.2717752249505,0.0,0.0,-0.714
P010,13.7,-1119.2717752249505,0.0,0.0,-0.711
P010,13.8,-1119.2717752249505,0.0,0.0,-0.707
P010,13.9,-1119.2717752249505,0.0,0.0,-0.704
P010,14.0,-1119.2717752249505,0.0,0.0,-0.701
P010,14.1,-1119.2717752249505,0.0,0.0,-0.698
P010,14.2,-1119.2717752249505,0.0,0.0,-0.696
P010,14.3,-1119.2717752249505,0.0,0.0,-0.693
P010,14.4,-1119.2717752249505,0.0,0.0,-0.69
P010,14.5,-1119.2717752249505,0.0,0.0,-0.688
P010,14.6,-1119.2717752249505,0.0,0.0,-0.685
P010,14.7,-1119.2717752249505,0.0,0.0,-0.683
P010,14.8,-1119.2717752249505,0.0,0.0,-0.68
P010,14.9,-1119.2717752249505,0.0,0.0,-0.678
P010,15.0,-1119.2717752249505,0.0,0.0,-0.675
P010,15.1,-1119.2717752249505,0.0,0.0,-0.673
P010,15.2,-1119.2717752249505,0.0,0.0,-0.67
P010,15.3,-1119.2717752249505,0.0,0.0,-0.668
P010,15.4,-1119.2717752249505,0.0,0.0,-0.665
P010,15.5,-1119.2717752249505,0.0,0.0,-0.662
P010,15.6,-1119.2717752249505,0.0,0.0,-0.659
P010,15.7,-1119.2717752249505,0.0,0.0,-0.653
P010,15.8,-1119.2717752249505,0.0,0.0,-0.64
P010,15.9,-1119.2717752249505,0.0,0.0,-0.637
P010,16.0,-1119.2717752249505,0.0,0.0,-0.626
P010,16.1,-1119.2717752249505,0.0,0.0,-0.45
P010,16.2,-1119.2717752249505,0.0,0.0,0.568
P011,0.0,-1410.964,50.7364,-1.223,-1.223
P011,0.1,-1405.90259,50.6141,-1.2230000000000274,-1.215
P011,0.2,-1400.85341,50.4918,-1.2230000000000274,-1.211
P011,0.3,-1395.81646,50.369499999999995,-1.2230000000000274,-1.21
P011,0.4,-1390.7917400000001,50.24719999999999,-1.2230000000000274,-1.211
P011,0.5,-1385.77925,50.12489999999999,-1.2230000000000274,-1.212
P011,0.6,-1380.77899,50.00259999999999,-1.2230000000000274,-1.214
P011,0.7,-1375.79096,49.880299999999984,-1.2230000000000274,-1.232
P011,0.8,-1370.81516,49.75799999999998,-1.2230000000000274,-1.303
P011,0.9,-1365.8515900000002,49.63569999999998,-1.2230000000000274,-1.395
P011,1.0,-1360.9002500000001,49.513399999999976,-1.2230000000000274,-1.43
P011,1.1,-1355.9611400000001,49.39109999999997,-1.2230000000000274,-1.438
P011,1.2,-1351.0342600000001,49.26879999999997,-1.2230000000000274,-1.438
P011,1.3,-1346.1196100000002,49.14649999999997,-1.2230000000000274,-1.435
P011,1.4,-1341.2171900000003,49.024199999999965,-1.2230000000000274,-1.432
P011,1.5,-1336.3270000000002,48.90189999999996,-1.2230000000000274,-1.43
P011,1.6,-1331.4490400000002,48.77959999999996,-1.2230000000000274,-1.428
P011,1.7,-1326.5833100000002,48.65729999999996,-1.2230000000000274,-1.426
P011,1.8,-1321.7298100000003,48.534999999999954,-1.2230000000000274,-1.423
P011,1.9,-1316.8885400000004,48.41269999999995,-1.2230000000000274,-1.421
P011,2.0,-1312.0595000000003,48.29039999999995,-1.2230000000000274,-1.418
P011,2.1,-1307.2426900000003,48.168099999999946,-1.2230000000000274,-1.416
P011,2.2,-1302.4381100000003,48.04579999999994,-1.2230000000000274,-1.413
P011,2.3,-1297.6457600000003,47.92349999999994,-1.2230000000000274,-1.411
P011,2.4,-1292.8656400000004,47.80119999999994,-1.2230000000000274,-1.409
P011,2.5,-1288.0977500000004,47.678899999999935,-1.2230000000000274,-1.406
P011,2.6,-1283.3420900000003,47.55659999999993,-1.2230000000000274,-1.404
P011,2.7,-1278.5986600000003,47.43429999999993,-1.2230000000000274,-1.401
P011,2.8,-1273.8674600000004,47.31199999999993,-1.2230000000000274,-1.399
P011,2.9,-1269.1484900000005,47.189699999999924,-1.2230000000000274,-1.397
P011,3.0,-1264.4417500000004,47.06739999999992,-1.2230000000000274,-1.394
P011,3.1,-1259.7472400000004,46.94509999999992,-1.2230000000000274,-1.392
P011,3.2,-1255.0649600000004,46.822799999999916,-1.2230000000000274,-1.39
P011,3.3,-1250.3949100000004,46.70049999999991,-1.2230000000000274,-1.387
P011,3.4,-1245.7370900000005,46.57819999999991,-1.2230000000000274,-1.385
P011,3.5,-1241.0915000000005,46.45589999999991,-1.2230000000000274,-1.383
P011,3.6,-1236.4581400000004,46.333599999999905,-1.2230000000000274,-1.381
P011,3.7,-1231.8370100000004,46.2112999999999,-1.2230000000000274,-1.378
P011,3.8,-1227.2281100000005,46.0889999999999,-1.2230000000000274,-1.376
P011,3.9,-1222.6314400000006,45.966699999999896,-1.2230000000000274,-1.374
P011,4.0,-1218.0470000000005,45.844399999999894,-1.2230000000000274,-1.371
P011,4.1,-1213.4747900000004,45.72209999999989,-1.2230000000000274,-1.369
P011,4.2,-1208.9148100000004,45.59979999999989,-1.2230000000000274,-1.367
P011,4.3,-1204.3670600000005,45.477499999999885,-1.2230000000000274,-1.365
P011,4.4,-1199.8315400000006,45.35519999999988,-1.2230000000000274,-1.363
P011,4.5,-1195.3082500000005,45.23289999999988,-1.2230000000000274,-1.36
P011,4.6,-1190.7971900000005,45.11059999999988,-1.2230000000000274,-1.358
P011,4.7,-1186.2983600000005,44.988299999999875,-1.2230000000000274,-1.356
P011,4.8,-1181.8117600000005,44.86599999999987,-1.2230000000000274,-1.354
P011,4.9,-1177.3373900000006,44.74369999999987,-1.2230000000000274,-1.351
P011,5.0,-1172.8901405016775,44.47249498323148,-2.7120501676839126,-1.349
P011,5.1,-1168.5417668550133,43.48373646664081,-9.887585165906643,-1.347
P011,5.2,-1164.2922690600083,42.49497795005015,-9.887585165906643,-1.345
P011,5.3,-1160.1416471166624,41.506219433459485,-9.887585165906643,-1.343
P011,5.4,-1156.0899010249755,40.51746091686882,-9.887585165906643,-1.341
P011,5.5,-1152.1370307849477,39.528702400278156,-9.887585165906643,-1.338
P011,5.6,-1148.2830363965788,38.53994388368749,-9.887585165906643,-1.336
P011,5.7,-1144.5279178598691,37.55118536709683,-9.887585165906643,-1.334
P011,5.8,-1140.8716751748186,36.562426850506164,-9.887585165906643,-1.332
P011,5.9,-1137.314308341427,35.5736683339155,-9.887585165906643,-1.33
P011,6.0,-1133.8558173596946,34.584909817324835,-9.887585165906643,-1.328
P011,6.1,-1130.496202229621,33.59615130073417,-9.887585165906643,-1.326
P011,6.2,-1127.2354629512067,32.60739278414351,-9.887585165906643,-1.324
P011,6.3,-1124.0735995244515,31.618634267552842,-9.887585165906643,-1.321
P011,6.4,-1121.0106119493553,30.629875750962178,-9.887585165906643,-1.319
P011,6.5,-1118.0465002259182,29.641117234371514,-9.887585165906643,-1.317
P011,6.6,-1115.18126435414,28.65235871778085,-9.887585165906643,-1.315
P011,6.7,-1112.414904334021,27.663600201190185,-9.887585165906643,-1.313
P011,6.8,-1109.7474201655612,26.67484168459952,-9.887585165906643,-1.311
P011,6.9,-1107.1788118487602,25.686083168008857,-9.887585165906643,-1.309
P011,7.0,-1104.7090793836185,24.697324651418192,-9.887585165906643,-1.307
P011,7.1,-1102.3382227701356,23.708566134827528,-9.887585165906643,-1.325
P011,7.2,-1100.066242008312,22.719807618236864,-9.887585165906643,-3.359
P011,7.3,-1097.8931370981475,21.7310491016462,-9.887585165906643,-7.164
P011,7.4,-1095.8189080396419,20.742290585055535,-9.887585165906643,-13.894
P011,7.5,-1093.8935548327954,19.25353206846487,-14.887585165906643,-19.411
P011,7.6,-1092.1512332303214,17.423216024740917,-18.30316043723954,-24.5
P011,7.7,-1090.5919432322196,15.592899981016961,-18.30316043723956,-27.416
P011,7.8,-1089.2156848384902,13.762583937293005,-18.30316043723956,-29.165
P011,7.9,-1088.0224580491333,11.93226789356905,-18.30316043723956,-30.556
P011,8.0,-1087.0122628641489,10.101951849845094,-18.30316043723956,-31.749
P011,8.1,-1086.1850992835368,8.271635806121138,-18.30316043723956,-32.704
P011,8.2,-1085.540967307297,6.441319762397182,-18.30316043723956,-33.249
P011,8.3,-1085.0798669354297,4.611003718673226,-18.30316043723956,-32.668
P011,8.4,-1084.8017981679347,2.78068767494927,-18.30316043723956,-31.39
P011,8.5,-1084.7067610048123,0.9503716312253143,-18.30316043723956,-26.388
P011,8.6,-1084.7067610048123,0.0,-9.503716312253143,-23.946
P011,8.7,-1084.7067610048123,0.0,0.0,-23.308
P011,8.8,-1084.7067610048123,0.0,0.0,-23.315
P011,8.9,-1084.7067610048123,0.0,0.0,18.568
P012,0.0,-1408.576,55.044,-1.536,-1.536
P012,0.1,-1403.08696,54.8904,-1.535999999999973,-1.496
P012,0.2,-1397.61328,54.7368,-1.535999999999973,-1.475
P012,0.3,-1392.15496,54.583200000000005,-1.535999999999973,-1.463
P012,0.4,-1386.712,54.42960000000001,-1.535999999999973,-1.457
P012,0.5,-1381.2844,54.27600000000001,-1.535999999999973,-1.454
P012,0.6,-1375.87216,54.12240000000001,-1.535999999999973,-1.453
P012,0.7,-1370.4752799999999,53.968800000000016,-1.535999999999973,-1.452
P012,0.8,-1365.09376,53.81520000000002,-1.535999999999973,-1.462
P012,0.9,-1359.7276,53.66160000000002,-1.535999999999973,-1.687
P012,1.0,-1354.3768,53.508000000000024,-1.535999999999973,-2.176
P012,1.1,-1349.04136,53.35440000000003,-1.535999999999973,-2.714
P012,1.2,-1343.72128,53.20080000000003,-1.535999999999973,-3.114
P012,1.3,-1338.41656,53.04720000000003,-1.535999999999973,-3.114
P012,1.4,-1333.1272,52.893600000000035,-1.535999999999973,-2.673
P012,1.5,-1327.8531999999998,52.74000000000004,-1.535999999999973,-1.968
P012,1.6,-1322.5945599999998,52.58640000000004,-1.535999999999973,-1.573
P012,1.7,-1317.3512799999999,52.43280000000004,-1.535999999999973,-1.46
P012,1.8,-1312.1233599999998,52.279200000000046,-1.535999999999973,-1.426
P012,1.9,-1306.9107999999999,52.12560000000005,-1.535999999999973,-1.418
P012,2.0,-1301.7135999999998,51.97200000000005,-1.535999999999973,-1.414
P012,2.1,-1296.5317599999998,51.818400000000054,-1.535999999999973,-1.411
P012,2.2,-1291.3652799999998,51.66480000000006,-1.535999999999973,-1.408
P012,2.3,-1286.2141599999998,51.51120000000006,-1.535999999999973,-1.403
P012,2.4,-1281.0783999999996,51.35760000000006,-1.535999999999973,-1.402
P012,2.5,-1275.9579999999996,51.204000000000065,-1.535999999999973,-1.448
P012,2.6,-1270.8529599999997,51.05040000000007,-1.535999999999973,-1.651
P012,2.7,-1265.7632799999997,50.89680000000007,-1.535999999999973,-2.257
P012,2.8,-1260.6889599999997,50.74320000000007,-1.535999999999973,-3.092
P012,2.9,-1255.6299999999997,50.589600000000075,-1.535999999999973,-4.043
P012,3.0,-1250.5863999999997,50.43600000000008,-1.535999999999973,-4.893
P012,3.1,-1245.5581599999996,50.28240000000008,-1.535999999999973,-5.589
P012,3.2,-1240.5452799999996,50.12880000000008,-1.535999999999973,-6.084
P012,3.3,-1235.5477599999995,49.975200000000086,-1.535999999999973,-6.786
P012,3.4,-1230.6155999999994,49.32160000000009,-6.535999999999973,-7.235
P012,3.5,-1225.7815367096741,48.340632903253734,-9.809670967463546,-7.552
P012,3.6,-1221.0455701290234,47.35966580650738,-9.809670967463546,-7.763
P012,3.7,-1216.4077002580473,46.378698709761025,-9.809670967463546,-7.921
P012,3.8,-1211.867927096746,45.39773161301467,-9.809670967463546,-7.908
P012,3.9,-1207.4262506451191,44.416764516268316,-9.809670967463546,-7.879
P012,4.0,-1203.082670903167,43.43579741952196,-9.809670967463546,-7.884
P012,4.1,-1198.8371878708892,42.45483032277561,-9.809670967463546,-7.882
P012,4.2,-1194.6898015482864,41.47386322602925,-9.809670967463546,-7.87
P012,4.3,-1190.640511935358,40.4928961292829,-9.809670967463546,-7.864
P012,4.4,-1186.6893190321043,39.51192903253654,-9.809670967463546,-7.883
P012,4.5,-1182.8362228385254,38.53096193579019,-9.809670967463546,-7.919
P012,4.6,-1179.081223354621,37.54999483904383,-9.809670967463546,-7.973
P012,4.7,-1175.4243205803912,36.56902774229748,-9.809670967463546,-8.048
P012,4.8,-1171.8655145158361,35.588060645551124,-9.809670967463546,-8.272
P012,4.9,-1168.4048051609557,34.60709354880477,-9.809670967463546,-8.618
P012,5.0,-1165.0421925157498,33.626126452058415,-9.809670967463546,-9.207
P012,5.1,-1161.7776765802187,32.64515935531206,-9.809670967463546,-9.683
P012,5.2,-1158.6112573543621,31.66419225856571,-9.80967096746351,-10.131
P012,5.3,-1155.5429348381801,30.683225161819358,-9.80967096746351,-10.505
P012,5.4,-1152.5727090316727,29.702258065073007,-9.80967096746351,-10.741
P012,5.5,-1149.70057993484,28.721290968326656,-9.80967096746351,-10.681
P012,5.6,-1146.926547547682,27.740323871580305,-9.80967096746351,-10.706
P012,5.7,-1144.2506118701986,26.759356774833954,-9.80967096746351,-10.778
P012,5.8,-1141.6727729023899,25.778389678087603,-9.80967096746351,-10.879
P012,5.9,-1139.1930306442557,24.79742258134125,-9.80967096746351,-11.1
P012,6.0,-1136.8113850957961,23.8164554845949,-9.80967096746351,-11.4
P012,6.1,-1134.5278362570114,22.83548838784855,-9.80967096746351,-11.869
P012,6.2,-1132.3423841279011,21.8545212911022,-9.80967096746351,-12.492
P012,6.3,-1130.2550287084655,20.873554194355847,-9.80967096746351,-13.081
P012,6.4,-1128.2657699987046,19.892587097609496,-9.80967096746351,-13.577
P012,6.5,-1126.3746079986183,18.911620000863145,-9.80967096746351,-13.944
P012,6.6,-1124.5815427082066,17.930652904116794,-9.80967096746351,-14.149
P012,6.7,-1122.8865741274697,16.949685807370443,-9.80967096746351,-14.217
P012,6.8,-1121.2897022564073,15.968718710624092,-9.80967096746351,-14.464
P012,6.9,-1119.7909270950195,14.987751613877741,-9.80967096746351,-14.688
P012,7.0,-1118.3902486433062,14.00678451713139,-9.80967096746351,-14.774
P012,7.1,-1117.0876669012678,13.025817420385039,-9.80967096746351,-14.722
P012,7.2,-1115.8831818689039,12.044850323638688,-9.80967096746351,-14.525
P012,7.3,-1114.7767935462145,11.063883226892337,-9.80967096746351,-14.115
P012,7.4,-1113.7685019332,10.082916130145986,-9.80967096746351,-13.705
P012,7.5,-1112.85830702986,9.101949033399634,-9.80967096746351,-13.181
P012,7.6,-1112.0462088361946,8.120981936653283,-9.80967096746351,-12.45
P012,7.7,-1111.332207352204,7.140014839906932,-9.80967096746351,-11.506
P013,0.0,-1409.621,46.90546666666667,-1.399,-1.399
P013,0.1,-1404.9444433333335,46.76556666666667,-1.3989999999999725,-1.396
P013,0.2,-1400.281876666667,46.625666666666675,-1.3989999999999725,-1.394
P013,0.3,-1395.6333000000002,46.48576666666668,-1.3989999999999725,-1.392
P013,0.4,-1390.9987133333336,46.34586666666668,-1.3989999999999725,-1.389
P013,0.5,-1386.378116666667,46.20596666666668,-1.3989999999999725,-1.387
P013,0.6,-1381.7715100000003,46.066066666666686,-1.3989999999999725,-1.385
P013,0.7,-1377.1788933333337,45.92616666666669,-1.3989999999999725,-1.382
P013,0.8,-1372.600266666667,45.78626666666669,-1.3989999999999725,-1.38
P013,0.9,-1368.0356300000003,45.646366666666694,-1.3989999999999725,-1.378
P013,1.0,-1363.4849833333337,45.5064666666667,-1.3989999999999725,-1.376
P013,1.1,-1358.948326666667,45.3665666666667,-1.3989999999999725,-1.373
P013,1.2,-1354.4256600000003,45.2266666666667,-1.3989999999999725,-1.371
P013,1.3,-1349.9169833333337,45.086766666666705,-1.3989999999999725,-1.369
P013,1.4,-1345.422296666667,44.94686666666671,-1.3989999999999725,-1.367
P013,1.5,-1340.9416000000003,44.80696666666671,-1.3989999999999725,-1.364
P013,1.6,-1336.4748933333337,44.66706666666671,-1.3989999999999725,-1.362
P013,1.7,-1332.022176666667,44.527166666666716,-1.3989999999999725,-1.36
P013,1.8,-1327.5834500000003,44.38726666666672,-1.3989999999999725,-1.358
P013,1.9,-1323.1587133333337,44.24736666666672,-1.3989999999999725,-1.355
P013,2.0,-1318.747966666667,44.107466666666724,-1.3989999999999725,-1.353
P013,2.1,-1314.3512100000003,43.96756666666673,-1.3989999999999725,-1.351
P013,2.2,-1309.9684433333337,43.82766666666673,-1.3989999999999725,-1.349
P013,2.3,-1305.599666666667,43.68776666666673,-1.3989999999999725,-1.347
P013,2.4,-1301.2448800000002,43.547866666666735,-1.3989999999999725,-1.344
P013,2.5,-1296.9040833333336,43.40796666666674,-1.3989999999999725,-1.342
P013,2.6,-1292.5772766666669,43.26806666666674,-1.3989999999999725,-1.34
P013,2.7,-1288.26446,43.12816666666674,-1.3989999999999725,-1.338
P013,2.8,-1283.9656333333335,42.988266666666746,-1.3989999999999725,-1.336
P013,2.9,-1279.6807966666668,42.84836666666675,-1.3989999999999725,-1.334
P013,3.0,-1275.40995,42.70846666666675,-1.3989999999999725,-1.332
P013,3.1,-1271.1530933333333,42.568566666666754,-1.3989999999999725,-1.329
P013,3.2,-1266.9102266666666,42.42866666666676,-1.3989999999999725,-1.327
P013,3.3,-1262.68135,42.28876666666676,-1.3989999999999725,-1.325
P013,3.4,-1258.4664633333334,42.14886666666676,-1.3989999999999725,-1.323
P013,3.5,-1254.2655666666667,42.008966666666765,-1.3989999999999725,-1.321
P013,3.6,-1250.0786600000001,41.86906666666677,-1.3989999999999725,-1.319
P013,3.7,-1245.9057433333335,41.72916666666677,-1.3989999999999725,-1.317
P013,3.8,-1241.7468166666667,41.589266666666774,-1.3989999999999725,-1.318
P013,3.9,-1237.6018800000002,41.449366666666776,-1.3989999999999725,-2.142
P013,4.0,-1233.4709333333335,41.30946666666678,-1.3989999999999725,-3.75
P013,4.1,-1229.3539766666668,41.16956666666678,-1.3989999999999725,-5.261
P013,4.2,-1225.2510100000002,41.029666666666785,-1.3989999999999725,-6.308
P013,4.3,-1221.1620333333335,40.88976666666679,-1.3989999999999725,-6.936
P013,4.4,-1217.0870466666668,40.74986666666679,-1.3989999999999725,-7.275
P013,4.5,-1213.0260500000002,40.60996666666679,-1.3989999999999725,-7.516
P013,4.6,-1208.9790433333335,40.470066666666796,-1.3989999999999725,-7.709
P013,4.7,-1204.9460266666667,40.3301666666668,-1.3989999999999725,-7.831
P013,4.8,-1200.9270000000001,40.1902666666668,-1.3989999999999725,-7.921
P013,4.9,-1196.9219633333335,40.050366666666804,-1.3989999999999725,-7.849
P013,5.0,-1192.9309166666667,39.91046666666681,-1.3989999999999725,-7.527
P013,5.1,-1188.95386,39.77056666666681,-1.3989999999999725,-6.537
P013,5.2,-1184.9907933333334,39.63066666666681,-1.3989999999999725,-5.363
P013,5.3,-1181.0417166666666,39.490766666666815,-1.3989999999999725,-4.212
P013,5.4,-1177.10663,39.35086666666682,-1.3989999999999725,-3.108
P013,5.5,-1173.1855333333333,39.21096666666682,-1.3989999999999725,-1.999
P013,5.6,-1169.2784266666665,39.07106666666682,-1.3989999999999725,-1.535
P013,5.7,-1165.38531,38.931166666666826,-1.3989999999999725,-1.445
P013,5.8,-1161.5061833333332,38.79126666666683,-1.3989999999999725,-1.418
P013,5.9,-1157.6410466666664,38.65136666666683,-1.3989999999999725,-1.335
P013,6.0,-1153.7898999999998,38.511466666666834,-1.3989999999999725,-1.275
P013,6.1,-1149.952743333333,38.37156666666684,-1.3989999999999725,-1.248
P013,6.2,-1146.1539552310292,37.98788102303921,-3.8368564362762925,-1.235
P013,6.3,-1142.4538511474275,37.001040836016365,-9.868401870228425,-1.229
P013,6.4,-1138.852431082528,36.01420064899352,-9.868401870228425,-1.227
P013,6.5,-1135.349695036331,35.02736046197068,-9.868401870228425,-1.225
P013,6.6,-1131.9456430088362,34.04052027494784,-9.868401870228425,-1.223
P013,6.7,-1128.6402750000436,33.053680087924995,-9.868401870228425,-1.221
P013,6.8,-1125.4335910099535,32.06683990090215,-9.868401870228425,-1.218
P013,6.9,-1122.3255910385656,31.07999971387931,-9.868401870228425,-1.216
P013,7.0,-1119.3162750858799,30.093159526856468,-9.868401870228425,-1.214
P013,7.1,-1116.4056431518966,29.106319339833625,-9.868401870228425,-1.211
P013,7.2,-1113.5936952366155,28.119479152810783,-9.868401870228425,-1.209
P013,7.3,-1110.8804313400367,27.13263896578794,-9.868401870228425,-1.207
P013,7.4,-1108.26585146216,26.145798778765098,-9.868401870228425,-1.205
P013,7.5,-1105.749955602986,25.158958591742255,-9.868401870228425,-1.203
P013,7.6,-1103.332743762514,24.172118404719413,-9.868401870228425,-1.2
P013,7.7,-1101.0142159407442,23.18527821769657,-9.868401870228425,-1.926
P013,7.8,-1098.7943721376769,22.198438030673728,-9.868401870228425,-4.607
P013,7.9,-1096.6732123533118,21.211597843650885,-9.868401870228425,-7.988
P013,8.0,-1094.650736587649,20.224757656628043,-9.868401870228425,-11.762
P013,8.1,-1092.7769448406884,18.7379174696052,-14.868401870228425,-15.886
P013,8.2,-1091.0893353993629,16.87609441325443,-18.618230563507687,-20.743
P013,8.3,-1089.5879082636725,15.014271356903665,-18.61823056350767,-25.0
P013,8.4,-1088.2726634336173,13.152448300552898,-18.61823056350767,-27.572
P013,8.5,-1087.143600909197,11.29062524420213,-18.61823056350767,-29.152
P013,8.6,-1086.2007206904118,9.428802187851364,-18.61823056350767,-30.326
P013,8.7,-1085.4440227772618,7.566979131500597,-18.61823056350767,-31.289
P013,8.8,-1084.8735071697467,5.70515607514983,-18.61823056350767,-32.018
P013,8.9,-1084.4891738678668,3.8433330187990626,-18.618230563507673,-31.549
P013,9.0,-1084.291022871622,1.9815099624482952,-18.618230563507673,-28.467
P014,0.0,-1412.809,53.68733333333333,-1.454,-1.454
P014,0.1,-1407.4548066666666,53.541933333333326,-1.454000000000022,-1.454
P014,0.2,-1402.1151533333332,53.39653333333332,-1.454000000000022,-1.45
P014,0.3,-1396.7900399999999,53.25113333333332,-1.454000000000022,-1.446
P014,0.4,-1391.4794666666664,53.10573333333332,-1.454000000000022,-1.442
P014,0.5,-1386.1834333333331,52.96033333333332,-1.454000000000022,-1.437
P014,0.6,-1380.9019399999997,52.814933333333315,-1.454000000000022,-1.433
P014,0.7,-1375.6349866666665,52.66953333333331,-1.454000000000022,-1.43
P014,0.8,-1370.382573333333,52.52413333333331,-1.454000000000022,-1.428
P014,0.9,-1365.1446999999998,52.37873333333331,-1.454000000000022,-1.426
P014,1.0,-1359.9213666666665,52.233333333333306,-1.454000000000022,-1.423
P014,1.1,-1354.7125733333332,52.087933333333304,-1.454000000000022,-1.42
P014,1.2,-1349.51832,51.9425333333333,-1.454000000000022,-1.418
P014,1.3,-1344.3386066666665,51.7971333333333,-1.454000000000022,-1.416
P014,1.4,-1339.1734333333332,51.6517333333333,-1.454000000000022,-1.415
P014,1.5,-1334.0227999999997,51.506333333333295,-1.454000000000022,-1.412
P014,1.6,-1328.8867066666664,51.36093333333329,-1.454000000000022,-1.41
P014,1.7,-1323.765153333333,51.21553333333329,-1.454000000000022,-1.407
P014,1.8,-1318.6581399999998,51.07013333333329,-1.454000000000022,-1.405
P014,1.9,-1313.5656666666664,50.924733333333286,-1.454000000000022,-1.403
P014,2.0,-1308.4877333333332,50.779333333333284,-1.454000000000022,-1.401
P014,2.1,-1303.4243399999998,50.63393333333328,-1.454000000000022,-1.399
P014,2.2,-1298.3754866666666,50.48853333333328,-1.454000000000022,-1.397
P014,2.3,-1293.3411733333332,50.34313333333328,-1.454000000000022,-1.395
P014,2.4,-1288.3213999999998,50.197733333333275,-1.454000000000022,-1.393
P014,2.5,-1283.3161666666665,50.05233333333327,-1.454000000000022,-1.39
P014,2.6,-1278.325473333333,49.90693333333327,-1.454000000000022,-1.389
P014,2.7,-1273.3493199999998,49.76153333333327,-1.454000000000022,-1.389
P014,2.8,-1268.3877066666664,49.616133333333266,-1.454000000000022,-1.388
P014,2.9,-1263.4406333333332,49.470733333333264,-1.454000000000022,-1.386
P014,3.0,-1258.5080999999998,49.32533333333326,-1.454000000000022,-1.383
P014,3.1,-1253.5901066666665,49.17993333333326,-1.454000000000022,-1.388
P014,3.2,-1248.6866533333332,49.03453333333326,-1.454000000000022,-1.457
P014,3.3,-1243.79774,48.889133333333255,-1.454000000000022,-1.718
P014,3.4,-1238.9233666666667,48.74373333333325,-1.454000000000022,-2.349
P014,3.5,-1234.0635333333332,48.59833333333325,-1.454000000000022,-3.146
P014,3.6,-1229.21824,48.45293333333325,-1.454000000000022,-3.811
P014,3.7,-1224.3874866666665,48.30753333333325,-1.454000000000022,-4.86
P014,3.8,-1219.5712733333332,48.162133333333244,-1.454000000000022,-5.63
P014,3.9,-1214.7695999999999,48.01673333333324,-1.454000000000022,-6.344
P014,4.0,-1210.0324666666666,47.37133333333324,-6.454000000000022,-7.093
P014,4.1,-1205.401982253953,46.30484412713386,-10.664892061993783,-7.779
P014,4.2,-1200.8781467618596,45.23835492093448,-10.664892061993783,-8.099
P014,4.3,-1196.460960190386,44.171865714735105,-10.664892061993783,-8.13
P014,4.4,-1192.1504225395324,43.10537650853573,-10.664892061993783,-8.143
P014,4.5,-1187.946533809299,42.03888730233635,-10.664892061993783,-8.157
P014,4.6,-1183.8492939996852,40.97239809613697,-10.664892061993783,-8.157
P014,4.7,-1179.8587031106915,39.90590888993759,-10.664892061993783,-8.132
P014,4.8,-1175.9747611423177,38.839419683738214,-10.664892061993783,-8.088
P014,4.9,-1172.1974680945639,37.772930477538836,-10.664892061993783,-8.068
P014,5.0,-1168.52682396743,36.70644127133946,-10.664892061993783,-8.144
P014,5.1,-1164.962828760916,35.63995206514008,-10.664892061993783,-8.284
P014,5.2,-1161.5054824750218,34.5734628589407,-10.664892061993783,-8.525
P014,5.3,-1158.1547851097478,33.50697365274132,-10.664892061993783,-8.861
P014,5.4,-1154.9107366650935,32.440484446541944,-10.664892061993783,-9.283
P014,5.5,-1151.7733371410593,31.373995240342563,-10.664892061993818,-9.603
P014,5.6,-1148.742586537645,30.30750603414318,-10.664892061993818,-9.788
P014,5.7,-1145.8184848548506,29.2410168279438,-10.664892061993818,-9.918
P014,5.8,-1143.001032092676,28.174527621744417,-10.664892061993818,-10.009
P014,5.9,-1140.2902282511216,27.108038415545035,-10.664892061993818,-9.961
P014,6.0,-1137.686073330187,26.041549209345654,-10.664892061993818,-9.834
P014,6.1,-1135.1885673298723,24.97506000314627,-10.664892061993818,-9.821
P014,6.2,-1132.7977102501775,23.90857079694689,-10.664892061993818,-9.839
P014,6.3,-1130.5135020911027,22.842081590747508,-10.664892061993818,-9.872
P014,6.4,-1128.335942852648,21.775592384548126,-10.664892061993818,-10.105
P014,6.5,-1126.2650325348131,20.709103178348744,-10.664892061993818,-10.367
P014,6.6,-1124.3007711375983,19.642613972149363,-10.664892061993818,-10.656
P014,6.7,-1122.4431586610033,18.57612476594998,-10.664892061993818,-11.171
P014,6.8,-1120.6921951050283,17.5096355597506,-10.664892061993818,-11.65
P014,6.9,-1119.0478804696731,16.443146353551217,-10.664892061993818,-12.073
P014,7.0,-1117.510214754938,15.376657147351837,-10.6648920619938,-12.503
P014,7.1,-1116.0791979608227,14.310167941152457,-10.6648920619938,-12.963
P014,7.2,-1114.7548300873275,13.243678734953077,-10.6648920619938,-13.455
P014,7.3,-1113.537111134452,12.177189528753697,-10.6648920619938,-14.024
P014,7.4,-1112.4260411021967,11.110700322554317,-10.6648920619938,-15.037
P014,7.5,-1111.421619990561,10.044211116354937,-10.6648920619938,-15.952
P014,7.6,-1110.5238477995456,8.977721910155557,-10.6648920619938,-16.68
P014,7.7,-1109.73272452915,7.911232703956177,-10.6648920619938,-17.321
P014,7.8,-1109.0482501793742,6.844743497756797,-10.6648920619938,-17.622
P014,7.9,-1108.4704247502184,5.778254291557417,-10.6648920619938,-17.664
P014,8.0,-1107.9992482416826,4.711765085358037,-10.6648920619938,-17.517
P014,8.1,-1107.6347206537666,3.6452758791586564,-10.664892061993804,-17.081
P015,0.0,-1413.131,25.682799999999997,0.0,0.253
P015,0.1,-1410.5627200000001,25.682799999999997,0.0,0.245
P015,0.2,-1407.9944400000002,25.682799999999997,0.0,0.236
P015,0.3,-1405.4261600000002,25.682799999999997,0.0,0.233
P015,0.4,-1402.8578800000003,25.682799999999997,0.0,0.228
P015,0.5,-1400.2896000000003,25.682799999999997,0.0,0.209
P015,0.6,-1397.7213200000003,25.682799999999997,0.0,0.198
P015,0.7,-1395.1530400000004,25.682799999999997,0.0,0.191
P015,0.8,-1392.5847600000004,25.682799999999997,0.0,0.19
P015,0.9,-1390.0164800000005,25.682799999999997,0.0,0.192
P015,1.0,-1387.4482000000005,25.682799999999997,0.0,0.194
P015,1.1,-1384.8799200000005,25.682799999999997,0.0,0.201
P015,1.2,-1382.3116400000006,25.682799999999997,0.0,0.209
P015,1.3,-1379.7433600000006,25.682799999999997,0.0,0.213
P015,1.4,-1377.1750800000007,25.682799999999997,0.0,0.207
P015,1.5,-1374.6068000000007,25.682799999999997,0.0,0.2
P015,1.6,-1372.0385200000007,25.682799999999997,0.0,0.193
P015,1.7,-1369.4702400000008,25.682799999999997,0.0,0.19
P015,1.8,-1366.9019600000008,25.682799999999997,0.0,0.199
P015,1.9,-1364.3336800000009,25.682799999999997,0.0,0.255
P015,2.0,-1361.765400000001,25.682799999999997,0.0,0.339
P015,2.1,-1359.197120000001,25.682799999999997,0.0,0.251
P015,2.2,-1356.628840000001,25.682799999999997,0.0,0.08
P015,2.3,-1354.060560000001,25.682799999999997,0.0,-0.082
P015,2.4,-1351.492280000001,25.682799999999997,0.0,-0.265
P015,2.5,-1348.9240000000011,25.682799999999997,0.0,-0.507
P015,2.6,-1346.3557200000012,25.682799999999997,0.0,-0.839
P015,2.7,-1343.7874400000012,25.682799999999997,0.0,-1.106
P015,2.8,-1341.2191600000012,25.682799999999997,0.0,-1.226
P015,2.9,-1338.6508800000013,25.682799999999997,0.0,-1.255
P015,3.0,-1336.0826000000013,25.682799999999997,0.0,-1.258
P015,3.1,-1333.5143200000014,25.682799999999997,0.0,-1.254
P015,3.2,-1330.9460400000014,25.682799999999997,0.0,-1.249
P015,3.3,-1328.3777600000014,25.682799999999997,0.0,-1.246
P015,3.4,-1325.8094800000015,25.682799999999997,0.0,-1.244
P015,3.5,-1323.2412000000015,25.682799999999997,0.0,-1.241
P015,3.6,-1320.6729200000016,25.682799999999997,0.0,-1.238
P015,3.7,-1318.1046400000016,25.682799999999997,0.0,-1.234
P015,3.8,-1315.5363600000017,25.682799999999997,0.0,-1.23
P015,3.9,-1312.9680800000017,25.682799999999997,0.0,-1.227
P015,4.0,-1310.3998000000017,25.682799999999997,0.0,-1.223
P015,4.1,-1307.8315200000018,25.682799999999997,0.0,-1.22
P015,4.2,-1305.2632400000018,25.682799999999997,0.0,-1.217
P015,4.3,-1302.6949600000019,25.682799999999997,0.0,-1.214
P015,4.4,-1300.126680000002,25.682799999999997,0.0,-1.21
P015,4.5,-1297.558400000002,25.682799999999997,0.0,-1.207
P015,4.6,-1294.990120000002,25.682799999999997,0.0,-1.203
P015,4.7,-1292.421840000002,25.682799999999997,0.0,-1.2
P015,4.8,-1289.853560000002,25.682799999999997,0.0,-1.197
P015,4.9,-1287.285280000002,25.682799999999997,0.0,-1.194
P015,5.0,-1284.7170000000021,25.682799999999997,0.0,-1.19
P015,5.1,-1282.1487200000022,25.682799999999997,0.0,-1.187
P015,5.2,-1279.5804400000022,25.682799999999997,0.0,-1.184
P015,5.3,-1277.0121600000023,25.682799999999997,0.0,-1.181
P015,5.4,-1274.4438800000023,25.682799999999997,0.0,-1.177
P015,5.5,-1271.8756000000024,25.682799999999997,0.0,-1.174
P015,5.6,-1269.3073200000024,25.682799999999997,0.0,-1.171
P015,5.7,-1266.7390400000024,25.682799999999997,0.0,-1.168
P015,5.8,-1264.1707600000025,25.682799999999997,0.0,-1.165
P015,5.9,-1261.6024800000025,25.682799999999997,0.0,-1.161
P015,6.0,-1259.0342000000026,25.682799999999997,0.0,-1.158
P015,6.1,-1256.4659200000026,25.682799999999997,0.0,-1.155
P015,6.2,-1253.8976400000026,25.682799999999997,0.0,-1.152
P015,6.3,-1251.3293600000027,25.682799999999997,0.0,-1.149
P015,6.4,-1248.7610800000027,25.682799999999997,0.0,-1.146
P015,6.5,-1246.1928000000028,25.682799999999997,0.0,-1.143
P015,6.6,-1243.6245200000028,25.682799999999997,0.0,-1.14
P015,6.7,-1241.0562400000028,25.682799999999997,0.0,-1.137
P015,6.8,-1238.4879600000029,25.682799999999997,0.0,-1.134
P015,6.9,-1235.919680000003,25.682799999999997,0.0,-1.131
P015,7.0,-1233.351400000003,25.682799999999997,0.0,-1.128
P015,7.1,-1230.783120000003,25.682799999999997,0.0,-1.125
P015,7.2,-1228.214840000003,25.682799999999997,0.0,-1.121
P015,7.3,-1225.646560000003,25.682799999999997,0.0,-1.119
P015,7.4,-1223.0782800000031,25.682799999999997,0.0,-1.116
P015,7.5,-1220.5100000000032,25.682799999999997,0.0,-1.112
P015,7.6,-1217.9417200000032,25.682799999999997,0.0,-1.11
P015,7.7,-1215.3734400000033,25.682799999999997,0.0,-1.107
P015,7.8,-1212.8051600000033,25.682799999999997,0.0,-1.104
P015,7.9,-1210.2368800000033,25.682799999999997,0.0,-1.101
P015,8.0,-1207.6686000000034,25.682799999999997,0.0,-1.098
P015,8.1,-1205.1003200000034,25.682799999999997,0.0,-1.095
P015,8.2,-1202.5320400000035,25.682799999999997,0.0,-1.092
P015,8.3,-1199.9637600000035,25.682799999999997,0.0,-1.089
P015,8.4,-1197.3954800000035,25.682799999999997,0.0,-1.086
P015,8.5,-1194.8272000000036,25.682799999999997,0.0,-1.083
P015,8.6,-1192.2589200000036,25.682799999999997,0.0,-1.081
P015,8.7,-1189.6906400000037,25.682799999999997,0.0,-1.078
P015,8.8,-1187.1223600000037,25.682799999999997,0.0,-1.075
P015,8.9,-1184.5540800000038,25.682799999999997,0.0,-1.072
P015,9.0,-1181.9858000000038,25.682799999999997,0.0,-1.069
P015,9.1,-1179.4175200000038,25.682799999999997,0.0,-1.067
P015,9.2,-1176.8492400000039,25.682799999999997,0.0,-1.064
P015,9.3,-1174.280960000004,25.682799999999997,0.0,-1.061
P015,9.4,-1171.712680000004,25.682799999999997,0.0,-1.058
P015,9.5,-1169.144400000004,25.682799999999997,0.0,-1.056
P015,9.6,-1166.576120000004,25.682799999999997,0.0,-1.053
P015,9.7,-1164.007840000004,25.682799999999997,0.0,-1.05
P015,9.8,-1161.4395600000041,25.682799999999997,0.0,-1.047
P015,9.9,-1158.8712800000042,25.682799999999997,0.0,-1.045
P015,10.0,-1156.3030000000042,25.682799999999997,0.0,-1.042
P015,10.1,-1153.7347200000042,25.682799999999997,0.0,-1.039
P015,10.2,-1151.1664400000043,25.682799999999997,0.0,-1.037
P015,10.3,-1148.5981600000043,25.682799999999997,0.0,-1.034
P015,10.4,-1146.0298800000044,25.682799999999997,0.0,-1.031
P015,10.5,-1143.4616000000044,25.682799999999997,0.0,-1.029
P015,10.6,-1140.8933200000045,25.682799999999997,0.0,-1.026
P015,10.7,-1138.3250400000045,25.682799999999997,0.0,-1.024
P015,10.8,-1135.7567600000045,25.682799999999997,0.0,-1.021
P015,10.9,-1133.1884800000046,25.682799999999997,0.0,-1.018
P015,11.0,-1130.6202000000046,25.682799999999997,0.0,-1.016
P015,11.1,-1128.0519200000047,25.682799999999997,0.0,-1.013
P015,11.2,-1125.4836400000047,25.682799999999997,0.0,-1.011
P015,11.3,-1122.9153600000047,25.682799999999997,0.0,-1.008
P015,11.4,-1120.3470800000048,25.682799999999997,0.0,-1.006
P015,11.5,-1117.7788000000048,25.682799999999997,0.0,-1.004
P015,11.6,-1115.2105200000049,25.682799999999997,0.0,-1.01
P015,11.7,-1112.642240000005,25.682799999999997,0.0,-1.239
P015,11.8,-1110.073960000005,25.682799999999997,0.0,-1.868
P015,11.9,-1107.555680000005,25.182799999999997,-5.0,-2.652
P015,12.0,-1105.1374000000048,24.182799999999997,-10.0,-3.431
P015,12.1,-1102.8691200000048,22.682799999999997,-15.0,-4.143
P015,12.2,-1100.7689587528378,21.001612471670988,-16.811875283290085,-4.718
P015,12.3,-1098.8369162585036,19.32042494334198,-16.811875283290085,-5.207
P015,12.4,-1097.0729925170024,17.63923741501297,-16.811875283290085,-5.765
P015,12.5,-1095.477187528334,15.958049886683963,-16.811875283290085,-6.34
P015,12.6,-1094.0495012924985,14.276862358354954,-16.811875283290085,-6.701
P015,12.7,-1092.7899338094958,12.595674830025946,-16.811875283290085,-6.943
P015,12.8,-1091.698485079326,10.914487301696937,-16.811875283290085,-7.057
P015,12.9,-1090.7751551019892,9.233299773367929,-16.811875283290085,-6.707
P015,13.0,-1090.0199438774853,7.552112245038919,-16.811875283290092,-6.254
P015,13.1,-1089.4328514058143,5.87092471670991,-16.811875283290092,-5.736
P015,13.2,-1089.0138776869762,4.1897371883809,-16.811875283290092,-5.315
P015,13.3,-1088.763022720971,2.508549660051891,-16.811875283290092,-4.958
P015,13.4,-1088.6802865077989,0.8273621317228814,-16.811875283290092,-4.576
P015,13.5,-1088.6802865077989,0.0,-8.273621317228814,-4.165
P015,13.6,-1088.6802865077989,0.0,0.0,-3.691
P015,13.7,-1088.6802865077989,0.0,0.0,-3.185
P015,13.8,-1088.6802865077989,0.0,0.0,-2.67
P015,13.9,-1088.6802865077989,0.0,0.0,-2.105
P015,14.0,-1088.6802865077989,0.0,0.0,-1.432
P015,14.1,-1088.6802865077989,0.0,0.0,-0.92
P015,14.2,-1088.6802865077989,0.0,0.0,-0.662
P015,14.3,-1088.6802865077989,0.0,0.0,-0.598
P015,14.4,-1088.6802865077989,0.0,0.0,-0.588
P015,14.5,-1088.6802865077989,0.0,0.0,-0.59
P015,14.6,-1088.6802865077989,0.0,0.0,-0.594
P015,14.7,-1088.6802865077989,0.0,0.0,-0.596
P015,14.8,-1088.6802865077989,0.0,0.0,-0.595
P015,14.9,-1088.6802865077989,0.0,0.0,-0.593
P015,15.0,-1088.6802865077989,0.0,0.0,-0.589
P015,15.1,-1088.6802865077989,0.0,0.0,-0.586
P015,15.2,-1088.6802865077989,0.0,0.0,-0.582
P015,15.3,-1088.6802865077989,0.0,0.0,-0.578
P015,15.4,-1088.6802865077989,0.0,0.0,-0.573
P015,15.5,-1088.6802865077989,0.0,0.0,-0.568
P015,15.6,-1088.6802865077989,0.0,0.0,-0.564
P015,15.7,-1088.6802865077989,0.0,0.0,-0.559
P015,15.8,-1088.6802865077989,0.0,0.0,-0.554
P015,15.9,-1088.6802865077989,0.0,0.0,-0.549
P015,16.0,-1088.6802865077989,0.0,0.0,-0.544
P015,16.1,-1088.6802865077989,0.0,0.0,-0.539
P015,16.2,-1088.6802865077989,0.0,0.0,-0.534
P015,16.3,-1088.6802865077989,0.0,0.0,-0.604
P015,16.4,-1088.6802865077989,0.0,0.0,-0.692
P015,16.5,-1088.6802865077989,0.0,0.0,-0.801
P015,16.6,-1088.6802865077989,0.0,0.0,-0.864
P015,16.7,-1088.6802865077989,0.0,0.0,-0.968
P015,16.8,-1088.6802865077989,0.0,0.0,-0.759
P015,16.9,-1088.6802865077989,0.0,0.0,-0.408
P015,17.0,-1088.6802865077989,0.0,0.0,-0.089
P016,0.0,-1412.237,57.2352,-1.503,-1.503
P016,0.1,-1406.52851,57.0849,-1.5030000000000143,-1.501
P016,0.2,-1400.8350500000001,56.934599999999996,-1.5030000000000143,-1.499
P016,0.3,-1395.1566200000002,56.784299999999995,-1.5030000000000143,-1.496
P016,0.4,-1389.4932200000003,56.63399999999999,-1.5030000000000143,-1.494
P016,0.5,-1383.8448500000004,56.48369999999999,-1.5030000000000143,-1.491
P016,0.6,-1378.2115100000003,56.33339999999999,-1.5030000000000143,-1.489
P016,0.7,-1372.5932000000003,56.18309999999999,-1.5030000000000143,-1.486
P016,0.8,-1366.9899200000002,56.03279999999999,-1.5030000000000143,-1.484
P016,0.9,-1361.4016700000002,55.882499999999986,-1.5030000000000143,-1.657
P016,1.0,-1355.8284500000002,55.732199999999985,-1.5030000000000143,-2.477
P016,1.1,-1350.2702600000002,55.58189999999998,-1.5030000000000143,-3.448
P016,1.2,-1344.7271000000003,55.43159999999998,-1.5030000000000143,-4.333
P016,1.3,-1339.1989700000004,55.28129999999998,-1.5030000000000143,-5.088
P016,1.4,-1333.6858700000005,55.13099999999998,-1.5030000000000143,-5.839
P016,1.5,-1328.1878000000004,54.98069999999998,-1.5030000000000143,-6.773
P016,1.6,-1322.7047600000003,54.830399999999976,-1.5030000000000143,-7.458
P016,1.7,-1317.2367500000003,54.680099999999975,-1.5030000000000143,-7.837
P016,1.8,-1311.7837700000002,54.52979999999997,-1.5030000000000143,-8.046
P016,1.9,-1306.3458200000002,54.37949999999997,-1.5030000000000143,-8.216
P016,2.0,-1300.9229000000003,54.22919999999997,-1.5030000000000143,-8.459
P016,2.1,-1295.5150100000003,54.07889999999997,-1.5030000000000143,-8.483
P016,2.2,-1290.1221500000004,53.92859999999997,-1.5030000000000143,-8.963
P016,2.3,-1284.7443200000005,53.778299999999966,-1.5030000000000143,-9.295
P016,2.4,-1279.3815200000004,53.627999999999965,-1.5030000000000143,-9.601
P016,2.5,-1274.0337500000003,53.47769999999996,-1.5030000000000143,-9.84
P016,2.6,-1268.7010100000002,53.32739999999996,-1.5030000000000143,-9.996
P016,2.7,-1263.3833000000002,53.17709999999996,-1.5030000000000143,-9.964
P016,2.8,-1258.0806200000002,53.02679999999996,-1.5030000000000143,-9.947
P016,2.9,-1252.7929700000002,52.87649999999996,-1.5030000000000143,-9.974
P016,3.0,-1247.5203500000002,52.726199999999956,-1.5030000000000143,-10.006
P016,3.1,-1242.2627600000003,52.575899999999955,-1.5030000000000143,-10.031
P016,3.2,-1237.0202000000004,52.42559999999995,-1.5030000000000143,-10.049
P016,3.3,-1231.7926700000005,52.27529999999995,-1.5030000000000143,-10.056
P016,3.4,-1226.5801700000004,52.12499999999995,-1.5030000000000143,-10.059
P016,3.5,-1221.3827000000003,51.97469999999995,-1.5030000000000143,-10.088
P016,3.6,-1216.2002600000003,51.82439999999995,-1.5030000000000143,-10.276
P016,3.7,-1211.0328500000003,51.674099999999946,-1.5030000000000143,-10.392
P016,3.8,-1205.8967665400085,51.36083459991834,-3.1326540008160464,-10.487
P016,3.9,-1200.8597096678295,50.37056872179019,-9.902658781281488,-10.557
P016,4.0,-1195.9216793834632,49.380302843662044,-9.902658781281488,-10.578
P016,4.1,-1191.0826756869099,48.390036965533895,-9.902658781281488,-10.351
P016,4.2,-1186.3426985781693,47.399771087405746,-9.902658781281488,-10.312
P016,4.3,-1181.7017480572415,46.4095052092776,-9.902658781281488,-10.352
P016,4.4,-1177.1598241241265,45.41923933114945,-9.902658781281488,-10.374
P016,4.5,-1172.7169267788245,44.4289734530213,-9.902658781281488,-10.343
P016,4.6,-1168.373056021335,43.43870757489315,-9.902658781281488,-10.284
P016,4.7,-1164.1282118516585,42.448441696765,-9.902658781281488,-10.235
P016,4.8,-1159.982394269795,41.45817581863685,-9.902658781281488,-10.206
P016,4.9,-1155.935603275744,40.467909940508704,-9.902658781281488,-10.055
P016,5.0,-1151.9878388695058,39.477644062380556,-9.902658781281488,-9.782
P016,5.1,-1148.1391010510806,38.48737818425241,-9.902658781281488,-9.429
P016,5.2,-1144.3893898204683,37.49711230612426,-9.902658781281488,-8.79
P016,5.3,-1140.7387051776686,36.50684642799611,-9.902658781281488,-8.182
P016,5.4,-1137.1870471226819,35.51658054986796,-9.902658781281488,-7.74
P016,5.5,-1133.734415655508,34.52631467173981,-9.902658781281488,-7.266
P016,5.6,-1130.3808107761467,33.53604879361166,-9.902658781281488,-6.315
P016,5.7,-1127.1262324845984,32.545782915483514,-9.902658781281488,-5.151
P016,5.8,-1123.970680780863,31.555517037355365,-9.902658781281488,-4.117
P016,5.9,-1120.9141556649402,30.565251159227216,-9.902658781281488,-3.337
P016,6.0,-1117.9566571368302,29.574985281099067,-9.902658781281488,-2.273
P016,6.1,-1115.0981851965332,28.58471940297092,-9.902658781281488,-1.53
P016,6.2,-1112.3387398440489,27.59445352484277,-9.902658781281488,-1.351
P016,6.3,-1109.6783210793774,26.60418764671462,-9.902658781281488,-1.31
P016,6.4,-1107.1169289025188,25.613921768586472,-9.902658781281488,-1.288
P016,6.5,-1104.6545633134729,24.623655890458323,-9.902658781281488,-1.326
P016,6.6,-1102.2912243122398,23.633390012330175,-9.902658781281488,-1.369
P016,6.7,-1100.0269118988197,22.643124134202026,-9.902658781281488,-1.139
P016,6.8,-1097.8616260732122,21.652858256073877,-9.902658781281488,-0.962
P016,6.9,-1095.7953668354176,20.662592377945728,-9.902658781281488,-0.856
P016,7.0,-1093.8281341854358,19.67232649981758,-9.902658781281488,-0.754
P016,7.1,-1091.959928123267,18.68206062168943,-9.902658781281488,-0.591
P016,7.2,-1090.1907486489108,17.69179474356128,-9.902658781281488,-0.315
P016,7.3,-1088.5205957623675,16.701528865433133,-9.902658781281488,0.64
P016,7.4,-1086.9494694636371,15.711262987304984,-9.902658781281488,2.111
P016,7.5,-1085.4773697527194,14.720997109176835,-9.902658781281488,4.288
P016,7.6,-1084.1042966296145,13.730731231048686,-9.902658781281488,6.372
P016,7.7,-1082.8302500943225,12.740465352920538,-9.902658781281488,7.991
P016,7.8,-1081.6552301468432,11.750199474792389,-9.902658781281488,9.325
P016,7.9,-1080.5792367871768,10.75993359666424,-9.902658781281488,10.467
P016,8.0,-1079.6022700153233,9.769667718536091,-9.902658781281488,10.965
P016,8.1,-1078.7243298312824,8.779401840407942,-9.902658781281488,10.942
P016,8.2,-1077.9454162350544,7.7891359622797935,-9.902658781281488,10.701
P016,8.3,-1077.2655292266393,6.798870084151645,-9.902658781281488,10.396
P016,8.4,-1076.6846688060368,5.808604206023496,-9.902658781281488,10.085
P016,8.5,-1076.2028349732473,4.818338327895347,-9.902658781281488,9.79
P016,8.6,-1075.8200277282706,3.8280724497671983,-9.902658781281488,9.242
P016,8.7,-1075.5362470711066,2.8378065716390495,-9.902658781281488,8.113
P016,8.8,-1075.3514930017554,1.8475406935109007,-9.902658781281488,6.37
P016,8.9,-1075.2657655202172,0.8572748153827519,-9.902658781281488,3.43
P016,9.0,-1075.2657655202172,0.0,-8.572748153827519,1.408
P016,9.1,-1075.2657655202172,0.0,0.0,0.444
P016,9.2,-1075.2657655202172,0.0,0.0,-0.014
P016,9.3,-1075.2657655202172,0.0,0.0,-0.426
P016,9.4,-1075.2657655202172,0.0,0.0,-0.898
P016,9.5,-1075.2657655202172,0.0,0.0,-1.12
P016,9.6,-1075.2657655202172,0.0,0.0,-1.191
P016,9.7,-1075.2657655202172,0.0,0.0,-1.218
P016,9.8,-1075.2657655202172,0.0,0.0,-1.226
P016,9.9,-1075.2657655202172,0.0,0.0,-1.221
P016,10.0,-1075.2657655202172,0.0,0.0,-1.213
P016,10.1,-1075.2657655202172,0.0,0.0,-1.206
P016,10.2,-1075.2657655202172,0.0,0.0,-1.202
P016,10.3,-1075.2657655202172,0.0,0.0,-1.201
P016,10.4,-1075.2657655202172,0.0,0.0,-1.199
P016,10.5,-1075.2657655202172,0.0,0.0,-1.196
P016,10.6,-1075.2657655202172,0.0,0.0,-1.192
P016,10.7,-1075.2657655202172,0.0,0.0,-1.189
P016,10.8,-1075.2657655202172,0.0,0.0,-1.186
P016,10.9,-1075.2657655202172,0.0,0.0,-1.182
P016,11.0,-1075.2657655202172,0.0,0.0,-1.178
P016,11.1,-1075.2657655202172,0.0,0.0,-1.176
P016,11.2,-1075.2657655202172,0.0,0.0,-1.173
P016,11.3,-1075.2657655202172,0.0,0.0,-1.17
P016,11.4,-1075.2657655202172,0.0,0.0,-1.167
P016,11.5,-1075.2657655202172,0.0,0.0,-1.164
P016,11.6,-1075.2657655202172,0.0,0.0,-1.658
P016,11.7,-1075.2657655202172,0.0,0.0,-3.323
P016,11.8,-1075.2657655202172,0.0,0.0,-4.994
P016,11.9,-1075.2657655202172,0.0,0.0,-6.337
P016,12.0,-1075.2657655202172,0.0,0.0,-7.141
P016,12.1,-1075.2657655202172,0.0,0.0,-7.692
P016,12.2,-1075.2657655202172,0.0,0.0,-8.505
P016,12.3,-1075.2657655202172,0.0,0.0,-9.544
P016,12.4,-1075.2657655202172,0.0,0.0,-10.301
P016,12.5,-1075.2657655202172,0.0,0.0,-10.799
P016,12.6,-1075.2657655202172,0.0,0.0,-11.272
P016,12.7,-1075.2657655202172,0.0,0.0,-11.817
P016,12.8,-1075.2657655202172,0.0,0.0,-12.368
P016,12.9,-1075.2657655202172,0.0,0.0,-12.795
P016,13.0,-1075.2657655202172,0.0,0.0,-13.119
P016,13.1,-1075.2657655202172,0.0,0.0,-13.296
P016,13.2,-1075.2657655202172,0.0,0.0,-13.345
P016,13.3,-1075.2657655202172,0.0,0.0,-13.292
P016,13.4,-1075.2657655202172,0.0,0.0,-13.308
P016,13.5,-1075.2657655202172,0.0,0.0,-13.233
P016,13.6,-1075.2657655202172,0.0,0.0,-12.974
P016,13.7,-1075.2657655202172,0.0,0.0,-12.228
P017,0.0,-1413.26,45.485733333333336,-0.555,-0.555
P017,0.1,-1408.7169766666666,45.430233333333334,-0.555000000000021,-0.595
P017,0.2,-1404.1795033333333,45.37473333333333,-0.555000000000021,-0.67
P017,0.3,-1399.64758,45.31923333333333,-0.555000000000021,-0.785
P017,0.4,-1395.1212066666667,45.26373333333333,-0.555000000000021,-0.951
P017,0.5,-1390.6003833333334,45.208233333333325,-0.555000000000021,-1.159
P017,0.6,-1386.08511,45.15273333333332,-0.555000000000021,-1.298
P017,0.7,-1381.5753866666666,45.09723333333332,-0.555000000000021,-1.348
P017,0.8,-1377.0712133333334,45.04173333333332,-0.555000000000021,-1.359
P017,0.9,-1372.57259,44.98623333333332,-0.555000000000021,-1.359
P017,1.0,-1368.0795166666667,44.930733333333315,-0.555000000000021,-1.357
P017,1.1,-1363.5919933333334,44.87523333333331,-0.555000000000021,-1.354
P017,1.2,-1359.11002,44.81973333333331,-0.555000000000021,-1.353
P017,1.3,-1354.6335966666668,44.76423333333331,-0.555000000000021,-1.351
P017,1.4,-1350.1627233333334,44.708733333333306,-0.555000000000021,-1.349
P017,1.5,-1345.6974,44.653233333333304,-0.555000000000021,-1.347
P017,1.6,-1341.2376266666668,44.5977333333333,-0.555000000000021,-1.345
P017,1.7,-1336.7834033333334,44.5422333333333,-0.555000000000021,-1.342
P017,1.8,-1332.33473,44.4867333333333,-0.555000000000021,-1.34
P017,1.9,-1327.8916066666668,44.431233333333296,-0.555000000000021,-1.338
P017,2.0,-1323.4540333333334,44.375733333333294,-0.555000000000021,-1.336
P017,2.1,-1319.0220100000001,44.32023333333329,-0.555000000000021,-1.334
P017,2.2,-1314.5955366666667,44.26473333333329,-0.555000000000021,-1.332
P017,2.3,-1310.1746133333334,44.20923333333329,-0.555000000000021,-1.33
P017,2.4,-1305.75924,44.153733333333285,-0.555000000000021,-1.328
P017,2.5,-1301.3494166666667,44.09823333333328,-0.555000000000021,-1.325
P017,2.6,-1296.9451433333334,44.04273333333328,-0.555000000000021,-1.323
P017,2.7,-1292.5464200000001,43.98723333333328,-0.555000000000021,-1.321
P017,2.8,-1288.1532466666667,43.93173333333328,-0.555000000000021,-1.319
P017,2.9,-1283.7656233333335,43.876233333333275,-0.555000000000021,-1.317
P017,3.0,-1279.38355,43.82073333333327,-0.555000000000021,-1.315
P017,3.1,-1275.0070266666667,43.76523333333327,-0.555000000000021,-1.313
P017,3.2,-1270.6360533333334,43.70973333333327,-0.555000000000021,-1.311
P017,3.3,-1266.27063,43.654233333333266,-0.555000000000021,-1.309
P017,3.4,-1261.9107566666667,43.598733333333264,-0.555000000000021,-1.307
P017,3.5,-1257.5564333333334,43.54323333333326,-0.555000000000021,-1.305
P017,3.6,-1253.20766,43.48773333333326,-0.555000000000021,-1.303
P017,3.7,-1248.8644366666667,43.43223333333326,-0.555000000000021,-1.301
P017,3.8,-1244.5267633333335,43.376733333333256,-0.555000000000021,-1.299
P017,3.9,-1240.1946400000002,43.321233333333254,-0.555000000000021,-1.297
P017,4.0,-1235.868066666667,43.26573333333325,-0.555000000000021,-1.295
P017,4.1,-1231.5470433333335,43.21023333333325,-0.555000000000021,-1.293
P017,4.2,-1227.2315700000001,43.15473333333325,-0.555000000000021,-1.291
P017,4.3,-1222.921646666667,43.099233333333245,-0.555000000000021,-1.288
P017,4.4,-1218.6172733333335,43.04373333333324,-0.555000000000021,-1.286
P017,4.5,-1214.3184500000002,42.98823333333324,-0.555000000000021,-1.284
P017,4.6,-1210.025176666667,42.93273333333324,-0.555000000000021,-1.282
P017,4.7,-1205.7374533333336,42.87723333333324,-0.555000000000021,-1.281
P017,4.8,-1201.4552800000004,42.821733333333235,-0.555000000000021,-1.279
P017,4.9,-1197.178656666667,42.76623333333323,-0.555000000000021,-1.277
P017,5.0,-1192.9075833333336,42.71073333333323,-0.555000000000021,-1.275
P017,5.1,-1188.6420600000004,42.65523333333323,-0.555000000000021,-1.273
P017,5.2,-1184.382086666667,42.599733333333226,-0.555000000000021,-1.271
P017,5.3,-1180.1276633333337,42.544233333333224,-0.555000000000021,-1.269
P017,5.4,-1175.8787900000004,42.48873333333322,-0.555000000000021,-1.267
P017,5.5,-1171.635466666667,42.43323333333322,-0.555000000000021,-1.265
P017,5.6,-1167.3976933333338,42.37773333333322,-0.555000000000021,-1.263
P017,5.7,-1163.1745534250417,42.231399082919765,-1.4633425041345305,-1.262
P017,5.8,-1159.0502297294654,41.24323695576411,-9.88162127155654,-1.26
P017,5.9,-1155.0247222466046,40.25507482860846,-9.88162127155654,-1.257
P017,6.0,-1151.0980309764593,39.2669127014528,-9.88162127155654,-1.256
P017,6.1,-1147.2701559190295,38.27875057429715,-9.88162127155654,-1.254
P017,6.2,-1143.5410970743153,37.290588447141495,-9.88162127155654,-1.252
P017,6.3,-1139.9108544423168,36.30242631998584,-9.88162127155654,-1.25
P017,6.4,-1136.3794280230338,35.31426419283019,-9.88162127155654,-1.248
P017,6.5,-1132.9468178164664,34.32610206567453,-9.88162127155654,-1.246
P017,6.6,-1129.6130238226144,33.33793993851888,-9.88162127155654,-1.245
P017,6.7,-1126.378046041478,32.349777811363225,-9.88162127155654,-1.243
P017,6.8,-1123.2418844730573,31.36161568420757,-9.88162127155654,-1.241
P017,6.9,-1120.2045391173522,30.373453557051917,-9.88162127155654,-1.546
P017,7.0,-1117.2660099743625,29.385291429896263,-9.88162127155654,-3.598
P017,7.1,-1114.4262970440884,28.39712930274061,-9.88162127155654,-7.367
P017,7.2,-1111.6854003265298,27.408967175584955,-9.88162127155654,-14.282
P017,7.3,-1109.093319821687,25.9208050484293,-14.88162127155654,-19.891
P017,7.4,-1106.678621381191,24.146984404957443,-17.738206434718577,-24.911
P017,7.5,-1104.4413050050425,22.373163761485586,-17.738206434718577,-27.58
P017,7.6,-1102.3813706932413,20.599343118013728,-17.738206434718577,-29.197
P017,7.7,-1100.498818445787,18.82552247454187,-17.738206434718577,-30.513
P017,7.8,-1098.79364826268,17.051701831070012,-17.738206434718577,-31.67
P017,7.9,-1097.2658601439202,15.277881187598156,-17.73820643471856,-32.618
P017,8.0,-1095.9154540895076,13.5040605441263,-17.73820643471856,-33.064
P017,8.1,-1094.7424300994421,11.730239900654444,-17.73820643471856,-32.384
P017,8.2,-1093.7467881737239,9.956419257182588,-17.73820643471856,-25.824
P017,8.3,-1092.928528312353,8.182598613710732,-17.73820643471856,-23.507
P017,8.4,-1092.287650515329,6.4087779702388765,-17.73820643471856,-22.973
P017,8.5,-1091.8241547826524,4.6349573267670205,-17.73820643471856,-16.928
P018,0.0,-1411.41,43.581999999999994,-1.344,-1.344
P018,0.1,-1407.0652400000001,43.447599999999994,-1.343999999999994,-1.342
P018,0.2,-1402.7339200000001,43.313199999999995,-1.343999999999994,-1.34
P018,0.3,-1398.41604,43.178799999999995,-1.343999999999994,-1.337
P018,0.4,-1394.1116000000002,43.044399999999996,-1.343999999999994,-1.335
P018,0.5,-1389.8206000000002,42.91,-1.343999999999994,-1.333
P018,0.6,-1385.5430400000002,42.7756,-1.343999999999994,-1.331
P018,0.7,-1381.2789200000002,42.6412,-1.343999999999994,-1.329
P018,0.8,-1377.02824,42.5068,-1.343999999999994,-1.327
P018,0.9,-1372.7910000000002,42.3724,-1.343999999999994,-1.325
P018,1.0,-1368.5672000000002,42.238,-1.343999999999994,-1.323
P018,1.1,-1364.3568400000001,42.1036,-1.343999999999994,-1.32
P018,1.2,-1360.15992,41.9692,-1.343999999999994,-1.318
P018,1.3,-1355.9764400000001,41.8348,-1.343999999999994,-1.316
P018,1.4,-1351.8064000000002,41.7004,-1.343999999999994,-1.315
P018,1.5,-1347.6498000000001,41.566,-1.343999999999994,-1.313
P018,1.6,-1343.50664,41.4316,-1.343999999999994,-1.31
P018,1.7,-1339.3769200000002,41.297200000000004,-1.343999999999994,-1.308
P018,1.8,-1335.2606400000002,41.162800000000004,-1.343999999999994,-1.306
P018,1.9,-1331.1578000000002,41.028400000000005,-1.343999999999994,-1.304
P018,2.0,-1327.0684,40.894000000000005,-1.343999999999994,-1.302
P018,2.1,-1322.9924400000002,40.759600000000006,-1.343999999999994,-1.3
P018,2.2,-1318.9299200000003,40.62520000000001,-1.343999999999994,-1.298
P018,2.3,-1314.8808400000003,40.49080000000001,-1.343999999999994,-1.296
P018,2.4,-1310.8452000000002,40.35640000000001,-1.343999999999994,-1.294
P018,2.5,-1306.823,40.22200000000001,-1.343999999999994,-1.292
P018,2.6,-1302.8142400000002,40.08760000000001,-1.343999999999994,-1.29
P018,2.7,-1298.8189200000002,39.95320000000001,-1.343999999999994,-1.288
P018,2.8,-1294.8370400000001,39.81880000000001,-1.343999999999994,-1.286
P018,2.9,-1290.8686,39.68440000000001,-1.343999999999994,-1.284
P018,3.0,-1286.9136,39.55000000000001,-1.343999999999994,-1.282
P018,3.1,-1282.97204,39.41560000000001,-1.343999999999994,-1.28
P018,3.2,-1279.04392,39.28120000000001,-1.343999999999994,-1.278
P018,3.3,-1275.12924,39.14680000000001,-1.343999999999994,-1.276
P018,3.4,-1271.228,39.012400000000014,-1.343999999999994,-1.274
P018,3.5,-1267.3402,38.878000000000014,-1.343999999999994,-1.273
P018,3.6,-1263.46584,38.743600000000015,-1.343999999999994,-1.341
P018,3.7,-1259.60492,38.609200000000016,-1.343999999999994,-1.687
P018,3.8,-1255.75744,38.474800000000016,-1.343999999999994,-1.951
P018,3.9,-1251.9234000000001,38.34040000000002,-1.343999999999994,-2.194
P018,4.0,-1248.1028000000001,38.20600000000002,-1.343999999999994,-2.769
P018,4.1,-1244.29564,38.07160000000002,-1.343999999999994,-3.134
P018,4.2,-1240.5019200000002,37.93720000000002,-1.343999999999994,-3.292
P018,4.3,-1236.7216400000002,37.80280000000002,-1.343999999999994,-3.369
P018,4.4,-1232.9548000000002,37.66840000000002,-1.343999999999994,-3.414
P018,4.5,-1229.2014000000001,37.53400000000002,-1.343999999999994,-3.467
P018,4.6,-1225.46144,37.39960000000002,-1.343999999999994,-3.948
P018,4.7,-1221.73492,37.26520000000002,-1.343999999999994,-4.605
P018,4.8,-1218.02184,37.13080000000002,-1.343999999999994,-4.997
P018,4.9,-1214.3222,36.99640000000002,-1.343999999999994,-5.376
P018,5.0,-1210.636,36.86200000000002,-1.343999999999994,-5.6
P018,5.1,-1206.96324,36.727600000000024,-1.343999999999994,-5.519
P018,5.2,-1203.30392,36.593200000000024,-1.343999999999994,-5.161
P018,5.3,-1199.65804,36.458800000000025,-1.343999999999994,-4.395
P018,5.4,-1196.0256,36.324400000000026,-1.343999999999994,-3.479
P018,5.5,-1192.4066,36.190000000000026,-1.343999999999994,-2.355
P018,5.6,-1188.80104,36.05560000000003,-1.343999999999994,-1.649
P018,5.7,-1185.20892,35.92120000000003,-1.343999999999994,-1.484
P018,5.8,-1181.63024,35.78680000000003,-1.343999999999994,-1.411
P018,5.9,-1178.065,35.65240000000003,-1.343999999999994,-1.317
P018,6.0,-1174.5132,35.51800000000003,-1.343999999999994,-1.266
P018,6.1,-1170.97484,35.38360000000003,-1.343999999999994,-1.245
P018,6.2,-1167.44992,35.24920000000003,-1.343999999999994,-1.234
P018,6.3,-1163.9384400000001,35.11480000000003,-1.343999999999994,-1.229
P018,6.4,-1160.4404000000002,34.98040000000003,-1.343999999999994,-1.226
P018,6.5,-1156.9558000000002,34.84600000000003,-1.343999999999994,-1.224
P018,6.6,-1153.4846400000001,34.71160000000003,-1.343999999999994,-1.222
P018,6.7,-1150.02692,34.57720000000003,-1.343999999999994,-1.22
P018,6.8,-1146.58264,34.442800000000034,-1.343999999999994,-1.218
P018,6.9,-1143.1518,34.308400000000034,-1.343999999999994,-1.215
P018,7.0,-1139.7344,34.174000000000035,-1.343999999999994,-1.213
P018,7.1,-1136.33044,34.039600000000036,-1.343999999999994,-1.211
P018,7.2,-1132.93992,33.905200000000036,-1.343999999999994,-1.208
P018,7.3,-1129.6051006452158,33.348193547841795,-5.57006452158241,-1.206
P018,7.4,-1126.3687822957409,32.36318349474935,-9.85010053092445,-1.204
P018,7.5,-1123.230964951575,31.378173441656905,-9.85010053092445,-1.202
P018,7.6,-1120.1916486127186,30.39316338856446,-9.85010053092445,-1.199
P018,7.7,-1117.2508332791715,29.408153335472015,-9.85010053092445,-1.197
P018,7.8,-1114.4085189509335,28.42314328237957,-9.85010053092445,-1.195
P018,7.9,-1111.6647056280049,27.438133229287125,-9.85010053092445,-1.193
P018,8.0,-1109.0193933103853,26.45312317619468,-9.85010053092445,-1.191
P018,8.1,-1106.4725819980752,25.468113123102235,-9.85010053092445,-1.326
P018,8.2,-1104.024271691074,24.48310307000979,-9.85010053092445,-2.337
P018,8.3,-1101.6744623893824,23.498093016917345,-9.85010053092445,-4.492
P018,8.4,-1099.423154093,22.5130829638249,-9.85010053092445,-6.219
P018,8.5,-1097.2703468019267,21.528072910732455,-9.85010053092445,-7.202
P018,8.6,-1095.2160405161628,20.54306285764001,-9.85010053092445,-8.134
P018,8.7,-1093.310235235708,19.058052804547565,-14.85010053092445,-9.336
P018,8.8,-1091.5920498011903,17.18185434517704,-18.761984593705243,-10.465
P018,8.9,-1090.0614842126097,15.305655885806516,-18.761984593705243,-11.428
P018,9.0,-1088.718538469966,13.429457426435992,-18.761984593705243,-12.473
P018,9.1,-1087.5632125732595,11.553258967065467,-18.761984593705243,-13.159
P018,9.2,-1086.59550652249,9.677060507694943,-18.761984593705243,-13.583
P018,9.3,-1085.8154203176575,7.800862048324419,-18.761984593705243,-13.878
P018,9.4,-1085.2229539587622,5.924663588953894,-18.761984593705243,-14.157
P018,9.5,-1084.818107445804,4.04846512958337,-18.761984593705243,-14.526
P018,9.6,-1084.6008807787825,2.1722666702128457,-18.761984593705243,-15.11
P018,9.7,-1084.5712739576984,0.2960682108423214,-18.761984593705243,-15.994
P018,9.8,-1084.5712739576984,0.0,-2.9606821084232138,-16.547
P018,9.9,-1084.5712739576984,0.0,0.0,-17.017
P018,10.0,-1084.5712739576984,0.0,0.0,-17.144
P018,10.1,-1084.5712739576984,0.0,0.0,-17.017
P018,10.2,-1084.5712739576984,0.0,0.0,-16.781
P018,10.3,-1084.5712739576984,0.0,0.0,-16.517
P018,10.4,-1084.5712739576984,0.0,0.0,-16.053
P019,0.0,-1412.047,40.39933333333333,-1.294,-1.294
P019,0.1,-1408.0200066666666,40.269933333333334,-1.2939999999999685,-1.292
P019,0.2,-1404.0059533333333,40.14053333333334,-1.2939999999999685,-1.29
P019,0.3,-1400.00484,40.01113333333334,-1.2939999999999685,-1.288
P019,0.4,-1396.0166666666667,39.881733333333344,-1.2939999999999685,-1.286
P019,0.5,-1392.0414333333333,39.75233333333335,-1.2939999999999685,-1.284
P019,0.6,-1388.07914,39.62293333333335,-1.2939999999999685,-1.282
P019,0.7,-1384.1297866666666,39.49353333333335,-1.2939999999999685,-1.28
P019,0.8,-1380.1933733333333,39.364133333333356,-1.2939999999999685,-1.278
P019,0.9,-1376.2699,39.23473333333336,-1.2939999999999685,-1.276
P019,1.0,-1372.3593666666666,39.10533333333336,-1.2939999999999685,-1.274
P019,1.1,-1368.4617733333332,38.975933333333366,-1.2939999999999685,-1.272
P019,1.2,-1364.57712,38.84653333333337,-1.2939999999999685,-1.27
P019,1.3,-1360.7054066666665,38.71713333333337,-1.2939999999999685,-1.268
P019,1.4,-1356.846633333333,38.587733333333375,-1.2939999999999685,-1.266
P019,1.5,-1353.0007999999998,38.45833333333338,-1.2939999999999685,-1.265
P019,1.6,-1349.1679066666666,38.32893333333338,-1.2939999999999685,-1.263
P019,1.7,-1345.3479533333332,38.199533333333385,-1.2939999999999685,-1.261
P019,1.8,-1341.5409399999999,38.07013333333339,-1.2939999999999685,-1.259
P019,1.9,-1337.7468666666666,37.94073333333339,-1.2939999999999685,-1.257
P019,2.0,-1333.9657333333332,37.811333333333394,-1.2939999999999685,-1.255
P019,2.1,-1330.19754,37.6819333333334,-1.2939999999999685,-1.253
P019,2.2,-1326.4422866666666,37.5525333333334,-1.2939999999999685,-1.251
P019,2.3,-1322.6999733333332,37.4231333333334,-1.2939999999999685,-1.249
P019,2.4,-1318.9705999999999,37.29373333333341,-1.2939999999999685,-1.247
P019,2.5,-1315.2541666666666,37.16433333333341,-1.2939999999999685,-1.245
P019,2.6,-1311.5506733333332,37.03493333333341,-1.2939999999999685,-1.244
P019,2.7,-1307.8601199999998,36.905533333333416,-1.2939999999999685,-1.242
P019,2.8,-1304.1825066666665,36.77613333333342,-1.2939999999999685,-1.24
P019,2.9,-1300.517833333333,36.64673333333342,-1.2939999999999685,-1.238
P019,3.0,-1296.8660999999997,36.517333333333426,-1.2939999999999685,-1.236
P019,3.1,-1293.2273066666664,36.38793333333343,-1.2939999999999685,-1.234
P019,3.2,-1289.601453333333,36.25853333333343,-1.2939999999999685,-1.233
P019,3.3,-1285.9885399999996,36.129133333333435,-1.2939999999999685,-1.231
P019,3.4,-1282.3885666666663,35.99973333333344,-1.2939999999999685,-1.229
P019,3.5,-1278.801533333333,35.87033333333344,-1.2939999999999685,-1.227
P019,3.6,-1275.2274399999997,35.740933333333444,-1.2939999999999685,-1.225
P019,3.7,-1271.6662866666663,35.61153333333345,-1.2939999999999685,-1.224
P019,3.8,-1268.118073333333,35.48213333333345,-1.2939999999999685,-1.222
P019,3.9,-1264.5827999999997,35.352733333333454,-1.2939999999999685,-1.22
P019,4.0,-1261.0604666666663,35.22333333333346,-1.2939999999999685,-1.218
P019,4.1,-1257.551073333333,35.09393333333346,-1.2939999999999685,-1.217
P019,4.2,-1254.0546199999997,34.96453333333346,-1.2939999999999685,-1.215
P019,4.3,-1250.5711066666663,34.83513333333347,-1.2939999999999685,-1.213
P019,4.4,-1247.100533333333,34.70573333333347,-1.2939999999999685,-1.211
P019,4.5,-1243.6428999999996,34.57633333333347,-1.2939999999999685,-1.21
P019,4.6,-1240.1982066666662,34.446933333333476,-1.2939999999999685,-1.208
P019,4.7,-1236.766453333333,34.31753333333348,-1.2939999999999685,-1.351
P019,4.8,-1233.3476399999995,34.18813333333348,-1.2939999999999685,-1.335
P019,4.9,-1229.9417666666661,34.058733333333485,-1.2939999999999685,-1.327
P019,5.0,-1226.5488333333328,33.92933333333349,-1.2939999999999685,-1.348
P019,5.1,-1223.1688399999994,33.79993333333349,-1.2939999999999685,-1.37
P019,5.2,-1219.801786666666,33.670533333333495,-1.2939999999999685,-1.37
P019,5.3,-1216.4476733333327,33.5411333333335,-1.2939999999999685,-1.362
P019,5.4,-1213.1064999999994,33.4117333333335,-1.2939999999999685,-1.355
P019,5.5,-1209.778266666666,33.282333333333504,-1.2939999999999685,-1.352
P019,5.6,-1206.4629733333327,33.15293333333351,-1.2939999999999685,-1.355
P019,5.7,-1203.1606199999994,33.02353333333351,-1.2939999999999685,-1.368
P019,5.8,-1199.871206666666,32.894133333333514,-1.2939999999999685,-1.401
P019,5.9,-1196.5947333333327,32.76473333333352,-1.2939999999999685,-1.437
P019,6.0,-1193.3311999999994,32.63533333333352,-1.2939999999999685,-1.395
P019,6.1,-1190.080606666666,32.50593333333352,-1.2939999999999685,-1.319
P019,6.2,-1186.8429533333326,32.376533333333526,-1.2939999999999685,-1.28
P019,6.3,-1183.6182399999993,32.24713333333353,-1.2939999999999685,-1.265
P019,6.4,-1180.406466666666,32.11773333333353,-1.2939999999999685,-1.258
P019,6.5,-1177.2076333333325,31.988333333333536,-1.2939999999999685,-1.255
P019,6.6,-1174.0217399999992,31.85893333333354,-1.2939999999999685,-1.253
P019,6.7,-1170.8487866666658,31.729533333333542,-1.2939999999999685,-1.251
P019,6.8,-1167.6887733333324,31.600133333333545,-1.2939999999999685,-1.392
P019,6.9,-1164.541699999999,31.47073333333355,-1.2939999999999685,-2.511
P019,7.0,-1161.4075666666656,31.34133333333355,-1.2939999999999685,-3.949
P019,7.1,-1158.2863733333322,31.211933333333555,-1.2939999999999685,-5.356
P019,7.2,-1155.178119999999,31.082533333333558,-1.2939999999999685,-6.629
P019,7.3,-1152.0828066666656,30.95313333333356,-1.2939999999999685,-7.436
P019,7.4,-1149.0504333333322,30.323733333333564,-6.2939999999999685,-8.28
P019,7.5,-1146.114797484091,29.356358492411577,-9.673748409219876,-9.398
P019,7.6,-1143.275899118942,28.38898365148959,-9.673748409219876,-10.373
P019,7.7,-1140.5337382378852,27.4216088105676,-9.673748409219876,-11.05
P019,7.8,-1137.8883148409207,26.454233969645614,-9.673748409219876,-11.598
P019,7.9,-1135.3396289280483,25.486859128723626,-9.673748409219876,-12.083
P019,8.0,-1132.887680499268,24.51948428780164,-9.673748409219876,-12.639
P019,8.1,-1130.53246955458,23.55210944687965,-9.673748409219876,-13.097
P019,8.2,-1128.2739960939844,22.584734605957664,-9.673748409219876,-13.401
P019,8.3,-1126.1122601174807,21.617359765035676,-9.673748409219876,-13.619
P019,8.4,-1124.0472616250693,20.64998492411369,-9.673748409219876,-13.757
P019,8.5,-1122.0790006167501,19.6826100831917,-9.673748409219876,-13.808
P019,8.6,-1120.2074770925233,18.715235242269713,-9.673748409219876,-13.858
P019,8.7,-1118.4326910523885,17.747860401347726,-9.673748409219876,-14.115
P019,8.8,-1116.754642496346,16.78048556042574,-9.673748409219876,-14.233
P019,8.9,-1115.1733314243957,15.813110719503749,-9.673748409219893,-14.279
P019,9.0,-1113.6887578365374,14.84573587858176,-9.673748409219893,-14.148
P019,9.1,-1112.3009217327715,13.87836103765977,-9.673748409219893,-13.799
P019,9.2,-1111.0098231130978,12.910986196737781,-9.673748409219893,-13.168
P019,9.3,-1109.8154619775162,11.943611355815792,-9.673748409219893,-12.4
P019,9.4,-1108.7178383260268,10.976236514893802,-9.673748409219893,-11.575
P019,9.5,-1107.7169521586297,10.008861673971813,-9.673748409219893,-10.571
P019,9.6,-1106.8128034753247,9.041486833049824,-9.673748409219893,-9.348
P019,9.7,-1106.005392276112,8.074111992127834,-9.673748409219893,-7.995
P020,0.0,-1409.441,48.01279999999999,-1.317,-1.317
P020,0.1,-1404.65289,47.88109999999999,-1.3170000000000215,-1.3
P020,0.2,-1399.87795,47.74939999999999,-1.3170000000000215,-1.287
P020,0.3,-1395.11618,47.617699999999985,-1.3170000000000215,-1.279
P020,0.4,-1390.36758,47.48599999999998,-1.3170000000000215,-1.275
P020,0.5,-1385.6321500000001,47.35429999999998,-1.3170000000000215,-1.273
P020,0.6,-1380.9098900000001,47.22259999999998,-1.3170000000000215,-1.269
P020,0.7,-1376.2008,47.090899999999976,-1.3170000000000215,-1.263
P020,0.8,-1371.5048800000002,46.959199999999974,-1.3170000000000215,-1.256
P020,0.9,-1366.8221300000002,46.82749999999997,-1.3170000000000215,-1.251
P020,1.0,-1362.1525500000002,46.69579999999997,-1.3170000000000215,-1.257
P020,1.1,-1357.4961400000002,46.56409999999997,-1.3170000000000215,-1.305
P020,1.2,-1352.8529,46.432399999999966,-1.3170000000000215,-1.362
P020,1.3,-1348.2228300000002,46.30069999999996,-1.3170000000000215,-1.382
P020,1.4,-1343.6059300000002,46.16899999999996,-1.3170000000000215,-1.386
P020,1.5,-1339.0022000000001,46.03729999999996,-1.3170000000000215,-1.384
P020,1.6,-1334.41164,45.90559999999996,-1.3170000000000215,-1.382
P020,1.7,-1329.83425,45.773899999999955,-1.3170000000000215,-1.38
P020,1.8,-1325.2700300000001,45.64219999999995,-1.3170000000000215,-1.378
P020,1.9,-1320.71898,45.51049999999995,-1.3170000000000215,-1.375
P020,2.0,-1316.1811,45.37879999999995,-1.3170000000000215,-1.373
P020,2.1,-1311.65639,45.247099999999946,-1.3170000000000215,-1.371
P020,2.2,-1307.1448500000001,45.115399999999944,-1.3170000000000215,-1.369
P020,2.3,-1302.64648,44.98369999999994,-1.3170000000000215,-1.367
P020,2.4,-1298.16128,44.85199999999994,-1.3170000000000215,-1.364
P020,2.5,-1293.6892500000001,44.72029999999994,-1.3170000000000215,-1.362
P020,2.6,-1289.2303900000002,44.588599999999936,-1.3170000000000215,-1.36
P020,2.7,-1284.7847000000002,44.45689999999993,-1.3170000000000215,-1.358
P020,2.8,-1280.35218,44.32519999999993,-1.3170000000000215,-1.355
P020,2.9,-1275.9328300000002,44.19349999999993,-1.3170000000000215,-1.353
P020,3.0,-1271.5266500000002,44.06179999999993,-1.3170000000000215,-1.351
P020,3.1,-1267.1336400000002,43.930099999999925,-1.3170000000000215,-1.349
P020,3.2,-1262.7538000000002,43.79839999999992,-1.3170000000000215,-1.346
P020,3.3,-1258.3871300000003,43.66669999999992,-1.3170000000000215,-1.344
P020,3.4,-1254.0336300000004,43.53499999999992,-1.3170000000000215,-1.342
P020,3.5,-1249.6933000000004,43.403299999999916,-1.3170000000000215,-1.34
P020,3.6,-1245.3661400000003,43.271599999999914,-1.3170000000000215,-1.338
P020,3.7,-1241.0521500000002,43.13989999999991,-1.3170000000000215,-1.336
P020,3.8,-1236.7513300000003,43.00819999999991,-1.3170000000000215,-1.334
P020,3.9,-1232.4636800000003,42.87649999999991,-1.3170000000000215,-1.332
P020,4.0,-1228.1892000000003,42.744799999999906,-1.3170000000000215,-1.329
P020,4.1,-1223.9278900000002,42.6130999999999,-1.3170000000000215,-1.327
P020,4.2,-1219.6797500000002,42.4813999999999,-1.3170000000000215,-1.325
P020,4.3,-1215.4447800000003,42.3496999999999,-1.3170000000000215,-1.323
P020,4.4,-1211.2229800000002,42.2179999999999,-1.3170000000000215,-1.321
P020,4.5,-1207.0143500000001,42.086299999999895,-1.3170000000000215,-1.319
P020,4.6,-1202.8188900000002,41.95459999999989,-1.3170000000000215,-1.317
P020,4.7,-1198.6366000000003,41.82289999999989,-1.3170000000000215,-1.315
P020,4.8,-1194.4674800000003,41.69119999999989,-1.3170000000000215,-1.312
P020,4.9,-1190.3115300000002,41.559499999999886,-1.3170000000000215,-1.31
P020,5.0,-1186.1687500000003,41.427799999999884,-1.3170000000000215,-1.309
P020,5.1,-1182.0391400000003,41.29609999999988,-1.3170000000000215,-1.307
P020,5.2,-1177.9227000000003,41.16439999999988,-1.3170000000000215,-1.304
P020,5.3,-1173.8194300000002,41.03269999999988,-1.3170000000000215,-1.302
P020,5.4,-1169.7293300000003,40.900999999999875,-1.3170000000000215,-1.3
P020,5.5,-1165.6524000000004,40.76929999999987,-1.3170000000000215,-1.298
P020,5.6,-1161.5886400000004,40.63759999999987,-1.3170000000000215,-1.296
P020,5.7,-1157.5380500000003,40.50589999999987,-1.3170000000000215,-1.294
P020,5.8,-1153.5493325971954,39.887174028049515,-6.187259719503544,-1.292
P020,5.9,-1149.6593618555185,38.89970741677072,-9.874666112787978,-1.29
P020,6.0,-1145.8681377749692,37.91224080549192,-9.874666112787978,-1.288
P020,6.1,-1142.175660355548,36.92477419421312,-9.874666112787978,-1.286
P020,6.2,-1138.5819295972544,35.937307582934324,-9.874666112787978,-1.284
P020,6.3,-1135.0869455000889,34.949840971655526,-9.874666112787978,-1.282
P020,6.4,-1131.6907080640513,33.96237436037673,-9.874666112787978,-1.28
P020,6.5,-1128.3932172891414,32.97490774909793,-9.874666112787978,-1.279
P020,6.6,-1125.1944731753595,31.987441137819133,-9.874666112787978,-1.278
P020,6.7,-1122.0944757227055,30.999974526540335,-9.874666112787978,-1.274
P020,6.8,-1119.0932249311793,30.012507915261537,-9.874666112787978,-2.518
P020,6.9,-1116.190720800781,29.02504130398274,-9.874666112787978,-6.216
P020,7.0,-1113.3869633315107,28.03757469270394,-9.874666112787978,-13.321
P020,7.1,-1110.6819525233682,27.050108081425144,-9.874666112787978,-19.074
P020,7.2,-1108.1256883763535,25.562641470146346,-14.874666112787978,-24.368
P020,7.3,-1105.7466254467422,23.790629296113174,-17.72012174033172,-27.335
P020,7.4,-1103.5447637345342,22.018617122080002,-17.72012174033172,-29.048
P020,7.5,-1101.5201032397295,20.24660494804683,-17.72012174033172,-30.432
P020,7.6,-1099.672643962328,18.474592774013658,-17.72012174033172,-31.618
P020,7.7,-1098.00238590233,16.702580599980486,-17.72012174033172,-32.614
P020,7.8,-1096.5093290597351,14.930568425947312,-17.720121740331738,-33.205
P020,7.9,-1095.1934734345436,13.158556251914138,-17.720121740331738,-32.458
P020,8.0,-1094.0548190267555,11.386544077880965,-17.720121740331738,-31.547
P020,8.1,-1093.0933658363706,9.61453190384779,-17.720121740331738,-25.105
P020,8.2,-1092.309113863389,7.842519729814618,-17.720121740331727,-23.517
P020,8.3,-1091.7020631078108,6.070507555781445,-17.720121740331727,-23.186
P020,8.4,-1091.272213569636,4.298495381748272,-17.720121740331727,-14.341
P021,0.0,-1409.828,47.099066666666666,-0.442,-0.442
P021,0.1,-1405.1225133333332,47.05486666666667,-0.44199999999996464,-0.414
P021,0.2,-1400.4214466666665,47.01066666666667,-0.44199999999996464,-0.38
P021,0.3,-1395.7247999999997,46.966466666666676,-0.44199999999996464,-0.353
P021,0.4,-1391.0325733333332,46.92226666666668,-0.44199999999996464,-0.331
P021,0.5,-1386.3447666666666,46.87806666666668,-0.44199999999996464,-0.313
P021,0.6,-1381.66138,46.83386666666669,-0.44199999999996464,-0.303
P021,0.7,-1376.9824133333334,46.78966666666669,-0.44199999999996464,-0.327
P021,0.8,-1372.3078666666668,46.745466666666694,-0.44199999999996464,-0.385
P021,0.9,-1367.6377400000001,46.7012666666667,-0.44199999999996464,-0.5
P021,1.0,-1362.9720333333335,46.6570666666667,-0.44199999999996464,-0.631
P021,1.1,-1358.3107466666668,46.612866666666704,-0.44199999999996464,-0.82
P021,1.2,-1353.65388,46.56866666666671,-0.44199999999996464,-1.051
P021,1.3,-1349.0014333333334,46.52446666666671,-0.44199999999996464,-1.269
P021,1.4,-1344.3534066666666,46.480266666666715,-0.44199999999996464,-1.359
P021,1.5,-1339.7097999999999,46.43606666666672,-0.44199999999996464,-1.381
P021,1.6,-1335.070613333333,46.39186666666672,-0.44199999999996464,-1.378
P021,1.7,-1330.4358466666665,46.347666666666726,-0.44199999999996464,-1.351
P021,1.8,-1325.8055,46.30346666666673,-0.44199999999996464,-1.311
P021,1.9,-1321.1795733333333,46.25926666666673,-0.44199999999996464,-1.269
P021,2.0,-1316.5580666666667,46.215066666666736,-0.44199999999996464,-1.228
P021,2.1,-1311.94098,46.17086666666674,-0.44199999999996464,-1.192
P021,2.2,-1307.3283133333334,46.12666666666674,-0.44199999999996464,-1.163
P021,2.3,-1302.7200666666668,46.08246666666675,-0.44199999999996464,-1.141
P021,2.4,-1298.11624,46.03826666666675,-0.44199999999996464,-1.162
P021,2.5,-1293.5168333333334,45.994066666666754,-0.44199999999996464,-1.241
P021,2.6,-1288.9218466666666,45.94986666666676,-0.44199999999996464,-1.319
P021,2.7,-1284.3312799999999,45.90566666666676,-0.44199999999996464,-1.35
P021,2.8,-1279.7451333333331,45.861466666666765,-0.44199999999996464,-1.357
P021,2.9,-1275.1634066666663,45.81726666666677,-0.44199999999996464,-1.357
P021,3.0,-1270.5860999999998,45.77306666666677,-0.44199999999996464,-1.355
P021,3.1,-1266.0132133333332,45.728866666666775,-0.44199999999996464,-1.352
P021,3.2,-1261.4447466666666,45.68466666666678,-0.44199999999996464,-1.35
P021,3.3,-1256.8807,45.64046666666678,-0.44199999999996464,-1.348
P021,3.4,-1252.3210733333333,45.596266666666786,-0.44199999999996464,-1.346
P021,3.5,-1247.7658666666666,45.55206666666679,-0.44199999999996464,-1.344
P021,3.6,-1243.21508,45.50786666666679,-0.44199999999996464,-1.342
P021,3.7,-1238.6687133333332,45.463666666666796,-0.44199999999996464,-1.341
P021,3.8,-1234.1267666666665,45.4194666666668,-0.44199999999996464,-1.775
P021,3.9,-1229.5892399999998,45.3752666666668,-0.44199999999996464,-3.171
P021,4.0,-1225.1061333333332,44.83106666666681,-5.441999999999965,-4.715
P021,4.1,-1220.724259768867,43.818735644662475,-10.123310220043322,-6.105
P021,4.2,-1216.443619306601,42.80640462265814,-10.123310220043322,-7.106
P021,4.3,-1212.2642119465356,41.79407360065381,-10.123310220043322,-7.651
P021,4.4,-1208.1860376886707,40.78174257864948,-10.123310220043322,-8.017
P021,4.5,-1204.2090965330062,39.769411556645146,-10.123310220043322,-8.444
P021,4.6,-1200.3333884795422,38.757080534640814,-10.123310220043322,-8.847
P021,4.7,-1196.5589135282785,37.74474951263648,-10.123310220043322,-9.166
P021,4.8,-1192.8856716792152,36.73241849063215,-10.123310220043322,-9.4
P021,4.9,-1189.3136629323524,35.72008746862782,-10.123310220043322,-9.61
P021,5.0,-1185.84288728769,34.707756446623485,-10.123310220043322,-10.008
P021,5.1,-1182.4733447452281,33.69542542461915,-10.123310220043322,-10.3
P021,5.2,-1179.2050353049667,32.68309440261482,-10.123310220043322,-10.503
P021,5.3,-1176.0379589669058,31.670763380610488,-10.123310220043322,-10.711
P021,5.4,-1172.972115731045,30.658432358606156,-10.123310220043322,-10.895
P021,5.5,-1170.0075055973848,29.646101336601824,-10.123310220043322,-10.863
P021,5.6,-1167.144128565925,28.63377031459749,-10.123310220043322,-10.797
P021,5.7,-1164.3819846366657,27.62143929259316,-10.123310220043322,-10.814
P021,5.8,-1161.7210738096069,26.609108270588827,-10.123310220043322,-10.853
P021,5.9,-1159.1613960847485,25.596777248584495,-10.123310220043322,-10.836
P021,6.0,-1156.7029514620906,24.584446226580162,-10.123310220043322,-10.794
P021,6.1,-1154.345739941633,23.57211520457583,-10.123310220043322,-10.7
P021,6.2,-1152.0897615233757,22.559784182571498,-10.123310220043322,-10.561
P021,6.3,-1149.935016207319,21.547453160567166,-10.123310220043322,-10.312
P021,6.4,-1147.8815039934627,20.535122138562834,-10.123310220043322,-9.954
P021,6.5,-1145.929224881807,19.5227911165585,-10.123310220043322,-9.558
P021,6.6,-1144.0781788723516,18.51046009455417,-10.123310220043322,-9.07
P021,6.7,-1142.3283659650965,17.498129072549837,-10.123310220043322,-8.654
P021,6.8,-1140.6797861600419,16.485798050545505,-10.123310220043322,-8.276
P021,6.9,-1139.1324394571877,15.473467028541172,-10.123310220043322,-7.841
P021,7.0,-1137.686325856534,14.46113600653684,-10.123310220043322,-7.466
P021,7.1,-1136.3414453580808,13.448804984532508,-10.123310220043322,-6.926
P021,7.2,-1135.097797961828,12.436473962528176,-10.123310220043322,-6.244
P021,7.3,-1133.9553836677758,11.424142940523843,-10.123310220043322,-5.609
P021,7.4,-1132.9142024759237,10.411811918519511,-10.123310220043322,-4.869
P021,7.5,-1131.9742543862722,9.399480896515179,-10.123310220043322,-4.14
P021,7.6,-1131.135539398821,8.387149874510847,-10.123310220043322,-3.398
P021,7.7,-1130.3980575135704,7.3748188525065155,-10.123310220043313,-2.073
P021,7.8,-1129.7618087305202,6.362487830502184,-10.123310220043313,-1.226
P021,7.9,-1129.2267930496705,5.350156808497853,-10.123310220043313,-0.98
P021,8.0,-1128.7930104710213,4.3378257864935215,-10.123310220043313,-0.907
P021,8.1,-1128.4604609945723,3.32549476448919,-10.123310220043313,-0.887
P021,8.2,-1128.2291446203237,2.313163742484859,-10.123310220043313,-0.883
P021,8.3,-1128.0990613482757,1.3008327204805274,-10.123310220043313,-0.881
P021,8.4,-1128.070211178428,0.2885016984761961,-10.123310220043313,-0.877
P021,8.5,-1128.070211178428,0.0,-2.885016984761961,-0.871
P021,8.6,-1128.070211178428,0.0,0.0,-0.865
P021,8.7,-1128.070211178428,0.0,0.0,-0.86
P021,8.8,-1128.070211178428,0.0,0.0,-0.856
P021,8.9,-1128.070211178428,0.0,0.0,-0.853
P021,9.0,-1128.070211178428,0.0,0.0,-0.85
P021,9.1,-1128.070211178428,0.0,0.0,-0.846
P021,9.2,-1128.070211178428,0.0,0.0,-0.842
P021,9.3,-1128.070211178428,0.0,0.0,-0.838
P021,9.4,-1128.070211178428,0.0,0.0,-0.834
P021,9.5,-1128.070211178428,0.0,0.0,-0.83
P021,9.6,-1128.070211178428,0.0,0.0,-0.827
P021,9.7,-1128.070211178428,0.0,0.0,-0.823
P021,9.8,-1128.070211178428,0.0,0.0,-0.819
P021,9.9,-1128.070211178428,0.0,0.0,-0.815
P021,10.0,-1128.070211178428,0.0,0.0,-0.812
P021,10.1,-1128.070211178428,0.0,0.0,-0.808
P021,10.2,-1128.070211178428,0.0,0.0,-0.804
P021,10.3,-1128.070211178428,0.0,0.0,-0.8
P021,10.4,-1128.070211178428,0.0,0.0,-0.796
P021,10.5,-1128.070211178428,0.0,0.0,-0.801
P021,10.6,-1128.070211178428,0.0,0.0,-1.343
P021,10.7,-1128.070211178428,0.0,0.0,-2.681
P021,10.8,-1128.070211178428,0.0,0.0,-4.086
P021,10.9,-1128.070211178428,0.0,0.0,-5.394
P021,11.0,-1128.070211178428,0.0,0.0,-6.32
P021,11.1,-1128.070211178428,0.0,0.0,-6.813
P021,11.2,-1128.070211178428,0.0,0.0,-7.356
P021,11.3,-1128.070211178428,0.0,0.0,-8.039
P021,11.4,-1128.070211178428,0.0,0.0,-8.665
P021,11.5,-1128.070211178428,0.0,0.0,-9.079
P021,11.6,-1128.070211178428,0.0,0.0,-9.183
P021,11.7,-1128.070211178428,0.0,0.0,-9.032
P021,11.8,-1128.070211178428,0.0,0.0,-4.425
P022,0.0,-1411.081,44.46786666666666,-1.358,-1.358
P022,0.1,-1406.6477933333333,44.332066666666655,-1.3580000000000325,-1.356
P022,0.2,-1402.2281666666665,44.19626666666665,-1.3580000000000325,-1.354
P022,0.3,-1397.8221199999998,44.06046666666665,-1.3580000000000325,-1.352
P022,0.4,-1393.4296533333331,43.924666666666646,-1.3580000000000325,-1.35
P022,0.5,-1389.0507666666665,43.78886666666664,-1.3580000000000325,-1.347
P022,0.6,-1384.68546,43.65306666666664,-1.3580000000000325,-1.345
P022,0.7,-1380.3337333333332,43.517266666666636,-1.3580000000000325,-1.343
P022,0.8,-1375.9955866666664,43.38146666666663,-1.3580000000000325,-1.341
P022,0.9,-1371.6710199999998,43.24566666666663,-1.3580000000000325,-1.339
P022,1.0,-1367.3600333333331,43.109866666666626,-1.3580000000000325,-1.336
P022,1.1,-1363.0626266666666,42.97406666666662,-1.3580000000000325,-1.334
P022,1.2,-1358.7787999999998,42.83826666666662,-1.3580000000000325,-1.332
P022,1.3,-1354.508553333333,42.702466666666616,-1.3580000000000325,-1.33
P022,1.4,-1350.2518866666665,42.56666666666661,-1.3580000000000325,-1.328
P022,1.5,-1346.0087999999998,42.43086666666661,-1.3580000000000325,-1.326
P022,1.6,-1341.7792933333333,42.29506666666661,-1.3580000000000325,-1.324
P022,1.7,-1337.5633666666665,42.1592666666666,-1.3580000000000325,-1.322
P022,1.8,-1333.3610199999998,42.0234666666666,-1.3580000000000325,-1.319
P022,1.9,-1329.1722533333332,41.8876666666666,-1.3580000000000325,-1.317
P022,2.0,-1324.9970666666666,41.751866666666594,-1.3580000000000325,-1.316
P022,2.1,-1320.83546,41.61606666666659,-1.3580000000000325,-1.313
P022,2.2,-1316.6874333333333,41.48026666666659,-1.3580000000000325,-1.311
P022,2.3,-1312.5529866666666,41.344466666666584,-1.3580000000000325,-1.309
P022,2.4,-1308.43212,41.20866666666658,-1.3580000000000325,-1.307
P022,2.5,-1304.3248333333333,41.07286666666658,-1.3580000000000325,-1.305
P022,2.6,-1300.2311266666668,40.937066666666574,-1.3580000000000325,-1.303
P022,2.7,-1296.151,40.80126666666657,-1.3580000000000325,-1.301
P022,2.8,-1292.0844533333334,40.66546666666657,-1.3580000000000325,-1.299
P022,2.9,-1288.0314866666668,40.529666666666564,-1.3580000000000325,-1.297
P022,3.0,-1283.9921000000002,40.39386666666656,-1.3580000000000325,-1.295
P022,3.1,-1279.9662933333334,40.25806666666656,-1.3580000000000325,-1.293
P022,3.2,-1275.9540666666667,40.122266666666555,-1.3580000000000325,-1.291
P022,3.3,-1271.95542,39.98646666666655,-1.3580000000000325,-1.289
P022,3.4,-1267.9703533333334,39.85066666666655,-1.3580000000000325,-1.287
P022,3.5,-1263.9988666666668,39.714866666666545,-1.3580000000000325,-1.285
P022,3.6,-1260.04096,39.57906666666654,-1.3580000000000325,-1.283
P022,3.7,-1256.0966333333333,39.44326666666654,-1.3580000000000325,-1.281
P022,3.8,-1252.1658866666667,39.307466666666535,-1.3580000000000325,-1.279
P022,3.9,-1248.24872,39.17166666666653,-1.3580000000000325,-1.277
P022,4.0,-1244.3451333333335,39.03586666666653,-1.3580000000000325,-1.275
P022,4.1,-1240.4551266666667,38.900066666666525,-1.3580000000000325,-1.273
P022,4.2,-1236.5787,38.76426666666652,-1.3580000000000325,-1.271
P022,4.3,-1232.7158533333334,38.62846666666652,-1.3580000000000325,-1.269
P022,4.4,-1228.8665866666668,38.492666666666516,-1.3580000000000325,-1.267
P022,4.5,-1225.0309000000002,38.35686666666651,-1.3580000000000325,-1.266
P022,4.6,-1221.2087933333335,38.22106666666651,-1.3580000000000325,-1.264
P022,4.7,-1217.4002666666668,38.085266666666506,-1.3580000000000325,-1.262
P022,4.8,-1213.6053200000001,37.9494666666665,-1.3580000000000325,-1.26
P022,4.9,-1209.8239533333335,37.8136666666665,-1.3580000000000325,-1.258
P022,5.0,-1206.056166666667,37.677866666666496,-1.3580000000000325,-1.256
P022,5.1,-1202.3019600000002,37.54206666666649,-1.3580000000000325,-1.254
P022,5.2,-1198.5613333333336,37.40626666666649,-1.3580000000000325,-1.252
P022,5.3,-1194.834286666667,37.270466666666486,-1.3580000000000325,-1.25
P022,5.4,-1191.1208200000003,37.13466666666648,-1.3580000000000325,-1.249
P022,5.5,-1187.4209333333338,36.99886666666648,-1.3580000000000325,-1.247
P022,5.6,-1183.734626666667,36.86306666666648,-1.3580000000000325,-1.245
P022,5.7,-1180.0619000000004,36.72726666666647,-1.3580000000000325,-1.243
P022,5.8,-1176.4027533333337,36.59146666666647,-1.3580000000000325,-1.241
P022,5.9,-1172.7571866666672,36.45566666666647,-1.3580000000000325,-1.239
P022,6.0,-1169.1252000000006,36.319866666666464,-1.3580000000000325,-1.232
P022,6.1,-1165.506793333334,36.18406666666646,-1.3580000000000325,-1.22
P022,6.2,-1161.9019666666672,36.04826666666646,-1.3580000000000325,-1.205
P022,6.3,-1158.3107200000006,35.912466666666454,-1.3580000000000325,-1.185
P022,6.4,-1154.733053333334,35.77666666666645,-1.3580000000000325,-1.162
P022,6.5,-1151.1689666666673,35.64086666666645,-1.3580000000000325,-1.133
P022,6.6,-1147.6184600000006,35.505066666666444,-1.3580000000000325,-1.312
P022,6.7,-1144.081533333334,35.36926666666644,-1.3580000000000325,-1.376
P022,6.8,-1140.5581866666673,35.23346666666644,-1.3580000000000325,-1.405
P022,6.9,-1137.0484200000008,35.097666666666434,-1.3580000000000325,-1.434
P022,7.0,-1133.5960005427858,34.52419457215061,-5.734720945158216,-1.487
P022,7.1,-1130.2421331295,33.53867413285743,-9.855204392931824,-1.426
P022,7.2,-1126.9868177601436,32.55315369356425,-9.855204392931824,-1.356
P022,7.3,-1123.8300544347164,31.567633254271065,-9.855204392931824,-1.325
P022,7.4,-1120.7718431532187,30.582112814977883,-9.855204392931824,-1.312
P022,7.5,-1117.8121839156502,29.5965923756847,-9.855204392931824,-1.308
P022,7.6,-1114.951076722011,28.611071936391518,-9.855204392931824,-1.305
P022,7.7,-1112.1885215723012,27.625551497098336,-9.855204392931824,-1.303
P022,7.8,-1109.5245184665207,26.640031057805153,-9.855204392931824,-1.3
P022,7.9,-1106.9590674046694,25.65451061851197,-9.855204392931824,-1.297
P022,8.0,-1104.4921683867476,24.66899017921879,-9.855204392931824,-1.295
P022,8.1,-1102.123821412755,23.683469739925606,-9.855204392931824,-2.414
P022,8.2,-1099.8540264826918,22.697949300632423,-9.855204392931824,-5.076
P022,8.3,-1097.6827835965578,21.71242886133924,-9.855204392931824,-7.391
P022,8.4,-1095.6100927543532,20.72690842204606,-9.855204392931824,-10.162
P022,8.5,-1093.6359539560779,19.741387982752876,-9.855204392931824,-12.627
P022,8.6,-1091.8103672017319,18.255867543459694,-14.855204392931824,-14.748
P022,8.7,-1090.172754693696,16.37612508035874,-18.797424631009534,-17.106
P022,8.8,-1088.7231164319703,14.496382617257787,-18.797424631009534,-20.91
P022,8.9,-1087.4614524165547,12.616640154156833,-18.797424631009534,-24.253
P022,9.0,-1086.387762647449,10.73689769105588,-18.797424631009534,-26.042
P022,9.1,-1085.5020471246537,8.857155227954927,-18.797424631009534,-26.713
P022,9.2,-1084.8043058481683,6.977412764853973,-18.797424631009534,-26.881
P022,9.3,-1084.294538817993,5.09767030175302,-18.797424631009534,-26.956
P022,9.4,-1083.9727460341278,3.217927838652066,-18.797424631009537,-26.968
P022,9.5,-1083.8389274965728,1.3381853755511122,-18.797424631009537,-26.932
P022,9.6,-1083.8389274965728,0.0,-13.381853755511122,-26.952
P022,9.7,-1083.8389274965728,0.0,0.0,-27.004
P022,9.8,-1083.8389274965728,0.0,0.0,-17.186
P023,0.0,-1413.106,47.654933333333325,0.0,0.851
P023,0.1,-1408.3405066666667,47.654933333333325,0.0,0.864
P023,0.2,-1403.5750133333333,47.654933333333325,0.0,0.896
P023,0.3,-1398.80952,47.654933333333325,0.0,0.91
P023,0.4,-1394.0440266666667,47.654933333333325,0.0,0.903
P023,0.5,-1389.2785333333334,47.654933333333325,0.0,0.889
P023,0.6,-1384.51304,47.654933333333325,0.0,0.871
P023,0.7,-1379.7475466666667,47.654933333333325,0.0,0.855
P023,0.8,-1374.9820533333334,47.654933333333325,0.0,0.824
P023,0.9,-1370.21656,47.654933333333325,0.0,0.789
P023,1.0,-1365.4510666666667,47.654933333333325,0.0,0.753
P023,1.1,-1360.6855733333334,47.654933333333325,0.0,0.725
P023,1.2,-1355.92008,47.654933333333325,0.0,0.703
P023,1.3,-1351.1545866666668,47.654933333333325,0.0,0.684
P023,1.4,-1346.3890933333334,47.654933333333325,0.0,0.671
P023,1.5,-1341.6236000000001,47.654933333333325,0.0,0.662
P023,1.6,-1336.8581066666668,47.654933333333325,0.0,0.652
P023,1.7,-1332.0926133333335,47.654933333333325,0.0,0.639
P023,1.8,-1327.3271200000001,47.654933333333325,0.0,0.626
P023,1.9,-1322.5616266666668,47.654933333333325,0.0,0.62
P023,2.0,-1317.7961333333335,47.654933333333325,0.0,0.679
P023,2.1,-1313.0306400000002,47.654933333333325,0.0,0.771
P023,2.2,-1308.2651466666669,47.654933333333325,0.0,0.834
P023,2.3,-1303.4996533333335,47.654933333333325,0.0,0.869
P023,2.4,-1298.7341600000002,47.654933333333325,0.0,0.895
P023,2.5,-1293.9686666666669,47.654933333333325,0.0,0.913
P023,2.6,-1289.2031733333336,47.654933333333325,0.0,0.92
P023,2.7,-1284.4376800000002,47.654933333333325,0.0,0.919
P023,2.8,-1279.672186666667,47.654933333333325,0.0,0.911
P023,2.9,-1274.9066933333336,47.654933333333325,0.0,0.89
P023,3.0,-1270.1412000000003,47.654933333333325,0.0,0.879
P023,3.1,-1265.375706666667,47.654933333333325,0.0,0.876
P023,3.2,-1260.6102133333336,47.654933333333325,0.0,0.881
P023,3.3,-1255.8447200000003,47.654933333333325,0.0,0.884
P023,3.4,-1251.079226666667,47.654933333333325,0.0,0.884
P023,3.5,-1246.3137333333336,47.654933333333325,0.0,0.881
P023,3.6,-1241.5482400000003,47.654933333333325,0.0,0.876
P023,3.7,-1236.782746666667,47.654933333333325,0.0,0.864
P023,3.8,-1232.0172533333337,47.654933333333325,0.0,0.856
P023,3.9,-1227.2517600000003,47.654933333333325,0.0,0.851
P023,4.0,-1222.486266666667,47.654933333333325,0.0,0.848
P023,4.1,-1217.7207733333337,47.654933333333325,0.0,0.839
P023,4.2,-1212.9552800000004,47.654933333333325,0.0,0.834
P023,4.3,-1208.189786666667,47.654933333333325,0.0,0.832
P023,4.4,-1203.4242933333337,47.654933333333325,0.0,0.831
P023,4.5,-1198.6588000000004,47.654933333333325,0.0,0.831
P023,4.6,-1193.893306666667,47.654933333333325,0.0,0.829
P023,4.7,-1189.1278133333337,47.654933333333325,0.0,0.821
P023,4.8,-1184.4282755778133,46.99537755520499,-6.595557781283361,0.81
P023,4.9,-1179.8276740082733,46.006015695400805,-9.89361859804184,0.811
P023,5.0,-1175.3260086247137,45.01665383559662,-9.89361859804184,0.823
P023,5.1,-1170.9232794271345,44.02729197579244,-9.89361859804184,0.824
P023,5.2,-1166.6194864155357,43.03793011598825,-9.89361859804184,0.82
P023,5.3,-1162.4146295899172,42.04856825618407,-9.89361859804184,0.819
P023,5.4,-1158.3087089502792,41.059206396379885,-9.89361859804184,0.825
P023,5.5,-1154.3017244966215,40.0698445365757,-9.89361859804184,0.829
P023,5.6,-1150.3936762289443,39.08048267677152,-9.89361859804184,0.823
P023,5.7,-1146.5845641472476,38.09112081696733,-9.89361859804184,0.812
P023,5.8,-1142.8743882515314,37.10175895716315,-9.89361859804184,0.799
P023,5.9,-1139.2631485417955,36.112397097358965,-9.89361859804184,0.788
P023,6.0,-1135.75084501804,35.12303523755478,-9.89361859804184,0.782
P023,6.1,-1132.337477680265,34.1336733777506,-9.89361859804184,0.782
P023,6.2,-1129.0230465284703,33.14431151794641,-9.89361859804184,0.761
P023,6.3,-1125.807551562656,32.15494965814223,-9.89361859804184,0.14
P023,6.4,-1122.6909927828221,31.165587798338045,-9.89361859804184,-0.628
P023,6.5,-1119.6733701889689,30.17622593853386,-9.89361859804184,-1.048
P023,6.6,-1116.754683781096,29.186864078729677,-9.89361859804184,-1.362
P023,6.7,-1113.9349335592035,28.197502218925493,-9.89361859804184,-1.588
P023,6.8,-1111.2141195232914,27.20814035912131,-9.89361859804184,-5.241
P023,6.9,-1108.5922416733597,26.218778499317125,-9.89361859804184,-13.043
P023,7.0,-1106.0693000094084,25.22941663951294,-9.89361859804184,-19.059
P023,7.1,-1103.6952945314374,23.740054779708757,-14.89361859804184,-24.357
P023,7.2,-1101.498905608886,21.963889225515278,-17.761655541934793,-27.318
P023,7.3,-1099.4801332417537,20.1877236713218,-17.761655541934793,-28.984
P023,7.4,-1097.638977430041,18.41155811712832,-17.761655541934793,-30.389
P023,7.5,-1095.9754381737475,16.63539256293484,-17.761655541934793,-31.667
P023,7.6,-1094.4895154728733,14.85922700874136,-17.761655541934793,-32.902
P023,7.7,-1093.1812093274186,13.083061454547881,-17.761655541934793,-33.619
P023,7.8,-1092.0505197373832,11.306895900354402,-17.761655541934793,-33.313
P023,7.9,-1091.097446702767,9.530730346160922,-17.761655541934793,-32.161
P023,8.0,-1090.3219902235703,7.754564791967444,-17.761655541934783,-32.016
P023,8.1,-1089.7241502997929,5.978399237773965,-17.761655541934783,-32.205
P023,8.2,-1089.303926931435,4.202233683580487,-17.761655541934783,-32.149
P023,8.3,-1089.0613201184963,2.4260681293870086,-17.761655541934783,-32.011
P023,8.4,-1088.9963298609769,0.6499025751935301,-17.761655541934783,-25.391
P023,8.5,-1088.9963298609769,0.0,-6.499025751935301,-23.713
P023,8.6,-1088.9963298609769,0.0,0.0,-23.428
P023,8.7,-1088.9963298609769,0.0,0.0,-22.292
P024,0.0,-1413.93,45.78053333333333,-0.634,-0.634
P024,0.1,-1409.3582866666668,45.71713333333333,-0.6340000000000146,-0.646
P024,0.2,-1404.7929133333334,45.65373333333333,-0.6340000000000146,-0.658
P024,0.3,-1400.23388,45.59033333333333,-0.6340000000000146,-0.671
P024,0.4,-1395.6811866666667,45.526933333333325,-0.6340000000000146,-0.682
P024,0.5,-1391.1348333333333,45.463533333333324,-0.6340000000000146,-0.691
P024,0.6,-1386.59482,45.40013333333332,-0.6340000000000146,-0.698
P024,0.7,-1382.0611466666667,45.33673333333332,-0.6340000000000146,-0.694
P024,0.8,-1377.5338133333332,45.27333333333332,-0.6340000000000146,-0.678
P024,0.9,-1373.01282,45.20993333333332,-0.6340000000000146,-0.666
P024,1.0,-1368.4981666666665,45.146533333333316,-0.6340000000000146,-0.667
P024,1.1,-1363.9898533333333,45.083133333333315,-0.6340000000000146,-0.672
P024,1.2,-1359.48788,45.01973333333331,-0.6340000000000146,-0.676
P024,1.3,-1354.9922466666665,44.95633333333331,-0.6340000000000146,-0.68
P024,1.4,-1350.5029533333332,44.89293333333331,-0.6340000000000146,-0.683
P024,1.5,-1346.0199999999998,44.82953333333331,-0.6340000000000146,-0.686
P024,1.6,-1341.5433866666665,44.76613333333331,-0.6340000000000146,-0.688
P024,1.7,-1337.0731133333331,44.702733333333306,-0.6340000000000146,-0.691
P024,1.8,-1332.6091799999997,44.639333333333305,-0.6340000000000146,-0.692
P024,1.9,-1328.1515866666664,44.5759333333333,-0.6340000000000146,-0.692
P024,2.0,-1323.700333333333,44.5125333333333,-0.6340000000000146,-0.692
P024,2.1,-1319.2554199999997,44.4491333333333,-0.6340000000000146,-0.692
P024,2.2,-1314.8168466666664,44.3857333333333,-0.6340000000000146,-0.691
P024,2.3,-1310.384613333333,44.3223333333333,-0.6340000000000146,-0.692
P024,2.4,-1305.9587199999996,44.258933333333296,-0.6340000000000146,-0.695
P024,2.5,-1301.5391666666662,44.195533333333294,-0.6340000000000146,-0.7
P024,2.6,-1297.125953333333,44.13213333333329,-0.6340000000000146,-0.705
P024,2.7,-1292.7190799999996,44.06873333333329,-0.6340000000000146,-0.709
P024,2.8,-1288.3185466666662,44.00533333333329,-0.6340000000000146,-0.713
P024,2.9,-1283.9243533333329,43.94193333333329,-0.6340000000000146,-0.718
P024,3.0,-1279.5364999999995,43.87853333333329,-0.6340000000000146,-0.721
P024,3.1,-1275.1549866666662,43.815133333333286,-0.6340000000000146,-0.728
P024,3.2,-1270.7798133333329,43.751733333333284,-0.6340000000000146,-0.733
P024,3.3,-1266.4109799999994,43.68833333333328,-0.6340000000000146,-0.736
P024,3.4,-1262.0484866666661,43.62493333333328,-0.6340000000000146,-0.737
P024,3.5,-1257.6923333333327,43.56153333333328,-0.6340000000000146,-0.739
P024,3.6,-1253.3425199999995,43.49813333333328,-0.6340000000000146,-0.743
P024,3.7,-1248.9990466666661,43.43473333333328,-0.6340000000000146,-0.747
P024,3.8,-1244.6619133333327,43.371333333333276,-0.6340000000000146,-0.751
P024,3.9,-1240.3311199999994,43.307933333333274,-0.6340000000000146,-0.755
P024,4.0,-1236.006666666666,43.24453333333327,-0.6340000000000146,-0.759
P024,4.1,-1231.6885533333327,43.18113333333327,-0.6340000000000146,-0.763
P024,4.2,-1227.3767799999994,43.11773333333327,-0.6340000000000146,-0.766
P024,4.3,-1223.071346666666,43.05433333333327,-0.6340000000000146,-0.768
P024,4.4,-1218.7722533333326,42.99093333333327,-0.6340000000000146,-0.772
P024,4.5,-1214.4794999999992,42.927533333333265,-0.6340000000000146,-0.775
P024,4.6,-1210.193086666666,42.864133333333264,-0.6340000000000146,-0.777
P024,4.7,-1205.9130133333326,42.80073333333326,-0.6340000000000146,-0.895
P024,4.8,-1201.6392799999992,42.73733333333326,-0.6340000000000146,-2.041
P024,4.9,-1197.371886666666,42.67393333333326,-0.6340000000000146,-3.574
P024,5.0,-1193.1108333333325,42.61053333333326,-0.6340000000000146,-5.108
P024,5.1,-1188.8561199999992,42.54713333333326,-0.6340000000000146,-6.484
P024,5.2,-1184.607746666666,42.483733333333255,-0.6340000000000146,-7.66
P024,5.3,-1180.3657133333325,42.420333333333254,-0.6340000000000146,-9.062
P024,5.4,-1176.180019999999,41.85693333333325,-5.6340000000000146,-10.313
P024,5.5,-1172.1006666666658,40.79353333333325,-10.634000000000015,-11.341
P024,5.6,-1168.1522270602343,39.48439606431547,-13.09137269017782,-12.201
P024,5.7,-1164.3347011807045,38.17525879529769,-13.09137269017782,-12.903
P024,5.8,-1160.6480890280766,36.866121526279905,-13.09137269017782,-13.461
P024,5.9,-1157.0923906023504,35.55698425726212,-13.09137269017782,-13.961
P024,6.0,-1153.667605903526,34.24784698824434,-13.09137269017782,-14.65
P024,6.1,-1150.3737349316034,32.93870971922656,-13.09137269017782,-15.419
P024,6.2,-1147.2107776865826,31.629572450208777,-13.09137269017782,-16.205
P024,6.3,-1144.1787341684635,30.320435181190994,-13.09137269017782,-16.905
P024,6.4,-1141.2776043772462,29.011297912173212,-13.09137269017782,-17.491
P024,6.5,-1138.5073883129307,27.70216064315543,-13.09137269017782,-18.02
P024,6.6,-1135.868085975517,26.39302337413765,-13.09137269017782,-18.506
P024,6.7,-1133.359697365005,25.083886105119866,-13.09137269017782,-18.806
P024,6.8,-1130.982222481395,23.774748836102084,-13.09137269017782,-19.002
P024,6.9,-1128.7356613246866,22.465611567084302,-13.09137269017782,-19.13
P024,7.0,-1126.62001389488,21.15647429806652,-13.09137269017782,-19.242
P024,7.1,-1124.6352801919752,19.847337029048738,-13.09137269017782,-19.344
P024,7.2,-1122.7814602159722,18.538199760030956,-13.09137269017782,-19.299
P024,7.3,-1121.058553966871,17.229062491013174,-13.09137269017782,-19.158
P024,7.4,-1119.4665614446715,15.91992522199539,-13.091372690177838,-19.022
P024,7.5,-1118.0054826493738,14.610787952977606,-13.091372690177838,-18.983
P024,7.6,-1116.675317580978,13.301650683959823,-13.091372690177838,-18.75
P024,7.7,-1115.4760662394838,11.992513414942039,-13.091372690177838,-12.709
P025,0.0,-1410.412,44.71426666666666,0.0,0.096
P025,0.1,-1405.9405733333333,44.71426666666666,0.0,0.084
P025,0.2,-1401.4691466666666,44.71426666666666,0.0,0.078
P025,0.3,-1396.9977199999998,44.71426666666666,0.0,0.081
P025,0.4,-1392.5262933333331,44.71426666666666,0.0,0.088
P025,0.5,-1388.0548666666664,44.71426666666666,0.0,0.1
P025,0.6,-1383.5834399999997,44.71426666666666,0.0,0.123
P025,0.7,-1379.112013333333,44.71426666666666,0.0,0.164
P025,0.8,-1374.6405866666662,44.71426666666666,0.0,0.213
P025,0.9,-1370.1691599999995,44.71426666666666,0.0,0.258
P025,1.0,-1365.6977333333327,44.71426666666666,0.0,0.29
P025,1.1,-1361.226306666666,44.71426666666666,0.0,0.311
P025,1.2,-1356.7548799999993,44.71426666666666,0.0,0.325
P025,1.3,-1352.2834533333325,44.71426666666666,0.0,0.335
P025,1.4,-1347.8120266666658,44.71426666666666,0.0,0.341
P025,1.5,-1343.340599999999,44.71426666666666,0.0,0.345
P025,1.6,-1338.8691733333324,44.71426666666666,0.0,0.335
P025,1.7,-1334.3977466666656,44.71426666666666,0.0,0.32
P025,1.8,-1329.926319999999,44.71426666666666,0.0,0.302
P025,1.9,-1325.4548933333322,44.71426666666666,0.0,0.283
P025,2.0,-1320.9834666666654,44.71426666666666,0.0,0.264
P025,2.1,-1316.5120399999987,44.71426666666666,0.0,0.25
P025,2.2,-1312.040613333332,44.71426666666666,0.0,0.243
P025,2.3,-1307.5691866666652,44.71426666666666,0.0,0.239
P025,2.4,-1303.0977599999985,44.71426666666666,0.0,0.236
P025,2.5,-1298.6263333333318,44.71426666666666,0.0,0.245
P025,2.6,-1294.154906666665,44.71426666666666,0.0,0.262
P025,2.7,-1289.6834799999983,44.71426666666666,0.0,0.278
P025,2.8,-1285.2120533333316,44.71426666666666,0.0,0.296
P025,2.9,-1280.7406266666649,44.71426666666666,0.0,0.311
P025,3.0,-1276.2691999999981,44.71426666666666,0.0,0.322
P025,3.1,-1271.7977733333314,44.71426666666666,0.0,0.332
P025,3.2,-1267.3263466666647,44.71426666666666,0.0,0.345
P025,3.3,-1262.854919999998,44.71426666666666,0.0,0.367
P025,3.4,-1258.3834933333312,44.71426666666666,0.0,0.391
P025,3.5,-1253.9120666666645,44.71426666666666,0.0,0.413
P025,3.6,-1249.4406399999978,44.71426666666666,0.0,0.416
P025,3.7,-1244.969213333331,44.71426666666666,0.0,0.395
P025,3.8,-1240.4977866666643,44.71426666666666,0.0,0.305
P025,3.9,-1236.0263599999976,44.71426666666666,0.0,0.121
P025,4.0,-1231.5549333333308,44.71426666666666,0.0,-0.209
P025,4.1,-1227.083506666664,44.71426666666666,0.0,-0.566
P025,4.2,-1222.6120799999974,44.71426666666666,0.0,-0.774
P025,4.3,-1218.1406533333306,44.71426666666666,0.0,-0.886
P025,4.4,-1213.669226666664,44.71426666666666,0.0,-0.963
P025,4.5,-1209.1977999999972,44.71426666666666,0.0,-1.023
P025,4.6,-1204.7263733333305,44.71426666666666,0.0,-1.072
P025,4.7,-1200.2549466666637,44.71426666666666,0.0,-1.117
P025,4.8,-1195.783519999997,44.71426666666666,0.0,-1.151
P025,4.9,-1191.3120933333303,44.71426666666666,0.0,-1.174
P025,5.0,-1186.8406666666635,44.71426666666666,0.0,-1.191
P025,5.1,-1182.3692399999968,44.71426666666666,0.0,-1.202
P025,5.2,-1177.89781333333,44.71426666666666,0.0,-1.21
P025,5.3,-1173.4382560448792,44.59557288450932,-1.1869378215733661,-1.205
P025,5.4,-1169.0775777098077,43.60678335071453,-9.887895337947938,-1.176
P025,5.5,-1164.8157783281156,42.617993816919736,-9.887895337947938,-1.131
P025,5.6,-1160.6528578998032,41.62920428312494,-9.887895337947938,-1.063
P025,5.7,-1156.5888164248702,40.64041474933015,-9.887895337947938,-0.972
P025,5.8,-1152.6236539033166,39.651625215535354,-9.887895337947938,-0.853
P025,5.9,-1148.7573703351425,38.66283568174056,-9.887895337947938,-0.557
P025,6.0,-1144.989965720348,37.67404614794577,-9.887895337947938,-0.128
P025,6.1,-1141.321440058933,36.68525661415097,-9.887895337947938,0.236
P025,6.2,-1137.7517933508973,35.69646708035618,-9.887895337947938,0.592
P025,6.3,-1134.281025596241,34.707677546561385,-9.887895337947938,0.77
P025,6.4,-1130.9091367949645,33.71888801276659,-9.887895337947938,0.086
P025,6.5,-1127.6361269470674,32.7300984789718,-9.887895337947938,-0.632
P025,6.6,-1124.4619960525497,31.741308945177003,-9.887895337947938,-0.966
P025,6.7,-1121.3867441114114,30.75251941138221,-9.887895337947938,-1.219
P025,6.8,-1118.4103711236526,29.763729877587416,-9.887895337947938,-1.32
P025,6.9,-1115.5328770892734,28.774940343792622,-9.887895337947938,-1.336
P025,7.0,-1112.7542620082736,27.786150809997828,-9.887895337947938,-1.335
P025,7.1,-1110.0745258806533,26.797361276203034,-9.887895337947938,-1.332
P025,7.2,-1107.4936687064123,25.80857174240824,-9.887895337947938,-1.333
P025,7.3,-1105.011690485551,24.819782208613447,-9.887895337947938,-1.333
P025,7.4,-1102.6285912180692,23.830992674818653,-9.887895337947938,-1.333
P025,7.5,-1100.3443709039668,22.84220314102386,-9.887895337947938,-1.331
P025,7.6,-1098.1590295432438,21.853413607229065,-9.887895337947938,-1.328
P025,7.7,-1096.0725671359005,20.86462407343427,-9.887895337947938,-1.325
P025,7.8,-1094.0849836819366,19.875834539639477,-9.887895337947938,-1.485
P025,7.9,-1092.196279181352,18.887045005844683,-9.887895337947938,-3.599
P025,8.0,-1090.406453634147,17.89825547204989,-9.887895337947938,-6.613
P025,8.1,-1088.7155070403217,16.909465938255096,-9.887895337947938,-9.585
P025,8.2,-1087.1734393998756,15.420676404460302,-14.887895337947938,-11.382
P025,8.3,-1085.8189463754593,13.544930244163744,-18.757461602965577,-12.637
P025,8.4,-1084.6520279670726,11.669184083867187,-18.757461602965577,-13.77
P025,8.5,-1083.6726841747156,9.793437923570629,-18.757461602965577,-14.881
P025,8.6,-1082.8809149983883,7.917691763274071,-18.757461602965577,-15.716
P025,8.7,-1082.2767204380905,6.041945602977513,-18.757461602965577,-16.458
P025,8.8,-1081.8601004938223,4.166199442680956,-18.757461602965577,-17.343
P025,8.9,-1081.6310551655838,2.2904532823843975,-18.75746160296558,-18.155
P025,9.0,-1081.589584453375,0.41470712208783933,-18.75746160296558,-18.681
P025,9.1,-1081.589584453375,0.0,-4.147071220878393,-18.779
P025,9.2,-1081.589584453375,0.0,0.0,-18.649
P025,9.3,-1081.589584453375,0.0,0.0,-18.546
P025,9.4,-1081.589584453375,0.0,0.0,-18.401
P025,9.5,-1081.589584453375,0.0,0.0,-18.217
P025,9.6,-1081.589584453375,0.0,0.0,-18.001
P025,9.7,-1081.589584453375,0.0,0.0,-17.915
P025,9.8,-1081.589584453375,0.0,0.0,-18.242
P025,9.9,-1081.589584453375,0.0,0.0,-18.329
P025,10.0,-1081.589584453375,0.0,0.0,-18.11
P025,10.1,-1081.589584453375,0.0,0.0,-17.186
P025,10.2,-1081.589584453375,0.0,0.0,-15.746
P025,10.3,-1081.589584453375,0.0,0.0,-14.124
P025,10.4,-1081.589584453375,0.0,0.0,-12.398
P025,10.5,-1081.589584453375,0.0,0.0,-10.624
P025,10.6,-1081.589584453375,0.0,0.0,-8.831
P026,0.0,-1413.554,50.87133333333333,-1.402,-1.402
P026,0.1,-1408.4808866666667,50.73113333333333,-1.402000000000001,-1.4
P026,0.2,-1403.4217933333334,50.59093333333333,-1.402000000000001,-1.397
P026,0.3,-1398.3767200000002,50.45073333333333,-1.402000000000001,-1.395
P026,0.4,-1393.3456666666668,50.31053333333333,-1.402000000000001,-1.393
P026,0.5,-1388.3286333333335,50.17033333333333,-1.402000000000001,-1.391
P026,0.6,-1383.3256200000003,50.03013333333333,-1.402000000000001,-1.389
P026,0.7,-1378.336626666667,49.88993333333333,-1.402000000000001,-1.387
P026,0.8,-1373.3616533333336,49.74973333333333,-1.402000000000001,-1.385
P026,0.9,-1368.4007000000004,49.60953333333333,-1.402000000000001,-1.383
P026,1.0,-1363.453766666667,49.46933333333333,-1.402000000000001,-1.381
P026,1.1,-1358.5208533333337,49.32913333333333,-1.402000000000001,-1.379
P026,1.2,-1353.6019600000004,49.18893333333333,-1.402000000000001,-1.377
P026,1.3,-1348.697086666667,49.04873333333333,-1.402000000000001,-1.375
P026,1.4,-1343.8062333333337,48.90853333333333,-1.402000000000001,-1.373
P026,1.5,-1338.9294000000004,48.76833333333333,-1.402000000000001,-1.371
P026,1.6,-1334.066586666667,48.62813333333333,-1.402000000000001,-1.368
P026,1.7,-1329.2177933333337,48.48793333333333,-1.402000000000001,-1.366
P026,1.8,-1324.3830200000004,48.34773333333333,-1.402000000000001,-1.364
P026,1.9,-1319.562266666667,48.20753333333333,-1.402000000000001,-1.362
P026,2.0,-1314.7555333333337,48.06733333333333,-1.402000000000001,-1.375
P026,2.1,-1309.9628200000004,47.92713333333333,-1.402000000000001,-1.47
P026,2.2,-1305.184126666667,47.78693333333333,-1.402000000000001,-1.454
P026,2.3,-1300.4194533333336,47.64673333333333,-1.402000000000001,-1.438
P026,2.4,-1295.6688000000004,47.50653333333333,-1.402000000000001,-1.451
P026,2.5,-1290.932166666667,47.36633333333333,-1.402000000000001,-1.446
P026,2.6,-1286.2095533333336,47.22613333333333,-1.402000000000001,-1.443
P026,2.7,-1281.5009600000003,47.08593333333333,-1.402000000000001,-1.445
P026,2.8,-1276.8063866666669,46.94573333333333,-1.402000000000001,-1.451
P026,2.9,-1272.1258333333335,46.80553333333333,-1.402000000000001,-1.467
P026,3.0,-1267.4593000000002,46.66533333333333,-1.402000000000001,-1.496
P026,3.1,-1262.8067866666668,46.52513333333333,-1.402000000000001,-1.517
P026,3.2,-1258.1682933333334,46.38493333333333,-1.402000000000001,-1.476
P026,3.3,-1253.54382,46.24473333333333,-1.402000000000001,-1.422
P026,3.4,-1248.9333666666669,46.10453333333333,-1.402000000000001,-1.396
P026,3.5,-1244.3369333333335,45.96433333333333,-1.402000000000001,-1.386
P026,3.6,-1239.7545200000002,45.82413333333333,-1.402000000000001,-1.413
P026,3.7,-1235.186126666667,45.68393333333333,-1.402000000000001,-1.667
P026,3.8,-1230.6317533333336,45.54373333333333,-1.402000000000001,-2.391
P026,3.9,-1226.0914000000002,45.40353333333333,-1.402000000000001,-3.403
P026,4.0,-1221.565066666667,45.26333333333333,-1.402000000000001,-4.365
P026,4.1,-1217.0527533333336,45.12313333333333,-1.402000000000001,-5.324
P026,4.2,-1212.5544600000003,44.98293333333333,-1.402000000000001,-6.16
P026,4.3,-1208.070186666667,44.84273333333333,-1.402000000000001,-6.935
P026,4.4,-1203.5999333333336,44.70253333333333,-1.402000000000001,-7.476
P026,4.5,-1199.1437000000003,44.56233333333333,-1.402000000000001,-7.748
P026,4.6,-1194.701486666667,44.42213333333333,-1.402000000000001,-7.882
P026,4.7,-1190.2732933333336,44.28193333333333,-1.402000000000001,-7.958
P026,4.8,-1185.8591200000003,44.14173333333333,-1.402000000000001,-8.013
P026,4.9,-1181.458966666667,44.00153333333333,-1.402000000000001,-8.063
P026,5.0,-1177.0728333333336,43.86133333333333,-1.402000000000001,-8.11
P026,5.1,-1172.7007200000003,43.72113333333333,-1.402000000000001,-8.156
P026,5.2,-1168.3566065901061,43.441134098940424,-2.799992343929034,-8.202
P026,5.3,-1164.111342349807,42.45264240298998,-9.884916959504437,-8.264
P026,5.4,-1159.964927279103,41.464150707039536,-9.884916959504437,-8.48
P026,5.5,-1155.917361377994,40.47565901108909,-9.884916959504437,-8.371
P026,5.6,-1151.96864464648,39.48716731513865,-9.884916959504437,-8.037
P026,5.7,-1148.118777084561,38.498675619188205,-9.884916959504437,-7.197
P026,5.8,-1144.3677586922372,37.51018392323776,-9.884916959504437,-6.02
P026,5.9,-1140.7155894695084,36.52169222728732,-9.884916959504437,-4.857
P026,6.0,-1137.1622694163748,35.533200531336874,-9.884916959504437,-3.683
P026,6.1,-1133.7077985328363,34.54470883538643,-9.884916959504437,-2.442
P026,6.2,-1130.3521768188928,33.55621713943599,-9.884916959504437,-1.569
P026,6.3,-1127.0954042745443,32.56772544348554,-9.884916959504437,-1.307
P026,6.4,-1123.937480899791,31.5792337475351,-9.884916959504437,-1.232
P026,6.5,-1120.8784066946325,30.590742051584655,-9.884916959504437,-1.212
P026,6.6,-1117.9181816590692,29.60225035563421,-9.884916959504437,-1.207
P026,6.7,-1115.056805793101,28.613758659683768,-9.884916959504437,-1.203
P026,6.8,-1112.2942790967277,27.625266963733324,-9.884916959504437,-1.201
P026,6.9,-1109.6306015699495,26.63677526778288,-9.884916959504437,-1.201
P026,7.0,-1107.0657732127663,25.648283571832437,-9.884916959504437,-1.201
P026,7.1,-1104.5997940251782,24.659791875881993,-9.884916959504437,-1.915
P026,7.2,-1102.2326640071851,23.67130017993155,-9.884916959504437,-3.841
P026,7.3,-1099.964383158787,22.682808483981105,-9.884916959504437,-5.895
P026,7.4,-1097.794951479984,21.69431678803066,-9.884916959504437,-7.367
P026,7.5,-1095.7243689707761,20.705825092080218,-9.884916959504437,-8.915
P026,7.6,-1093.7526356311632,19.717333396129774,-9.884916959504437,-10.335
P026,7.7,-1091.9297514611453,18.22884170017933,-14.884916959504437,-11.372
P026,7.8,-1090.2915052415985,16.38246219546688,-18.46379504712452,-12.272
P026,7.9,-1088.8378969725231,14.536082690754426,-18.46379504712452,-13.324
P026,8.0,-1087.5689266539189,12.689703186041974,-18.46379504712452,-14.334
P026,8.1,-1086.484594285786,10.843323681329522,-18.46379504712452,-15.202
P026,8.2,-1085.5848998681242,8.99694417661707,-18.46379504712452,-15.963
P026,8.3,-1084.8698434009339,7.150564671904618,-18.46379504712452,-16.657
P026,8.4,-1084.3394248842146,5.304185167192166,-18.46379504712452,-17.207
P026,8.5,-1083.9936443179668,3.457805662479714,-18.46379504712452,-18.014
P026,8.6,-1083.83250170219,1.6114261577672624,-18.463795047124517,-18.755
P026,8.7,-1083.83250170219,0.0,-16.11426157767262,-19.397
P026,8.8,-1083.83250170219,0.0,0.0,-21.437
P026,8.9,-1083.83250170219,0.0,0.0,-23.141
P026,9.0,-1083.83250170219,0.0,0.0,-23.626
P026,9.1,-1083.83250170219,0.0,0.0,-5.82
P027,0.0,-1411.624,51.4756,-1.411,-1.411
P027,0.1,-1406.49055,51.3345,-1.4110000000000156,-1.409
P027,0.2,-1401.37121,51.1934,-1.4110000000000156,-1.407
P027,0.3,-1396.2659800000001,51.052299999999995,-1.4110000000000156,-1.405
P027,0.4,-1391.17486,50.911199999999994,-1.4110000000000156,-1.402
P027,0.5,-1386.09785,50.77009999999999,-1.4110000000000156,-1.4
P027,0.6,-1381.0349500000002,50.62899999999999,-1.4110000000000156,-1.398
P027,0.7,-1375.9861600000002,50.48789999999999,-1.4110000000000156,-1.396
P027,0.8,-1370.9514800000002,50.34679999999999,-1.4110000000000156,-1.394
P027,0.9,-1365.9309100000003,50.205699999999986,-1.4110000000000156,-1.392
P027,1.0,-1360.9244500000002,50.064599999999984,-1.4110000000000156,-1.39
P027,1.1,-1355.9321000000002,49.92349999999998,-1.4110000000000156,-1.387
P027,1.2,-1350.9538600000003,49.78239999999998,-1.4110000000000156,-1.385
P027,1.3,-1345.9897300000002,49.64129999999998,-1.4110000000000156,-1.383
P027,1.4,-1341.0397100000002,49.50019999999998,-1.4110000000000156,-1.381
P027,1.5,-1336.1038000000003,49.35909999999998,-1.4110000000000156,-1.379
P027,1.6,-1331.1820000000002,49.217999999999975,-1.4110000000000156,-1.377
P027,1.7,-1326.2743100000002,49.07689999999997,-1.4110000000000156,-1.376
P027,1.8,-1321.3807300000003,48.93579999999997,-1.4110000000000156,-1.898
P027,1.9,-1316.5478825209611,48.32847479039068,-6.073252096092929,-2.857
P027,2.0,-1311.775767562883,47.721149580781386,-6.073252096092929,-3.386
P027,2.1,-1307.0643851257657,47.11382437117209,-6.073252096092929,-4.437
P027,2.2,-1302.4137352096095,46.5064991615628,-6.073252096092929,-5.276
P027,2.3,-1297.8238178144143,45.89917395195351,-6.073252096092929,-6.437
P027,2.4,-1293.2946329401798,45.291848742344214,-6.073252096092929,-7.379
P027,2.5,-1288.8261805869063,44.68452353273492,-6.073252096092929,-7.963
P027,2.6,-1284.4184607545938,44.07719832312563,-6.073252096092929,-8.469
P027,2.7,-1280.0714734432422,43.469873113516336,-6.073252096092929,-8.699
P027,2.8,-1275.7852186528514,42.86254790390704,-6.073252096092929,-8.853
P027,2.9,-1271.5596963834216,42.25522269429775,-6.073252096092929,-8.98
P027,3.0,-1267.3949066349528,41.64789748468846,-6.073252096092929,-9.282
P027,3.1,-1263.290849407445,41.040572275079164,-6.073252096092929,-9.888
P027,3.2,-1259.2475247008979,40.43324706546987,-6.073252096092929,-11.236
P027,3.3,-1255.2649325153118,39.82592185586058,-6.073252096092929,-12.202
P027,3.4,-1251.3430728506867,39.218596646251285,-6.073252096092929,-12.939
P027,3.5,-1247.4819457070225,38.61127143664199,-6.073252096092929,-13.397
P027,3.6,-1243.6815510843192,38.0039462270327,-6.073252096092929,-13.757
P027,3.7,-1239.9418889825768,37.396621017423406,-6.073252096092929,-13.911
P027,3.8,-1236.2629594017953,36.78929580781411,-6.073252096092929,-13.945
P027,3.9,-1232.644762341975,36.18197059820482,-6.073252096092929,-13.935
P027,4.0,-1229.0872978031155,35.57464538859553,-6.073252096092929,-13.898
P027,4.1,-1225.5905657852168,34.967320178986235,-6.073252096092929,-13.845
P027,4.2,-1222.154566288279,34.35999496937694,-6.073252096092929,-14.027
P027,4.3,-1218.7792993123023,33.75266975976765,-6.073252096092929,-14.199
P027,4.4,-1215.4647648572866,33.145344550158356,-6.073252096092929,-13.966
P027,4.5,-1212.2109629232316,32.53801934054906,-6.073252096092929,-13.241
P027,4.6,-1209.0178935101376,31.930694130939766,-6.073252096092965,-12.155
P027,4.7,-1205.8855566180046,31.32336892133047,-6.073252096092965,-10.921
P027,4.8,-1202.8139522468325,30.716043711721174,-6.073252096092965,-9.474
P027,4.9,-1199.8030803966212,30.108718502111877,-6.073252096092965,-8.365
P027,5.0,-1196.852941067371,29.50139329250258,-6.073252096092965,-7.357
P027,5.1,-1193.9635342590816,28.894068082893284,-6.073252096092965,-6.135
P027,5.2,-1191.1348599717533,28.286742873283988,-6.073252096092965,-4.899
P027,5.3,-1188.366918205386,27.67941766367469,-6.073252096092965,-3.758
P027,5.4,-1185.6597089599793,27.072092454065395,-6.073252096092965,-2.684
P027,5.5,-1183.0132322355337,26.464767244456098,-6.073252096092965,-1.579
P027,5.6,-1180.427488032049,25.8574420348468,-6.073252096092965,-1.092
P027,5.7,-1177.9024763495254,25.250116825237505,-6.073252096092965,-0.971
P027,5.8,-1175.4381971879625,24.64279161562821,-6.073252096092965,-0.944
P027,5.9,-1173.0346505473606,24.035466406018912,-6.073252096092965,-0.941
P027,6.0,-1170.6918364277196,23.428141196409616,-6.073252096092965,-0.942
P027,6.1,-1168.4097548290397,22.82081598680032,-6.073252096092965,-1.044
P027,6.2,-1166.1884057513205,22.213490777191023,-6.073252096092965,-1.253
P027,6.3,-1164.0277891945623,21.606165567581726,-6.073252096092965,-1.229
P027,6.4,-1161.927905158765,20.99884035797243,-6.073252096092965,-1.256
P027,6.5,-1159.8887536439288,20.391515148363133,-6.073252096092965,-1.293
P027,6.6,-1157.9103346500533,19.784189938753837,-6.073252096092965,-1.315
P027,6.7,-1155.9926481771388,19.17686472914454,-6.073252096092965,-1.295
P027,6.8,-1154.1356942251853,18.569539519535244,-6.073252096092965,-1.41
P027,6.9,-1152.3394727941927,17.962214309925947,-6.073252096092965,-0.743
P027,7.0,-1150.6039838841612,17.35488910031665,-6.073252096092965,-0.392
P027,7.1,-1148.9292274950903,16.747563890707355,-6.073252096092965,0.059
P027,7.2,-1147.3152036269805,16.140238681098058,-6.073252096092965,0.729
P027,7.3,-1145.7619122798317,15.532913471488763,-6.073252096092947,1.435
P027,7.4,-1144.2693534536438,14.925588261879469,-6.073252096092947,2.364
P027,7.5,-1142.8375271484167,14.318263052270174,-6.073252096092947,3.305
P027,7.6,-1141.4664333641506,13.71093784266088,-6.073252096092947,3.7
P027,7.7,-1140.1560721008454,13.103612633051585,-6.073252096092947,2.659
P027,7.8,-1138.9064433585013,12.49628742344229,-6.073252096092947,1.056
P027,7.9,-1137.717547137118,11.888962213832995,-6.073252096092947,-0.056
P027,8.0,-1136.5893834366955,11.2816370042237,-6.073252096092947,-0.562
P027,8.1,-1135.521952257234,10.674311794614406,-6.073252096092947,-0.944
P027,8.2,-1134.5152535987336,10.066986585005111,-6.073252096092947,-1.058
P027,8.3,-1133.569287461194,9.459661375395816,-6.073252096092947,-1.059
P027,8.4,-1132.6840538446154,8.852336165786522,-6.073252096092947,-1.046
P027,8.5,-1131.8595527489977,8.245010956177227,-6.073252096092947,-1.042
P027,8.6,-1131.095784174341,7.637685746567932,-6.073252096092947,-1.045
P027,8.7,-1130.3927481206451,7.0303605369586375,-6.073252096092947,-1.047
P027,8.8,-1129.7504445879101,6.423035327349343,-6.073252096092947,-1.045
P027,8.9,-1129.168873576136,5.815710117740048,-6.073252096092947,-1.038
P027,9.0,-1128.648035085323,5.208384908130753,-6.073252096092947,-1.029
P027,9.1,-1128.187929115471,4.601059698521459,-6.073252096092947,-1.022
P027,9.2,-1127.7885556665797,3.993734488912164,-6.073252096092947,-1.017
P027,9.3,-1127.4499147386493,3.3864092793028693,-6.073252096092947,-1.012
P027,9.4,-1127.17200633168,2.7790840696935746,-6.073252096092947,-1.008
P027,9.5,-1126.9548304456716,2.17175886008428,-6.073252096092947,-1.003
P027,9.6,-1126.798387080624,1.564433650474985,-6.073252096092949,-0.997
P027,9.7,-1126.7026762365374,0.95710844086569,-6.073252096092949,-0.992
P027,9.8,-1126.6676979134118,0.3497832312563951,-6.073252096092949,-0.986
P027,9.9,-1126.6676979134118,0.0,-3.497832312563951,-0.981
P027,10.0,-1126.6676979134118,0.0,0.0,-0.976
P027,10.1,-1126.6676979134118,0.0,0.0,-0.971
P027,10.2,-1126.6676979134118,0.0,0.0,-0.966
P027,10.3,-1126.6676979134118,0.0,0.0,-0.961
P027,10.4,-1126.6676979134118,0.0,0.0,-0.956
P027,10.5,-1126.6676979134118,0.0,0.0,-0.951
P027,10.6,-1126.6676979134118,0.0,0.0,-0.946
P027,10.7,-1126.6676979134118,0.0,0.0,-0.941
P027,10.8,-1126.6676979134118,0.0,0.0,-0.936
P027,10.9,-1126.6676979134118,0.0,0.0,-0.932
P027,11.0,-1126.6676979134118,0.0,0.0,-0.927
P027,11.1,-1126.6676979134118,0.0,0.0,-0.922
P027,11.2,-1126.6676979134118,0.0,0.0,-0.917
P027,11.3,-1126.6676979134118,0.0,0.0,-0.913
P027,11.4,-1126.6676979134118,0.0,0.0,-0.908
P027,11.5,-1126.6676979134118,0.0,0.0,-0.904
P027,11.6,-1126.6676979134118,0.0,0.0,-0.899
P027,11.7,-1126.6676979134118,0.0,0.0,-0.895
P027,11.8,-1126.6676979134118,0.0,0.0,-0.89
P027,11.9,-1126.6676979134118,0.0,0.0,-0.886
P027,12.0,-1126.6676979134118,0.0,0.0,-0.881
P027,12.1,-1126.6676979134118,0.0,0.0,-0.877
P027,12.2,-1126.6676979134118,0.0,0.0,-0.873
P027,12.3,-1126.6676979134118,0.0,0.0,-0.869
P027,12.4,-1126.6676979134118,0.0,0.0,-0.865
P027,12.5,-1126.6676979134118,0.0,0.0,-0.861
P027,12.6,-1126.6676979134118,0.0,0.0,-0.857
P027,12.7,-1126.6676979134118,0.0,0.0,-0.853
P027,12.8,-1126.6676979134118,0.0,0.0,-0.849
P027,12.9,-1126.6676979134118,0.0,0.0,-0.845
P027,13.0,-1126.6676979134118,0.0,0.0,-0.841
P027,13.1,-1126.6676979134118,0.0,0.0,-0.837
P027,13.2,-1126.6676979134118,0.0,0.0,-0.834
P027,13.3,-1126.6676979134118,0.0,0.0,-0.83
P027,13.4,-1126.6676979134118,0.0,0.0,-0.826
P027,13.5,-1126.6676979134118,0.0,0.0,-0.822
P027,13.6,-1126.6676979134118,0.0,0.0,-0.819
P027,13.7,-1126.6676979134118,0.0,0.0,-0.815
P027,13.8,-1126.6676979134118,0.0,0.0,-0.811
P027,13.9,-1126.6676979134118,0.0,0.0,-0.807
P027,14.0,-1126.6676979134118,0.0,0.0,-0.803
P027,14.1,-1126.6676979134118,0.0,0.0,-0.799
P027,14.2,-1126.6676979134118,0.0,0.0,-0.795
P027,14.3,-1126.6676979134118,0.0,0.0,-0.791
P027,14.4,-1126.6676979134118,0.0,0.0,-0.787
P027,14.5,-1126.6676979134118,0.0,0.0,-0.782
P027,14.6,-1126.6676979134118,0.0,0.0,-0.777
P027,14.7,-1126.6676979134118,0.0,0.0,-0.773
P027,14.8,-1126.6676979134118,0.0,0.0,-0.768
P027,14.9,-1126.6676979134118,0.0,0.0,-0.763
P027,15.0,-1126.6676979134118,0.0,0.0,-0.759
P027,15.1,-1126.6676979134118,0.0,0.0,-0.754
P027,15.2,-1126.6676979134118,0.0,0.0,-0.75
P027,15.3,-1126.6676979134118,0.0,0.0,-0.74
P027,15.4,-1126.6676979134118,0.0,0.0,-0.724
P027,15.5,-1126.6676979134118,0.0,0.0,-0.71
P027,15.6,-1126.6676979134118,0.0,0.0,-0.681
P027,15.7,-1126.6676979134118,0.0,0.0,-0.557
P027,15.8,-1126.6676979134118,0.0,0.0,-0.37
P027,15.9,-1126.6676979134118,0.0,0.0,0.335
P028,0.0,-1411.071,43.2696,0.0,0.541
P028,0.1,-1406.7440399999998,43.2696,0.0,0.645
P028,0.2,-1402.4170799999997,43.2696,0.0,0.748
P028,0.3,-1398.0901199999996,43.2696,0.0,0.849
P028,0.4,-1393.7631599999995,43.2696,0.0,0.947
P028,0.5,-1389.4361999999994,43.2696,0.0,1.253
P028,0.6,-1385.1092399999993,43.2696,0.0,1.503
P028,0.7,-1380.7822799999992,43.2696,0.0,1.564
P028,0.8,-1376.4553199999991,43.2696,0.0,1.331
P028,0.9,-1372.128359999999,43.2696,0.0,0.85
P028,1.0,-1367.801399999999,43.2696,0.0,0.323
P028,1.1,-1363.4744399999988,43.2696,0.0,-0.022
P028,1.2,-1359.1474799999987,43.2696,0.0,-0.239
P028,1.3,-1354.8205199999986,43.2696,0.0,-0.417
P028,1.4,-1350.4935599999985,43.2696,0.0,-0.597
P028,1.5,-1346.1665999999984,43.2696,0.0,-0.783
P028,1.6,-1341.8396399999983,43.2696,0.0,-0.938
P028,1.7,-1337.5126799999982,43.2696,0.0,-0.975
P028,1.8,-1333.1857199999981,43.2696,0.0,-0.978
P028,1.9,-1328.858759999998,43.2696,0.0,-0.987
P028,2.0,-1324.531799999998,43.2696,0.0,-0.991
P028,2.1,-1320.2048399999978,43.2696,0.0,-1.014
P028,2.2,-1315.8778799999977,43.2696,0.0,-1.063
P028,2.3,-1311.5509199999976,43.2696,0.0,-1.108
P028,2.4,-1307.2239599999975,43.2696,0.0,-1.142
P028,2.5,-1302.8969999999974,43.2696,0.0,-1.183
P028,2.6,-1298.5700399999973,43.2696,0.0,-1.301
P028,2.7,-1294.2430799999972,43.2696,0.0,-1.424
P028,2.8,-1289.9161199999971,43.2696,0.0,-1.463
P028,2.9,-1285.589159999997,43.2696,0.0,-1.47
P028,3.0,-1281.262199999997,43.2696,0.0,-1.468
P028,3.1,-1276.9352399999968,43.2696,0.0,-1.464
P028,3.2,-1272.6082799999967,43.2696,0.0,-1.46
P028,3.3,-1268.2813199999966,43.2696,0.0,-1.457
P028,3.4,-1263.9543599999965,43.2696,0.0,-1.455
P028,3.5,-1259.6273999999964,43.2696,0.0,-1.453
P028,3.6,-1255.3004399999963,43.2696,0.0,-1.449
P028,3.7,-1250.9734799999962,43.2696,0.0,-1.446
P028,3.8,-1246.6465199999961,43.2696,0.0,-1.444
P028,3.9,-1242.319559999996,43.2696,0.0,-1.441
P028,4.0,-1237.992599999996,43.2696,0.0,-1.437
P028,4.1,-1233.6656399999958,43.2696,0.0,-1.433
P028,4.2,-1229.3386799999957,43.2696,0.0,-1.43
P028,4.3,-1225.0117199999956,43.2696,0.0,-1.427
P028,4.4,-1220.6847599999955,43.2696,0.0,-1.424
P028,4.5,-1216.3577999999954,43.2696,0.0,-1.42
P028,4.6,-1212.0308399999954,43.2696,0.0,-1.418
P028,4.7,-1207.7038799999953,43.2696,0.0,-1.415
P028,4.8,-1203.3769199999952,43.2696,0.0,-1.412
P028,4.9,-1199.049959999995,43.2696,0.0,-1.409
P028,5.0,-1194.722999999995,43.2696,0.0,-1.406
P028,5.1,-1190.3960399999949,43.2696,0.0,-1.403
P028,5.2,-1186.0690799999948,43.2696,0.0,-1.4
P028,5.3,-1181.7421199999947,43.2696,0.0,-1.397
P028,5.4,-1177.4151599999946,43.2696,0.0,-1.394
P028,5.5,-1173.0881999999945,43.2696,0.0,-1.392
P028,5.6,-1168.7612399999944,43.2696,0.0,-1.389
P028,5.7,-1164.5066736610809,42.5456633891354,-7.2393661086459815,-1.386
P028,5.8,-1160.3509322765256,41.557413845552425,-9.882495435829739,-1.383
P028,5.9,-1156.2940158463286,40.56916430196945,-9.882495435829739,-1.38
P028,6.0,-1152.33592437049,39.58091475838648,-9.882495435829739,-1.377
P028,6.1,-1148.4766578490096,38.5926652148035,-9.882495435829739,-1.374
P028,6.2,-1144.7162162818875,37.60441567122053,-9.882495435829739,-1.372
P028,6.3,-1141.0545996691237,36.616166127637555,-9.882495435829739,-1.368
P028,6.4,-1137.4918080107182,35.62791658405458,-9.882495435829739,-1.365
P028,6.5,-1134.027841306671,34.63966704047161,-9.882495435829739,-1.363
P028,6.6,-1130.662699556982,33.651417496888634,-9.882495435829739,-1.36
P028,6.7,-1127.3963827616515,32.66316795330566,-9.882495435829739,-1.716
P028,6.8,-1124.2288909206793,31.674918409722686,-9.882495435829739,-3.221
P028,6.9,-1121.1602240340653,30.686668866139712,-9.882495435829739,-5.207
P028,7.0,-1118.1903821018097,29.698419322556738,-9.882495435829739,-6.811
P028,7.1,-1115.3193651239123,28.710169778973764,-9.882495435829739,-7.936
P028,7.2,-1112.5471731003734,27.72192023539079,-9.882495435829739,-9.162
P028,7.3,-1109.8738060311925,26.733670691807816,-9.882495435829739,-10.538
P028,7.4,-1107.2992639163701,25.745421148224843,-9.882495435829739,-12.002
P028,7.5,-1104.8735467559059,24.25717160464187,-14.882495435829739,-13.673
P028,7.6,-1102.6274171487087,22.461296071972658,-17.958755326692106,-15.223
P028,7.7,-1100.5608750947783,20.665420539303447,-17.958755326692106,-16.41
P028,7.8,-1098.6739205941149,18.869545006634237,-17.958755326692106,-17.531
P028,7.9,-1096.9665536467185,17.073669473965026,-17.958755326692106,-18.678
P028,8.0,-1095.438774252589,15.277793941295815,-17.958755326692106,-21.561
P028,8.1,-1094.0905824117262,13.481918408626605,-17.958755326692106,-24.807
P028,8.2,-1092.9219781241304,11.686042875957394,-17.958755326692106,-26.827
P028,8.3,-1091.9329613898017,9.890167343288184,-17.958755326692106,-27.996
P028,8.4,-1091.1235322087398,8.094291810618973,-17.958755326692106,-28.934
P028,8.5,-1090.4936905809448,6.298416277949763,-17.958755326692096,-29.835
P028,8.6,-1090.0434365064168,4.5025407452805535,-17.958755326692096,-30.72
P028,8.7,-1089.7727699851557,2.7066652126113437,-17.958755326692096,-31.39
P028,8.8,-1089.6816910171615,0.910789679942134,-17.958755326692096,-22.988
P029,0.0,-1412.764,43.986799999999995,0.0,2.002
P029,0.1,-1408.3653199999999,43.986799999999995,0.0,2.362
P029,0.2,-1403.9666399999999,43.986799999999995,0.0,2.607
P029,0.3,-1399.5679599999999,43.986799999999995,0.0,2.2
P029,0.4,-1395.1692799999998,43.986799999999995,0.0,1.351
P029,0.5,-1390.7705999999998,43.986799999999995,0.0,0.37
P029,0.6,-1386.3719199999998,43.986799999999995,0.0,-0.199
P029,0.7,-1381.9732399999998,43.986799999999995,0.0,-0.569
P029,0.8,-1377.5745599999998,43.986799999999995,0.0,-0.675
P029,0.9,-1373.1758799999998,43.986799999999995,0.0,-0.677
P029,1.0,-1368.7771999999998,43.986799999999995,0.0,-0.762
P029,1.1,-1364.3785199999998,43.986799999999995,0.0,-0.878
P029,1.2,-1359.9798399999997,43.986799999999995,0.0,-0.95
P029,1.3,-1355.5811599999997,43.986799999999995,0.0,-1.124
P029,1.4,-1351.1824799999997,43.986799999999995,0.0,-1.297
P029,1.5,-1346.7837999999997,43.986799999999995,0.0,-1.341
P029,1.6,-1342.3851199999997,43.986799999999995,0.0,-1.35
P029,1.7,-1337.9864399999997,43.986799999999995,0.0,-1.349
P029,1.8,-1333.5877599999997,43.986799999999995,0.0,-1.346
P029,1.9,-1329.1890799999996,43.986799999999995,0.0,-1.344
P029,2.0,-1324.7903999999996,43.986799999999995,0.0,-1.342
P029,2.1,-1320.3917199999996,43.986799999999995,0.0,-1.341
P029,2.2,-1315.9930399999996,43.986799999999995,0.0,-1.339
P029,2.3,-1311.5943599999996,43.986799999999995,0.0,-1.337
P029,2.4,-1307.1956799999996,43.986799999999995,0.0,-1.335
P029,2.5,-1302.7969999999996,43.986799999999995,0.0,-1.332
P029,2.6,-1298.3983199999996,43.986799999999995,0.0,-1.33
P029,2.7,-1293.9996399999995,43.986799999999995,0.0,-1.328
P029,2.8,-1289.6009599999995,43.986799999999995,0.0,-1.326
P029,2.9,-1285.2022799999995,43.986799999999995,0.0,-1.324
P029,3.0,-1280.8035999999995,43.986799999999995,0.0,-1.322
P029,3.1,-1276.4049199999995,43.986799999999995,0.0,-1.319
P029,3.2,-1272.0062399999995,43.986799999999995,0.0,-1.317
P029,3.3,-1267.6075599999995,43.986799999999995,0.0,-1.315
P029,3.4,-1263.2088799999995,43.986799999999995,0.0,-1.313
P029,3.5,-1258.8101999999994,43.986799999999995,0.0,-1.311
P029,3.6,-1254.4115199999994,43.986799999999995,0.0,-1.309
P029,3.7,-1250.0128399999994,43.986799999999995,0.0,-1.307
P029,3.8,-1245.6141599999994,43.986799999999995,0.0,-1.305
P029,3.9,-1241.2154799999994,43.986799999999995,0.0,-1.303
P029,4.0,-1236.8167999999994,43.986799999999995,0.0,-1.302
P029,4.1,-1232.4181199999994,43.986799999999995,0.0,-1.3
P029,4.2,-1228.0194399999993,43.986799999999995,0.0,-1.357
P029,4.3,-1223.6207599999993,43.986799999999995,0.0,-1.982
P029,4.4,-1219.2220799999993,43.986799999999995,0.0,-3.33
P029,4.5,-1214.8233999999993,43.986799999999995,0.0,-5.012
P029,4.6,-1210.4747199999993,43.486799999999995,-5.0,-6.377
P029,4.7,-1206.2260399999993,42.486799999999995,-10.0,-7.251
P029,4.8,-1202.0984669537818,41.275730462174884,-12.110695378251108,-7.76
P029,4.9,-1198.0920008613468,40.06466092434977,-12.110695378251108,-8.273
P029,5.0,-1194.2066417226943,38.85359138652466,-12.110695378251108,-8.767
P029,5.1,-1190.4423895378243,37.64252184869955,-12.110695378251108,-9.227
P029,5.2,-1186.799244306737,36.43145231087444,-12.110695378251108,-9.911
P029,5.3,-1183.277206029432,35.22038277304933,-12.110695378251108,-10.44
P029,5.4,-1179.8762747059095,34.00931323522422,-12.110695378251108,-10.722
P029,5.5,-1176.5964503361697,32.79824369739911,-12.110695378251108,-10.897
P029,5.6,-1173.4377329202123,31.587174159573994,-12.110695378251144,-11.058
P029,5.7,-1170.4001224580375,30.37610462174888,-12.110695378251144,-10.989
P029,5.8,-1167.483618949645,29.165035083923765,-12.110695378251144,-10.883
P029,5.9,-1164.6882223950352,27.95396554609865,-12.110695378251144,-10.678
P029,6.0,-1162.013932794208,26.742896008273537,-12.110695378251144,-10.166
P029,6.1,-1159.460750147163,25.531826470448422,-12.110695378251144,-9.159
P029,6.2,-1157.0286744539007,24.320756932623308,-12.110695378251144,-8.258
P029,6.3,-1154.7177057144208,23.109687394798193,-12.110695378251144,-7.565
P029,6.4,-1152.5278439287235,21.89861785697308,-12.110695378251144,-6.652
P029,6.5,-1150.4590890968088,20.687548319147965,-12.110695378251144,-5.593
P029,6.6,-1148.5114412186765,19.47647878132285,-12.110695378251144,-4.489
P029,6.7,-1146.6849002943268,18.265409243497736,-12.110695378251144,-3.448
P029,6.8,-1144.9794663237594,17.05433970567262,-12.110695378251144,-2.262
P029,6.9,-1143.3951393069747,15.843270167847507,-12.110695378251144,-1.611
P029,7.0,-1141.9319192439725,14.632200630022393,-12.110695378251144,-1.37
P029,7.1,-1140.5898061347527,13.421131092197278,-12.110695378251144,-1.204
P029,7.2,-1139.3687999793156,12.210061554372164,-12.110695378251144,-1.138
P029,7.3,-1138.2689007776607,10.99899201654705,-12.110695378251144,-1.114
P029,7.4,-1137.2901085297885,9.787922478721935,-12.110695378251144,-1.105
P029,7.5,-1136.432423235699,8.57685294089682,-12.110695378251144,-1.099
P029,7.6,-1135.6958448953917,7.365783403071707,-12.110695378251135,-1.221
P029,7.7,-1135.080373508867,6.154713865246594,-12.110695378251135,-1.933
P029,7.8,-1134.5860090761248,4.94364432742148,-12.110695378251135,-2.726
P029,7.9,-1134.2127515971652,3.7325747895963666,-12.110695378251135,-3.42
P029,8.0,-1133.960601071988,2.521505251771253,-12.110695378251135,-4.255
P029,8.1,-1133.8295575005934,1.3104357139461393,-12.110695378251137,-5.251
P029,8.2,-1133.8196208829813,0.0993661761210256,-12.110695378251137,-6.39
P029,8.3,-1133.8196208829813,0.0,-0.9936617612102561,-7.098
P029,8.4,-1133.8196208829813,0.0,0.0,-7.628
P029,8.5,-1133.8196208829813,0.0,0.0,-8.384
P029,8.6,-1133.8196208829813,0.0,0.0,-9.193
P029,8.7,-1133.8196208829813,0.0,0.0,-9.989
P029,8.8,-1133.8196208829813,0.0,0.0,-10.586
P029,8.9,-1133.8196208829813,0.0,0.0,-10.97
P029,9.0,-1133.8196208829813,0.0,0.0,-11.208
P029,9.1,-1133.8196208829813,0.0,0.0,-11.325
P029,9.2,-1133.8196208829813,0.0,0.0,-11.241
P029,9.3,-1133.8196208829813,0.0,0.0,-11.157
P029,9.4,-1133.8196208829813,0.0,0.0,-11.126
P029,9.5,-1133.8196208829813,0.0,0.0,-11.146
P029,9.6,-1133.8196208829813,0.0,0.0,-11.117
P029,9.7,-1133.8196208829813,0.0,0.0,-10.975
P029,9.8,-1133.8196208829813,0.0,0.0,-10.649
P029,9.9,-1133.8196208829813,0.0,0.0,-10.227
P030,0.0,-1410.602,53.68733333333333,0.0,0.856
P030,0.1,-1405.2332666666669,53.68733333333333,0.0,0.832
P030,0.2,-1399.8645333333336,53.68733333333333,0.0,0.733
P030,0.3,-1394.4958000000004,53.68733333333333,0.0,0.133
P030,0.4,-1389.1270666666671,53.68733333333333,0.0,-0.585
P030,0.5,-1383.758333333334,53.68733333333333,0.0,-1.021
P030,0.6,-1378.3896000000007,53.68733333333333,0.0,-1.359
P030,0.7,-1373.0208666666674,53.68733333333333,0.0,-1.486
P030,0.8,-1367.6521333333342,53.68733333333333,0.0,-1.507
P030,0.9,-1362.283400000001,53.68733333333333,0.0,-1.506
P030,1.0,-1356.9146666666677,53.68733333333333,0.0,-1.502
P030,1.1,-1351.5459333333345,53.68733333333333,0.0,-1.5
P030,1.2,-1346.1772000000012,53.68733333333333,0.0,-1.5
P030,1.3,-1340.808466666668,53.68733333333333,0.0,-1.499
P030,1.4,-1335.4397333333347,53.68733333333333,0.0,-1.497
P030,1.5,-1330.0710000000015,53.68733333333333,0.0,-1.493
P030,1.6,-1324.7022666666683,53.68733333333333,0.0,-1.49
P030,1.7,-1319.333533333335,53.68733333333333,0.0,-1.487
P030,1.8,-1313.9648000000018,53.68733333333333,0.0,-1.484
P030,1.9,-1308.5960666666685,53.68733333333333,0.0,-1.482
P030,2.0,-1303.2273333333353,53.68733333333333,0.0,-1.48
P030,2.1,-1297.858600000002,53.68733333333333,0.0,-1.477
P030,2.2,-1292.4898666666688,53.68733333333333,0.0,-1.474
P030,2.3,-1287.1211333333356,53.68733333333333,0.0,-1.472
P030,2.4,-1281.7524000000024,53.68733333333333,0.0,-1.469
P030,2.5,-1276.3836666666691,53.68733333333333,0.0,-1.467
P030,2.6,-1271.0149333333359,53.68733333333333,0.0,-1.464
P030,2.7,-1265.6462000000026,53.68733333333333,0.0,-1.461
P030,2.8,-1260.2774666666694,53.68733333333333,0.0,-1.459
P030,2.9,-1254.9087333333362,53.68733333333333,0.0,-1.456
P030,3.0,-1249.540000000003,53.68733333333333,0.0,-1.454
P030,3.1,-1244.1712666666697,53.68733333333333,0.0,-1.451
P030,3.2,-1238.8025333333364,53.68733333333333,0.0,-1.449
P030,3.3,-1233.4338000000032,53.68733333333333,0.0,-1.446
P030,3.4,-1228.06506666667,53.68733333333333,0.0,-1.444
P030,3.5,-1222.6963333333367,53.68733333333333,0.0,-1.441
P030,3.6,-1217.3420445009895,53.54288832347196,-1.4444500986136433,-1.439
P030,3.7,-1212.086821919229,52.552225817605276,-9.906625058666876,-1.436
P030,3.8,-1206.930665588055,51.56156331173859,-9.906625058666876,-1.434
P030,3.9,-1201.8735755074679,50.5709008058719,-9.906625058666876,-1.432
P030,4.0,-1196.9155516774674,49.58023830000521,-9.906625058666876,-1.443
P030,4.1,-1192.0565940980537,48.589575794138526,-9.906625058666876,-1.637
P030,4.2,-1187.2967027692264,47.59891328827184,-9.906625058666876,-2.268
P030,4.3,-1182.6358776909858,46.60825078240515,-9.906625058666876,-3.278
P030,4.4,-1178.074118863332,45.61758827653846,-9.906625058666876,-3.847
P030,4.5,-1173.6114262862648,44.626925770671775,-9.906625058666876,-4.192
P030,4.6,-1169.2477999597843,43.63626326480509,-9.906625058666876,-4.481
P030,4.7,-1164.9832398838905,42.6456007589384,-9.906625058666876,-4.178
P030,4.8,-1160.8177460585835,41.65493825307171,-9.906625058666876,-4.176
P030,4.9,-1156.7513184838629,40.664275747205025,-9.906625058666876,-4.659
P030,5.0,-1152.783957159729,39.67361324133834,-9.906625058666876,-5.43
P030,5.1,-1148.9156620861818,38.68295073547165,-9.906625058666876,-5.883
P030,5.2,-1145.1464332632213,37.69228822960496,-9.906625058666876,-6.108
P030,5.3,-1141.4762706908475,36.701625723738275,-9.906625058666876,-6.209
P030,5.4,-1137.9051743690604,35.71096321787159,-9.906625058666876,-6.63
P030,5.5,-1134.43314429786,34.7203007120049,-9.906625058666876,-7.591
P030,5.6,-1131.0601804772461,33.72963820613821,-9.906625058666876,-8.314
P030,5.7,-1127.786282907219,32.738975700271524,-9.906625058666876,-8.428
P030,5.8,-1124.6114515877784,31.748313194404837,-9.906625058666876,-8.09
P030,5.9,-1121.5356865189246,30.75765068853815,-9.906625058666876,-7.461
P030,6.0,-1118.5589877006576,29.76698818267146,-9.906625058666876,-6.358
P030,6.1,-1115.6813551329772,28.776325676804774,-9.906625058666876,-5.172
P030,6.2,-1112.9027888158832,27.785663170938086,-9.906625058666876,-4.084
P030,6.3,-1110.223288749376,26.7950006650714,-9.906625058666876,-3.466
P030,6.4,-1107.6428549334555,25.80433815920471,-9.906625058666876,-3.93
P030,6.5,-1105.1614873681217,24.813675653338024,-9.906625058666876,-5.15
P030,6.6,-1102.7791860533746,23.823013147471336,-9.906625058666876,-6.588
P030,6.7,-1100.4959509892142,22.83235064160465,-9.906625058666876,-7.618
P030,6.8,-1098.3117821756405,21.84168813573796,-9.906625058666876,-8.701
P030,6.9,-1096.2266796126532,20.851025629871273,-9.906625058666876,-9.875
P030,7.0,-1094.2406433002527,19.860363124004586,-9.906625058666876,-11.054
P030,7.1,-1092.353673238439,18.869700618137898,-9.906625058666876,-12.61
P030,7.2,-1090.6157694272117,17.37903811227121,-14.906625058666876,-14.529
P030,7.3,-1089.0593326359747,15.564367912371434,-18.146701998997763,-16.051
P030,7.4,-1087.6843628647275,13.749697712471658,-18.146701998997763,-17.275
P030,7.5,-1086.4908601134703,11.935027512571882,-18.146701998997763,-19.185
P030,7.6,-1085.4788243822031,10.120357312672105,-18.146701998997763,-23.14
P030,7.7,-1084.648255670926,8.305687112772329,-18.146701998997763,-24.996
P030,7.8,-1083.9991539796385,6.491016912872554,-18.146701998997752,-25.843
P030,7.9,-1083.5315193083413,4.676346712972778,-18.146701998997752,-26.339
P030,8.0,-1083.245351657034,2.861676513073003,-18.146701998997752,-26.577
P030,8.1,-1083.1406510257166,1.0470063131732272,-18.146701998997756,-26.681
P030,8.2,-1083.1406510257166,0.0,-10.470063131732271,-26.69
P030,8.3,-1083.1406510257166,0.0,0.0,-26.496
P030,8.4,-1083.1406510257166,0.0,0.0,-26.144
P030,8.5,-1083.1406510257166,0.0,0.0,5.317
P031,0.0,-1410.311,39.809733333333334,-1.182,-1.182
P031,0.1,-1406.3418466666667,39.69153333333333,-1.1820000000000164,-1.175
P031,0.2,-1402.3845133333334,39.57333333333333,-1.1820000000000164,-1.171
P031,0.3,-1398.439,39.45513333333333,-1.1820000000000164,-1.171
P031,0.4,-1394.5053066666667,39.33693333333333,-1.1820000000000164,-1.172
P031,0.5,-1390.5834333333335,39.218733333333326,-1.1820000000000164,-1.172
P031,0.6,-1386.6733800000002,39.100533333333324,-1.1820000000000164,-1.173
P031,0.7,-1382.7751466666668,38.98233333333332,-1.1820000000000164,-1.177
P031,0.8,-1378.8887333333334,38.86413333333332,-1.1820000000000164,-1.182
P031,0.9,-1375.0141400000002,38.74593333333332,-1.1820000000000164,-1.186
P031,1.0,-1371.151366666667,38.62773333333332,-1.1820000000000164,-1.19
P031,1.1,-1367.3004133333336,38.509533333333316,-1.1820000000000164,-1.193
P031,1.2,-1363.4612800000002,38.391333333333314,-1.1820000000000164,-1.195
P031,1.3,-1359.633966666667,38.27313333333331,-1.1820000000000164,-1.196
P031,1.4,-1355.8184733333337,38.15493333333331,-1.1820000000000164,-1.197
P031,1.5,-1352.0148000000004,38.03673333333331,-1.1820000000000164,-1.198
P031,1.6,-1348.222946666667,37.91853333333331,-1.1820000000000164,-1.198
P031,1.7,-1344.4429133333338,37.800333333333306,-1.1820000000000164,-1.197
P031,1.8,-1340.6747000000005,37.682133333333304,-1.1820000000000164,-1.196
P031,1.9,-1336.9183066666671,37.5639333333333,-1.1820000000000164,-1.195
P031,2.0,-1333.1737333333338,37.4457333333333,-1.1820000000000164,-1.194
P031,2.1,-1329.4409800000005,37.3275333333333,-1.1820000000000164,-1.191
P031,2.2,-1325.7200466666673,37.2093333333333,-1.1820000000000164,-1.189
P031,2.3,-1322.010933333334,37.091133333333296,-1.1820000000000164,-1.187
P031,2.4,-1318.3136400000005,36.972933333333295,-1.1820000000000164,-1.186
P031,2.5,-1314.6281666666673,36.85473333333329,-1.1820000000000164,-1.183
P031,2.6,-1310.954513333334,36.73653333333329,-1.1820000000000164,-1.18
P031,2.7,-1307.2926800000007,36.61833333333329,-1.1820000000000164,-1.177
P031,2.8,-1303.6426666666673,36.50013333333329,-1.1820000000000164,-1.178
P031,2.9,-1300.004473333334,36.381933333333286,-1.1820000000000164,-1.18
P031,3.0,-1296.3781000000008,36.263733333333285,-1.1820000000000164,-1.183
P031,3.1,-1292.7635466666675,36.14553333333328,-1.1820000000000164,-1.184
P031,3.2,-1289.160813333334,36.02733333333328,-1.1820000000000164,-1.182
P031,3.3,-1285.5699000000009,35.90913333333328,-1.1820000000000164,-1.189
P031,3.4,-1281.9908066666676,35.79093333333328,-1.1820000000000164,-1.209
P031,3.5,-1278.4235333333343,35.67273333333328,-1.1820000000000164,-1.218
P031,3.6,-1274.8680800000009,35.554533333333275,-1.1820000000000164,-1.219
P031,3.7,-1271.3244466666677,35.43633333333327,-1.1820000000000164,-1.219
P031,3.8,-1267.7926333333344,35.31813333333327,-1.1820000000000164,-1.217
P031,3.9,-1264.272640000001,35.19993333333327,-1.1820000000000164,-1.215
P031,4.0,-1260.7644666666677,35.08173333333327,-1.1820000000000164,-1.213
P031,4.1,-1257.2681133333344,34.96353333333327,-1.1820000000000164,-1.212
P031,4.2,-1253.7835800000012,34.845333333333265,-1.1820000000000164,-1.21
P031,4.3,-1250.3108666666678,34.72713333333326,-1.1820000000000164,-1.208
P031,4.4,-1246.8499733333344,34.60893333333326,-1.1820000000000164,-1.335
P031,4.5,-1243.4009000000012,34.49073333333326,-1.1820000000000164,-1.345
P031,4.6,-1239.963646666668,34.37253333333326,-1.1820000000000164,-1.325
P031,4.7,-1236.5382133333346,34.25433333333326,-1.1820000000000164,-1.341
P031,4.8,-1233.1246000000012,34.136133333333255,-1.1820000000000164,-1.365
P031,4.9,-1229.722806666668,34.017933333333254,-1.1820000000000164,-1.371
P031,5.0,-1226.3328333333347,33.89973333333325,-1.1820000000000164,-1.365
P031,5.1,-1222.9546800000014,33.78153333333325,-1.1820000000000164,-1.357
P031,5.2,-1219.588346666668,33.66333333333325,-1.1820000000000164,-1.352
P031,5.3,-1216.2338333333348,33.54513333333325,-1.1820000000000164,-1.353
P031,5.4,-1212.8911400000015,33.426933333333245,-1.1820000000000164,-1.363
P031,5.5,-1209.5602666666682,33.308733333333244,-1.1820000000000164,-1.389
P031,5.6,-1206.2412133333348,33.19053333333324,-1.1820000000000164,-1.431
P031,5.7,-1202.9339800000016,33.07233333333324,-1.1820000000000164,-1.417
P031,5.8,-1199.6385666666683,32.95413333333324,-1.1820000000000164,-1.337
P031,5.9,-1196.354973333335,32.83593333333324,-1.1820000000000164,-1.288
P031,6.0,-1193.0832000000016,32.717733333333236,-1.1820000000000164,-1.268
P031,6.1,-1189.8232466666684,32.599533333333234,-1.1820000000000164,-1.26
P031,6.2,-1186.5751133333351,32.48133333333323,-1.1820000000000164,-1.256
P031,6.3,-1183.3388000000018,32.36313333333323,-1.1820000000000164,-1.254
P031,6.4,-1180.1143066666684,32.24493333333323,-1.1820000000000164,-1.252
P031,6.5,-1176.9016333333352,32.12673333333323,-1.1820000000000164,-1.25
P031,6.6,-1173.700780000002,32.008533333333226,-1.1820000000000164,-1.247
P031,6.7,-1170.5117466666686,31.890333333333224,-1.1820000000000164,-1.244
P031,6.8,-1167.3345333333352,31.772133333333223,-1.1820000000000164,-1.242
P031,6.9,-1164.169140000002,31.65393333333322,-1.1820000000000164,-1.239
P031,7.0,-1161.0155666666687,31.53573333333322,-1.1820000000000164,-1.237
P031,7.1,-1157.8738133333354,31.417533333333218,-1.1820000000000164,-1.235
P031,7.2,-1154.743880000002,31.299333333333216,-1.1820000000000164,-1.232
P031,7.3,-1151.6257666666688,31.181133333333214,-1.1820000000000164,-1.23
P031,7.4,-1148.5194733333356,31.062933333333213,-1.1820000000000164,-1.35
P031,7.5,-1145.4250000000022,30.94473333333321,-1.1820000000000164,-2.776
P031,7.6,-1142.3423466666688,30.82653333333321,-1.1820000000000164,-4.846
P031,7.7,-1139.2715133333356,30.708333333333208,-1.1820000000000164,-6.493
P031,7.8,-1136.2125000000024,30.590133333333206,-1.1820000000000164,-7.397
P031,7.9,-1133.165306666669,30.471933333333205,-1.1820000000000164,-8.093
P031,8.0,-1130.1799333333356,29.853733333333203,-6.182000000000016,-9.127
P031,8.1,-1127.3063800000023,28.7355333333332,-11.182000000000016,-10.289
P031,8.2,-1124.5567598092132,27.49620190788976,-12.393314254434422,-11.131
P031,8.3,-1121.9310727609686,26.256870482446317,-12.393314254434422,-11.829
P031,8.4,-1119.4293188552683,25.017539057002875,-12.393314254434422,-12.561
P031,8.5,-1117.0514980921123,23.778207631559432,-12.393314254434422,-13.517
P031,8.6,-1114.7976104715008,22.53887620611599,-12.393314254434422,-14.486
P031,8.7,-1112.6676559934335,21.299544780672548,-12.393314254434422,-15.405
P031,8.8,-1110.6616346579106,20.060213355229106,-12.393314254434422,-16.056
P031,8.9,-1108.779546464932,18.820881929785664,-12.393314254434422,-16.488
P031,9.0,-1107.0213914144979,17.58155050434222,-12.393314254434422,-16.659
P031,9.1,-1105.387169506608,16.34221907889878,-12.393314254434422,-17.051
P031,9.2,-1103.8768807412625,15.102887653455337,-12.393314254434422,-17.28
P031,9.3,-1102.4905251184614,13.863556228011895,-12.393314254434422,-17.544
P031,9.4,-1101.2281026382045,12.624224802568452,-12.393314254434422,-17.667
P031,9.5,-1100.089613300492,11.38489337712501,-12.393314254434422,-17.667
P031,9.6,-1099.0750571053238,10.145561951681568,-12.393314254434422,-17.602
P031,9.7,-1098.1844340527,8.906230526238126,-12.393314254434422,-17.36
P031,9.8,-1097.4177441426204,7.6668991007946845,-12.393314254434413,-7.031
P032,0.0,-1411.22,43.175733333333326,0.0,0.41
P032,0.1,-1406.9024266666668,43.175733333333326,0.0,0.301
P032,0.2,-1402.5848533333335,43.175733333333326,0.0,0.205
P032,0.3,-1398.2672800000003,43.175733333333326,0.0,0.12
P032,0.4,-1393.949706666667,43.175733333333326,0.0,0.048
P032,0.5,-1389.6321333333337,43.175733333333326,0.0,-0.015
P032,0.6,-1385.3145600000005,43.175733333333326,0.0,-0.085
P032,0.7,-1380.9969866666672,43.175733333333326,0.0,-0.174
P032,0.8,-1376.679413333334,43.175733333333326,0.0,-0.265
P032,0.9,-1372.3618400000007,43.175733333333326,0.0,-0.345
P032,1.0,-1368.0442666666675,43.175733333333326,0.0,-0.414
P032,1.1,-1363.7266933333342,43.175733333333326,0.0,-0.467
P032,1.2,-1359.409120000001,43.175733333333326,0.0,-0.506
P032,1.3,-1355.0915466666677,43.175733333333326,0.0,-0.536
P032,1.4,-1350.7739733333344,43.175733333333326,0.0,-0.571
P032,1.5,-1346.4564000000012,43.175733333333326,0.0,-0.6
P032,1.6,-1342.138826666668,43.175733333333326,0.0,-0.616
P032,1.7,-1337.8212533333347,43.175733333333326,0.0,-0.625
P032,1.8,-1333.5036800000014,43.175733333333326,0.0,-0.602
P032,1.9,-1329.1861066666681,43.175733333333326,0.0,-0.488
P032,2.0,-1324.8685333333349,43.175733333333326,0.0,-0.317
P032,2.1,-1320.5509600000016,43.175733333333326,0.0,-0.151
P032,2.2,-1316.2333866666684,43.175733333333326,0.0,-0.02
P032,2.3,-1311.915813333335,43.175733333333326,0.0,0.08
P032,2.4,-1307.5982400000019,43.175733333333326,0.0,0.181
P032,2.5,-1303.2806666666686,43.175733333333326,0.0,0.292
P032,2.6,-1298.9630933333353,43.175733333333326,0.0,0.394
P032,2.7,-1294.645520000002,43.175733333333326,0.0,0.477
P032,2.8,-1290.3279466666688,43.175733333333326,0.0,0.52
P032,2.9,-1286.0103733333356,43.175733333333326,0.0,0.471
P032,3.0,-1281.6928000000023,43.175733333333326,0.0,0.341
P032,3.1,-1277.375226666669,43.175733333333326,0.0,0.193
P032,3.2,-1273.0576533333358,43.175733333333326,0.0,0.098
P032,3.3,-1268.7400800000025,43.175733333333326,0.0,0.068
P032,3.4,-1264.4225066666693,43.175733333333326,0.0,0.055
P032,3.5,-1260.104933333336,43.175733333333326,0.0,0.001
P032,3.6,-1255.7873600000028,43.175733333333326,0.0,-0.1
P032,3.7,-1251.4697866666695,43.175733333333326,0.0,-0.219
P032,3.8,-1247.1522133333362,43.175733333333326,0.0,-0.347
P032,3.9,-1242.834640000003,43.175733333333326,0.0,-0.47
P032,4.0,-1238.5170666666697,43.175733333333326,0.0,-0.564
P032,4.1,-1234.1994933333365,43.175733333333326,0.0,-0.613
P032,4.2,-1229.8819200000032,43.175733333333326,0.0,-0.678
P032,4.3,-1225.56434666667,43.175733333333326,0.0,-0.84
P032,4.4,-1221.2467733333367,43.175733333333326,0.0,-1.022
P032,4.5,-1216.9292000000034,43.175733333333326,0.0,-1.203
P032,4.6,-1212.6116266666702,43.175733333333326,0.0,-1.291
P032,4.7,-1208.294053333337,43.175733333333326,0.0,-1.314
P032,4.8,-1203.9764800000037,43.175733333333326,0.0,-1.317
P032,4.9,-1199.6589066666704,43.175733333333326,0.0,-1.315
P032,5.0,-1195.3413333333372,43.175733333333326,0.0,-1.313
P032,5.1,-1191.023760000004,43.175733333333326,0.0,-1.43
P032,5.2,-1186.7061866666706,43.175733333333326,0.0,-2.716
P032,5.3,-1182.4386133333373,42.675733333333326,-5.0,-4.64
P032,5.4,-1178.271040000004,41.675733333333326,-10.0,-6.392
P032,5.5,-1174.2519281045697,40.191118954342016,-14.8461437899131,-7.417
P032,5.6,-1170.3812776470347,38.706504575350706,-14.8461437899131,-8.055
P032,5.7,-1166.659088627399,37.221890196359396,-14.8461437899131,-8.613
P032,5.8,-1163.085361045662,35.73727581736809,-14.8461437899131,-8.76
P032,5.9,-1159.6600949018243,34.25266143837678,-14.8461437899131,-8.338
P032,6.0,-1156.3832901958858,32.76804705938547,-14.8461437899131,-7.849
P032,6.1,-1153.2549469278465,31.283432680394156,-14.8461437899131,-7.231
P032,6.2,-1150.2750650977061,29.798818301402846,-14.8461437899131,-7.381
P032,6.3,-1147.443644705465,28.314203922411536,-14.8461437899131,-7.785
P032,6.4,-1144.760685751123,26.829589543420227,-14.8461437899131,-8.422
P032,6.5,-1142.2261882346802,25.344975164428917,-14.8461437899131,-9.908
P032,6.6,-1139.8401521561364,23.860360785437607,-14.8461437899131,-11.461
P032,6.7,-1137.6025775154917,22.375746406446297,-14.8461437899131,-12.483
P032,6.8,-1135.5134643127462,20.891132027454987,-14.8461437899131,-13.421
P032,6.9,-1133.5728125479,19.406517648463677,-14.8461437899131,-14.173
P032,7.0,-1131.7806222209526,17.921903269472367,-14.8461437899131,-14.462
P032,7.1,-1130.1368933319045,16.437288890481057,-14.8461437899131,-14.336
P032,7.2,-1128.6416258807556,14.952674511489747,-14.8461437899131,-14.045
P032,7.3,-1127.2948198675058,13.468060132498437,-14.8461437899131,-13.656
P032,7.4,-1126.096475292155,11.983445753507127,-14.8461437899131,-13.127
P032,7.5,-1125.0465921547034,10.498831374515817,-14.8461437899131,-12.535
P032,7.6,-1124.145170455151,9.014216995524507,-14.8461437899131,-11.986
P032,7.7,-1123.3922101934977,7.529602616533197,-14.8461437899131,-11.527
P032,7.8,-1122.7877113697434,6.044988237541887,-14.8461437899131,-11.258
P032,7.9,-1122.3316739838883,4.560373858550577,-14.8461437899131,-11.107
P032,8.0,-1122.0240980359324,3.0757594795592667,-14.8461437899131,-11.259
P032,8.1,-1121.8649835258757,1.5911451005679564,-14.846143789913102,-11.275
P032,8.2,-1121.854330453718,0.10653072157664623,-14.846143789913102,-11.213
P032,8.3,-1121.854330453718,0.0,-1.0653072157664623,-10.954
P032,8.4,-1121.854330453718,0.0,0.0,-10.452
P032,8.5,-1121.854330453718,0.0,0.0,-9.622
P032,8.6,-1121.854330453718,0.0,0.0,-8.541
P032,8.7,-1121.854330453718,0.0,0.0,-7.528
P032,8.8,-1121.854330453718,0.0,0.0,-6.875
P032,8.9,-1121.854330453718,0.0,0.0,-5.953
P032,9.0,-1121.854330453718,0.0,0.0,-4.767
P032,9.1,-1121.854330453718,0.0,0.0,-3.576
P032,9.2,-1121.854330453718,0.0,0.0,-2.499
P032,9.3,-1121.854330453718,0.0,0.0,-1.361
P032,9.4,-1121.854330453718,0.0,0.0,-0.56
P032,9.5,-1121.854330453718,0.0,0.0,-0.328
P032,9.6,-1121.854330453718,0.0,0.0,-0.238
P032,9.7,-1121.854330453718,0.0,0.0,-0.209
P032,9.8,-1121.854330453718,0.0,0.0,-0.198
P032,9.9,-1121.854330453718,0.0,0.0,-0.193
P032,10.0,-1121.854330453718,0.0,0.0,-0.188
P032,10.1,-1121.854330453718,0.0,0.0,-0.183
P032,10.2,-1121.854330453718,0.0,0.0,-0.178
P032,10.3,-1121.854330453718,0.0,0.0,-0.174
P032,10.4,-1121.854330453718,0.0,0.0,-0.169
P032,10.5,-1121.854330453718,0.0,0.0,-0.166
P032,10.6,-1121.854330453718,0.0,0.0,-0.162
P032,10.7,-1121.854330453718,0.0,0.0,-0.158
P032,10.8,-1121.854330453718,0.0,0.0,-0.154
P032,10.9,-1121.854330453718,0.0,0.0,-0.15
P032,11.0,-1121.854330453718,0.0,0.0,-0.147
P032,11.1,-1121.854330453718,0.0,0.0,-0.143
P032,11.2,-1121.854330453718,0.0,0.0,-0.14
P032,11.3,-1121.854330453718,0.0,0.0,-0.136
P032,11.4,-1121.854330453718,0.0,0.0,-0.316
P032,11.5,-1121.854330453718,0.0,0.0,-1.669
P032,11.6,-1121.854330453718,0.0,0.0,-3.317
P032,11.7,-1121.854330453718,0.0,0.0,-4.689
P032,11.8,-1121.854330453718,0.0,0.0,-5.42
P032,11.9,-1121.854330453718,0.0,0.0,-5.756
