participant_id,model,time_s,observed_mph,predicted_mph,residual_mph,t2_hat
P001,ConstDecel,0.0,29.597,29.597,0.0,7.8
P001,ConstDecel,0.1,29.506,29.40652481062302,-0.09947518937698163,7.8
P001,ConstDecel,0.2,29.415,29.216049621246043,-0.19895037875395616,7.8
P001,ConstDecel,0.3,29.324,29.02557443186906,-0.29842556813094134,7.8
P001,ConstDecel,0.4,29.233,28.83509924249208,-0.3979007575079194,7.8
P001,ConstDecel,0.5,29.142,28.644624053115102,-0.4973759468848975,7.8
P001,ConstDecel,0.6,29.051,28.454148863738123,-0.5968511362618756,7.8
P001,ConstDecel,0.7,28.961,28.26367367436114,-0.6973263256388584,7.8
P001,ConstDecel,0.8,28.871,28.073198484984164,-0.7978015150158342,7.8
P001,ConstDecel,0.9,28.781,27.88272329560718,-0.898276704392817,7.8
P001,ConstDecel,1.0,28.691,27.6922481062302,-0.9987518937697999,7.8
P001,ConstDecel,1.1,28.601,27.501772916853223,-1.0992270831467756,7.8
P001,ConstDecel,1.2,28.511,27.311297727476244,-1.199702272523755,7.8
P001,ConstDecel,1.3,28.421,27.12082253809926,-1.3001774619007378,7.8
P001,ConstDecel,1.4,28.332,26.930347348722286,-1.4016526512777148,7.8
P001,ConstDecel,1.5,28.243,26.739872159345303,-1.5031278406546953,7.8
P001,ConstDecel,1.6,28.153,26.54939696996832,-1.6036030300316781,7.8
P001,ConstDecel,1.7,28.064,26.358921780591345,-1.7050782194086551,7.8
P001,ConstDecel,1.8,27.976,26.168446591214362,-1.8075534087856369,7.8
P001,ConstDecel,1.9,27.887,25.977971401837387,-1.9090285981626138,7.8
P001,ConstDecel,2.0,27.798,25.787496212460404,-2.0105037875395944,7.8
P001,ConstDecel,2.1,27.71,25.597021023083425,-2.112978976916576,7.8
P001,ConstDecel,2.2,27.621,25.406545833706442,-2.2144541662935566,7.8
P001,ConstDecel,2.3,27.533,25.216070644329466,-2.316929355670535,7.8
P001,ConstDecel,2.4,27.445,25.025595454952484,-2.4194045450475166,7.8
P001,ConstDecel,2.5,27.357,24.835120265575508,-2.521879734424491,7.8
P001,ConstDecel,2.6,27.269,24.644645076198525,-2.624354923801473,7.8
P001,ConstDecel,2.7,27.182,24.454169886821546,-2.7278301131784524,7.8
P001,ConstDecel,2.8,27.094,24.263694697444567,-2.830305302555434,7.8
P001,ConstDecel,2.9,27.007,24.073219508067588,-2.9337804919324135,7.8
P001,ConstDecel,3.0,26.92,23.882744318690605,-3.0372556813093965,7.8
P001,ConstDecel,3.1,26.833,23.69226912931363,-3.140730870686369,7.8
P001,ConstDecel,3.2,26.746,23.501793939936647,-3.2442060600633518,7.8
P001,ConstDecel,3.3,26.659,23.311318750559668,-3.347681249440331,7.8
P001,ConstDecel,3.4,26.572,23.12084356118269,-3.4511564388173106,7.8
P001,ConstDecel,3.5,26.485,22.93036837180571,-3.55463162819429,7.8
P001,ConstDecel,3.6,26.399,22.739893182428727,-3.659106817571274,7.8
P001,ConstDecel,3.7,26.313,22.54941799305175,-3.7635820069482477,7.8
P001,ConstDecel,3.8,26.226,22.35894280367477,-3.8670571963252307,7.8
P001,ConstDecel,3.9,26.14,22.168467614297786,-3.971532385702215,7.8
P001,ConstDecel,4.0,26.054,21.97799242492081,-4.076007575079188,7.8
P001,ConstDecel,4.1,25.969,21.78751723554383,-4.18148276445617,7.8
P001,ConstDecel,4.2,25.883,21.597042046166848,-4.285957953833151,7.8
P001,ConstDecel,4.3,25.797,21.406566856789873,-4.390433143210128,7.8
P001,ConstDecel,4.4,25.712,21.21609166741289,-4.49590833258711,7.8
P001,ConstDecel,4.5,25.627,21.02561647803591,-4.601383521964088,7.8
P001,ConstDecel,4.6,25.542,20.83514128865893,-4.70685871134107,7.8
P001,ConstDecel,4.7,25.457,20.64466609928195,-4.812333900718052,7.8
P001,ConstDecel,4.8,25.372,20.45419090990497,-4.91780909009503,7.8
P001,ConstDecel,4.9,25.287,20.263715720527994,-5.023284279472005,7.8
P001,ConstDecel,5.0,25.202,20.07324053115101,-5.12875946884899,7.8
P001,ConstDecel,5.1,25.118,19.882765341774036,-5.235234658225963,7.8
P001,ConstDecel,5.2,25.033,19.692290152397053,-5.340709847602948,7.8
P001,ConstDecel,5.3,24.949,19.50181496302007,-5.447185036979931,7.8
P001,ConstDecel,5.4,24.865,19.31133977364309,-5.553660226356907,7.8
P001,ConstDecel,5.5,24.781,19.120864584266112,-5.660135415733887,7.8
P001,ConstDecel,5.6,24.697,18.930389394889133,-5.766610605110866,7.8
P001,ConstDecel,5.7,24.613,18.739914205512154,-5.873085794487846,7.8
P001,ConstDecel,5.8,24.53,18.549439016135175,-5.980560983864827,7.8
P001,ConstDecel,5.9,24.446,18.358963826758192,-6.08703617324181,7.8
P001,ConstDecel,6.0,24.363,18.168488637381213,-6.194511362618787,7.8
P001,ConstDecel,6.1,24.279,17.978013448004234,-6.300986551995766,7.8
P001,ConstDecel,6.2,24.196,17.787538258627254,-6.408461741372747,7.8
P001,ConstDecel,6.3,24.113,17.597063069250275,-6.515936930749724,7.8
P001,ConstDecel,6.4,24.03,17.406587879873296,-6.623412120126705,7.8
P001,ConstDecel,6.5,23.947,17.216112690496317,-6.730887309503682,7.8
P001,ConstDecel,6.6,23.864,17.025637501119338,-6.838362498880663,7.8
P001,ConstDecel,6.7,23.782,16.835162311742355,-6.946837688257645,7.8
P001,ConstDecel,6.8,23.699,16.644687122365376,-7.054312877634626,7.8
P001,ConstDecel,6.9,23.617,16.454211932988397,-7.162788067011604,7.8
P001,ConstDecel,7.0,23.527,16.263736743611418,-7.2632632563885835,7.8
P001,ConstDecel,7.1,23.436,16.07326155423444,-7.362738445765562,7.8
P001,ConstDecel,7.2,23.338,15.882786364857456,-7.455213635142545,7.8
P001,ConstDecel,7.3,23.169,15.692311175480476,-7.476688824519524,7.8
P001,ConstDecel,7.4,22.875,15.501835986103497,-7.373164013896503,7.8
P001,ConstDecel,7.5,22.453,15.311360796726518,-7.141639203273481,7.8
P001,ConstDecel,7.6,21.932,15.120885607349539,-6.81111439265046,7.8
P001,ConstDecel,7.7,21.288,14.930410417972558,-6.357589582027442,7.8
P001,ConstDecel,7.8,20.509,14.739935228595579,-5.769064771404421,7.8
P001,ConstDecel,7.9,19.599,14.549460039218598,-5.049539960781402,7.8
P001,ConstDecel,8.0,18.562,14.358984849841619,-4.203015150158382,7.8
P001,ConstDecel,8.1,17.42,14.16850966046464,-3.251490339535362,7.8
P001,ConstDecel,8.2,16.186,13.97803447108766,-2.2079655289123394,7.8
P001,ConstDecel,8.3,14.762,13.78755928171068,-0.9744407182893209,7.8
P001,ConstDecel,8.4,13.078,13.597084092333697,0.5190840923336975,7.8
P001,ConstDecel,8.5,11.227,13.40660890295672,2.179608902956719,7.8
P001,ConstDecel,8.6,9.265,13.21613371357974,3.9511337135797397,7.8
P001,ConstDecel,8.7,7.228,13.025658524202761,5.797658524202761,7.8
P001,ConstDecel,8.8,5.125,12.835183334825778,7.7101833348257784,7.8
P001,ConstDecel,8.9,2.973,12.644708145448801,9.6717081454488,7.8
P001,ConstDecel,9.0,0.831,12.454232956071822,11.623232956071822,7.8
P001,ConstDecel,9.1,0.196,12.263757766694843,12.067757766694843,7.8
P001,SafeEnv,0.0,29.597,29.597,0.0,7.8
P001,SafeEnv,0.1,29.506,29.597,0.09100000000000108,7.8
P001,SafeEnv,0.2,29.415,29.597,0.18200000000000216,7.8
P001,SafeEnv,0.3,29.324,29.597,0.2729999999999997,7.8
P001,SafeEnv,0.4,29.233,29.597,0.36400000000000077,7.8
P001,SafeEnv,0.5,29.142,29.597,0.45500000000000185,7.8
P001,SafeEnv,0.6,29.051,29.597,0.5460000000000029,7.8
P001,SafeEnv,0.7,28.961,29.597,0.6360000000000028,7.8
P001,SafeEnv,0.8,28.871,29.597,0.7260000000000026,7.8
P001,SafeEnv,0.9,28.781,29.597,0.8160000000000025,7.8
P001,SafeEnv,1.0,28.691,29.597,0.9060000000000024,7.8
P001,SafeEnv,1.1,28.601,29.597,0.9960000000000022,7.8
P001,SafeEnv,1.2,28.511,29.597,1.086000000000002,7.8
P001,SafeEnv,1.3,28.421,29.597,1.176000000000002,7.8
P001,SafeEnv,1.4,28.332,29.597,1.2650000000000006,7.8
P001,SafeEnv,1.5,28.243,29.597,1.3540000000000028,7.8
P001,SafeEnv,1.6,28.153,29.597,1.4440000000000026,7.8
P001,SafeEnv,1.7,28.064,29.597,1.5330000000000013,7.8
P001,SafeEnv,1.8,27.976,29.597,1.6210000000000022,7.8
P001,SafeEnv,1.9,27.887,29.597,1.7100000000000009,7.8
P001,SafeEnv,2.0,27.798,29.597,1.799000000000003,7.8
P001,SafeEnv,2.1,27.71,29.597,1.8870000000000005,7.8
P001,SafeEnv,2.2,27.621,29.597,1.9760000000000026,7.8
P001,SafeEnv,2.3,27.533,29.597,2.064,7.8
P001,SafeEnv,2.4,27.445,29.597,2.152000000000001,7.8
P001,SafeEnv,2.5,27.357,29.597,2.240000000000002,7.8
P001,SafeEnv,2.6,27.269,29.597,2.328000000000003,7.8
P001,SafeEnv,2.7,27.182,29.597,2.4150000000000027,7.8
P001,SafeEnv,2.8,27.094,29.597,2.503,7.8
P001,SafeEnv,2.9,27.007,29.597,2.59,7.8
P001,SafeEnv,3.0,26.92,29.597,2.6769999999999996,7.8
P001,SafeEnv,3.1,26.833,29.597,2.764000000000003,7.8
P001,SafeEnv,3.2,26.746,29.597,2.8510000000000026,7.8
P001,SafeEnv,3.3,26.659,29.597,2.9380000000000024,7.8
P001,SafeEnv,3.4,26.572,29.597,3.025000000000002,7.8
P001,SafeEnv,3.5,26.485,29.597,3.112000000000002,7.8
P001,SafeEnv,3.6,26.399,29.597,3.1980000000000004,7.8
P001,SafeEnv,3.7,26.313,29.597,3.2840000000000025,7.8
P001,SafeEnv,3.8,26.226,29.597,3.371000000000002,7.8
P001,SafeEnv,3.9,26.14,29.597,3.4570000000000007,7.8
P001,SafeEnv,4.0,26.054,29.597,3.543000000000003,7.8
P001,SafeEnv,4.1,25.969,29.597,3.628,7.8
P001,SafeEnv,4.2,25.883,29.597,3.714000000000002,7.8
P001,SafeEnv,4.3,25.797,29.597,3.8000000000000007,7.8
P001,SafeEnv,4.4,25.712,29.597,3.8850000000000016,7.8
P001,SafeEnv,4.5,25.627,29.597,3.9700000000000024,7.8
P001,SafeEnv,4.6,25.542,29.597,4.055,7.8
P001,SafeEnv,4.7,25.457,29.597,4.140000000000001,7.8
P001,SafeEnv,4.8,25.372,29.597,4.225000000000001,7.8
P001,SafeEnv,4.9,25.287,29.597,4.310000000000002,7.8
P001,SafeEnv,5.0,25.202,29.597,4.395,7.8
P001,SafeEnv,5.1,25.118,29.597,4.479000000000003,7.8
P001,SafeEnv,5.2,25.033,29.597,4.564,7.8
P001,SafeEnv,5.3,24.949,29.597,4.648,7.8
P001,SafeEnv,5.4,24.865,29.597,4.732000000000003,7.8
P001,SafeEnv,5.5,24.781,29.597,4.8160000000000025,7.8
P001,SafeEnv,5.6,24.697,29.589045806703915,4.892045806703916,7.8
P001,SafeEnv,5.7,24.613,28.915082125211953,4.302082125211953,7.8
P001,SafeEnv,5.8,24.53,28.241301469090995,3.7113014690909942,7.8
P001,SafeEnv,5.9,24.446,27.567712516958725,3.1217125169587234,7.8
P001,SafeEnv,6.0,24.363,26.894324576927833,2.531324576927833,7.8
P001,SafeEnv,6.1,24.279,26.221147648777556,1.9421476487775564,7.8
P001,SafeEnv,6.2,24.196,25.548192493971687,1.3521924939716854,7.8
P001,SafeEnv,6.3,24.113,24.87547071473907,0.7624707147390701,7.8
P001,SafeEnv,6.4,24.03,24.202994843657816,0.1729948436578148,7.8
P001,SafeEnv,6.5,23.947,23.53077844545795,-0.416221554542048,7.8
P001,SafeEnv,6.6,23.864,22.858836233093196,-1.0051637669068043,7.8
P001,SafeEnv,6.7,23.782,22.187184200542806,-1.5948157994571943,7.8
P001,SafeEnv,6.8,23.699,21.51583977531492,-2.183160224685082,7.8
P001,SafeEnv,6.9,23.617,20.844821994253905,-2.7721780057460954,7.8
P001,SafeEnv,7.0,23.527,20.174151707045525,-3.3528482929544765,7.8
P001,SafeEnv,7.1,23.436,19.50385181280783,-3.932148187192169,7.8
P001,SafeEnv,7.2,23.338,18.833947536416506,-4.504052463583495,7.8
P001,SafeEnv,7.3,23.169,18.164466752819397,-5.004533247180603,7.8
P001,SafeEnv,7.4,22.875,17.49544036966146,-5.379559630338541,7.8
P001,SafeEnv,7.5,22.453,16.82690278121726,-5.626097218782739,7.8
P001,SafeEnv,7.6,21.932,16.158892410125258,-5.773107589874741,7.8
P001,SafeEnv,7.7,21.288,15.491452358028132,-5.796547641971868,7.8
P001,SafeEnv,7.8,20.509,14.824631192365215,-5.684368807634785,7.8
P001,SafeEnv,7.9,19.599,14.158483904820955,-5.440516095179046,7.8
P001,SafeEnv,8.0,18.562,13.493073088175123,-5.068926911824878,7.8
P001,SafeEnv,8.1,17.42,12.828470393778296,-4.591529606221705,7.8
P001,SafeEnv,8.2,16.186,12.164758353473406,-4.021241646526594,7.8
P001,SafeEnv,8.3,14.762,11.502032680345984,-3.2599673196540166,7.8
P001,SafeEnv,8.4,13.078,10.840405206608441,-2.2375947933915583,7.8
P001,SafeEnv,8.5,11.227,10.180007681107476,-1.0469923188925243,7.8
P001,SafeEnv,8.6,9.265,9.52099674448843,0.2559967444884297,7.8
P001,SafeEnv,8.7,7.228,8.863560545168923,1.6355605451689232,7.8
P001,SafeEnv,8.8,5.125,8.207927684680621,3.0829276846806213,7.8
P001,SafeEnv,8.9,2.973,7.554379539825187,4.581379539825187,7.8
P001,SafeEnv,9.0,0.831,6.903267596522615,6.0722675965226145,7.8
P001,SafeEnv,9.1,0.196,6.255038422023069,6.059038422023069,7.8
P001,CGP,0.0,29.597,29.597,0.0,7.8
P001,CGP,0.1,29.506,29.505568181818184,-0.000431818181816368,7.8
P001,CGP,0.2,29.415,29.41413636363637,-0.0008636363636291833,7.8
P001,CGP,0.3,29.324,29.322704545454553,-0.001295454545449104,7.8
P001,CGP,0.4,29.233,29.23127272727274,-0.0017272727272619193,7.8
P001,CGP,0.5,29.142,29.13984090909092,-0.0021590909090782873,7.8
P001,CGP,0.6,29.051,29.048409090909104,-0.0025909090908946553,7.8
P001,CGP,0.7,28.961,28.95697727272729,-0.004022727272708693,7.8
P001,CGP,0.8,28.871,28.865545454545472,-0.005454545454526283,7.8
P001,CGP,0.9,28.781,28.77411363636366,-0.00688636363634032,7.8
P001,CGP,1.0,28.691,28.68268181818184,-0.00831818181815791,7.8
P001,CGP,1.1,28.601,28.591250000000027,-0.009749999999971948,7.8
P001,CGP,1.2,28.511,28.49981818181821,-0.011181818181789538,7.8
P001,CGP,1.3,28.421,28.408386363636396,-0.012613636363603575,7.8
P001,CGP,1.4,28.332,28.31695454545458,-0.015045454545422388,7.8
P001,CGP,1.5,28.243,28.225522727272764,-0.017477272727234094,7.8
P001,CGP,1.6,28.153,28.134090909090947,-0.018909090909051685,7.8
P001,CGP,1.7,28.064,28.04265909090913,-0.021340909090870497,7.8
P001,CGP,1.8,27.976,27.951227272727316,-0.024772727272683426,7.8
P001,CGP,1.9,27.887,27.859795454545498,-0.027204545454502238,7.8
P001,CGP,2.0,27.798,27.768363636363684,-0.029636363636313945,7.8
P001,CGP,2.1,27.71,27.676931818181867,-0.03306818181813398,7.8
P001,CGP,2.2,27.621,27.585500000000053,-0.035499999999945686,7.8
P001,CGP,2.3,27.533,27.494068181818236,-0.03893181818176572,7.8
P001,CGP,2.4,27.445,27.40263636363642,-0.04236363636357865,7.8
P001,CGP,2.5,27.357,27.311204545454604,-0.04579545454539513,7.8
P001,CGP,2.6,27.269,27.219772727272787,-0.04922727272721161,7.8
P001,CGP,2.7,27.182,27.128340909090973,-0.053659090909025764,7.8
P001,CGP,2.8,27.094,27.036909090909155,-0.0570909090908458,7.8
P001,CGP,2.9,27.007,26.94547727272734,-0.06152272727265995,7.8
P001,CGP,3.0,26.92,26.854045454545524,-0.06595454545447765,7.8
P001,CGP,3.1,26.833,26.76261363636371,-0.07038636363628825,7.8
P001,CGP,3.2,26.746,26.671181818181893,-0.07481818181810596,7.8
P001,CGP,3.3,26.659,26.57975000000008,-0.0792499999999201,7.8
P001,CGP,3.4,26.572,26.48831818181826,-0.08368181818173781,7.8
P001,CGP,3.5,26.485,26.396886363636447,-0.08811363636355196,7.8
P001,CGP,3.6,26.399,26.30545454545463,-0.09354545454537089,7.8
P001,CGP,3.7,26.313,26.214022727272813,-0.09897727272718626,7.8
P001,CGP,3.8,26.226,26.122590909091,-0.10340909090900041,7.8
P001,CGP,3.9,26.14,26.03115909090918,-0.10884090909081934,7.8
P001,CGP,4.0,26.054,25.939727272727367,-0.11427272727263116,7.8
P001,CGP,4.1,25.969,25.84829545454555,-0.1207045454544513,7.8
P001,CGP,4.2,25.883,25.756863636363736,-0.12613636363626313,7.8
P001,CGP,4.3,25.797,25.66543181818192,-0.13156818181808205,7.8
P001,CGP,4.4,25.712,25.574000000000105,-0.1379999999998951,7.8
P001,CGP,4.5,25.627,25.482568181818287,-0.1444318181817117,7.8
P001,CGP,4.6,25.542,25.391136363636473,-0.1508636363635283,7.8
P001,CGP,4.7,25.457,25.299704545454656,-0.15729545454534488,7.8
P001,CGP,4.8,25.372,25.20827272727284,-0.16372727272716148,7.8
P001,CGP,4.9,25.287,25.116840909091025,-0.17015909090897452,7.8
P001,CGP,5.0,25.202,25.025409090909207,-0.17659090909079467,7.8
P001,CGP,5.1,25.118,24.933977272727393,-0.18402272727260538,7.8
P001,CGP,5.2,25.033,24.842545454545576,-0.19045454545442553,7.8
P001,CGP,5.3,24.949,24.751113636363762,-0.1978863636362398,7.8
P001,CGP,5.4,24.865,24.659681818181944,-0.20531818181805406,7.8
P001,CGP,5.5,24.781,24.56825000000013,-0.21274999999986832,7.8
P001,CGP,5.6,24.697,24.476818181818313,-0.22018181818168614,7.8
P001,CGP,5.7,24.613,24.3853863636365,-0.2276136363635004,7.8
P001,CGP,5.8,24.53,24.29395454545468,-0.23604545454531944,7.8
P001,CGP,5.9,24.446,24.202522727272864,-0.24347727272713726,7.8
P001,CGP,6.0,24.363,24.11109090909105,-0.2519090909089492,7.8
P001,CGP,6.1,24.279,24.019659090909233,-0.259340909090767,7.8
P001,CGP,6.2,24.196,23.92822727272742,-0.2677727272725825,7.8
P001,CGP,6.3,24.113,23.8367954545456,-0.276204545454398,7.8
P001,CGP,6.4,24.03,23.745363636363788,-0.2846363636362135,7.8
P001,CGP,6.5,23.947,23.65393181818197,-0.29306818181802896,7.8
P001,CGP,6.6,23.864,23.562500000000156,-0.30149999999984445,7.8
P001,CGP,6.7,23.782,23.47106818181834,-0.31093181818166116,7.8
P001,CGP,6.8,23.699,23.37963636363652,-0.3193636363634802,7.8
P001,CGP,6.9,23.617,23.288204545454708,-0.32879545454529335,7.8
P001,CGP,7.0,23.527,23.19677272727289,-0.33022727272711094,7.8
P001,CGP,7.1,23.436,23.105340909091076,-0.33065909090892376,7.8
P001,CGP,7.2,23.338,23.01390909090926,-0.32409090909074223,7.8
P001,CGP,7.3,23.169,22.922477272727445,-0.24652272727255564,7.8
P001,CGP,7.4,22.875,22.26624053259867,-0.608759467401331,7.8
P001,CGP,7.5,22.453,21.59485893772993,-0.858141062270068,7.8
P001,CGP,7.6,21.932,20.923477342861197,-1.0085226571388013,7.8
P001,CGP,7.7,21.288,20.25209574799246,-1.0359042520075405,7.8
P001,CGP,7.8,20.509,19.580714153123726,-0.9282858468762747,7.8
P001,CGP,7.9,19.599,18.568423467345898,-1.030576532654102,7.8
P001,CGP,8.0,18.562,17.22444154554637,-1.3375584544536316,7.8
P001,CGP,8.1,17.42,15.880459623746841,-1.5395403762531608,7.8
P001,CGP,8.2,16.186,14.536477701947312,-1.6495222980526876,7.8
P001,CGP,8.3,14.762,13.192495780147784,-1.5695042198522167,7.8
P001,CGP,8.4,13.078,11.848513858348255,-1.2294861416517442,7.8
P001,CGP,8.5,11.227,10.504531936548727,-0.7224680634512737,7.8
P001,CGP,8.6,9.265,9.1605500147492,-0.10444998525080074,7.8
P001,CGP,8.7,7.228,7.816568092949672,0.5885680929496724,7.8
P001,CGP,8.8,5.125,6.4725861711501445,1.3475861711501445,7.8
P001,CGP,8.9,2.973,5.128604249350618,2.155604249350618,7.8
P001,CGP,9.0,0.831,3.7846223275510895,2.9536223275510896,7.8
P001,CGP,9.1,0.196,2.4406404057515623,2.244640405751562,7.8
P002,ConstDecel,0.0,30.218,30.218,0.0,7.3
P002,ConstDecel,0.1,30.126,30.01969369451116,-0.10630630548883957,7.3
P002,ConstDecel,0.2,30.034,29.82138738902232,-0.21261261097767914,7.3
P002,ConstDecel,0.3,29.942,29.623081083533478,-0.31891891646652226,7.3
P002,ConstDecel,0.4,29.85,29.42477477804464,-0.42522522195536183,7.3
P002,ConstDecel,0.5,29.759,29.226468472555798,-0.5325315274442026,7.3
P002,ConstDecel,0.6,29.667,29.028162167066956,-0.6388378329330457,7.3
P002,ConstDecel,0.7,29.575,28.829855861578114,-0.7451441384218853,7.3
P002,ConstDecel,0.8,29.484,28.631549556089276,-0.8524504439107261,7.3
P002,ConstDecel,0.9,29.392,28.433243250600434,-0.9587567493995657,7.3
P002,ConstDecel,1.0,29.301,28.234936945111592,-1.0660630548884065,7.3
P002,ConstDecel,1.1,29.211,28.03663063962275,-1.1743693603772485,7.3
P002,ConstDecel,1.2,29.12,27.83832433413391,-1.2816756658660893,7.3
P002,ConstDecel,1.3,29.029,27.64001802864507,-1.38898197135493,7.3
P002,ConstDecel,1.4,28.939,27.441711723156228,-1.497288276843772,7.3
P002,ConstDecel,1.5,28.849,27.243405417667386,-1.605594582332614,7.3
P002,ConstDecel,1.6,28.759,27.045099112178548,-1.7139008878214526,7.3
P002,ConstDecel,1.7,28.669,26.84679280668971,-1.822207193310291,7.3
P002,ConstDecel,1.8,28.579,26.648486501200864,-1.9305134987991366,7.3
P002,ConstDecel,1.9,28.489,26.45018019571203,-2.0388198042879715,7.3
P002,ConstDecel,2.0,28.4,26.251873890223184,-2.1481261097768147,7.3
P002,ConstDecel,2.1,28.31,26.053567584734346,-2.256432415265653,7.3
P002,ConstDecel,2.2,28.221,25.8552612792455,-2.3657387207545,7.3
P002,ConstDecel,2.3,28.132,25.656954973756665,-2.475045026243336,7.3
P002,ConstDecel,2.4,28.043,25.458648668267823,-2.584351331732176,7.3
P002,ConstDecel,2.5,27.954,25.260342362778985,-2.6936576372210155,7.3
P002,ConstDecel,2.6,27.865,25.062036057290143,-2.802963942709855,7.3
P002,ConstDecel,2.7,27.777,24.8637297518013,-2.9132702481986996,7.3
P002,ConstDecel,2.8,27.688,24.66542344631246,-3.0225765536875393,7.3
P002,ConstDecel,2.9,27.6,24.46711714082362,-3.13288285917638,7.3
P002,ConstDecel,3.0,27.512,24.26881083533478,-3.243189164665221,7.3
P002,ConstDecel,3.1,27.424,24.070504529845937,-3.353495470154062,7.3
P002,ConstDecel,3.2,27.336,23.872198224357096,-3.463801775642903,7.3
P002,ConstDecel,3.3,27.248,23.673891918868257,-3.574108081131744,7.3
P002,ConstDecel,3.4,27.16,23.475585613379415,-3.6844143866205847,7.3
P002,ConstDecel,3.5,27.073,23.277279307890574,-3.795720692109427,7.3
P002,ConstDecel,3.6,26.985,23.07897300240173,-3.9060269975982678,7.3
P002,ConstDecel,3.7,26.898,22.880666696912893,-4.017333303087106,7.3
P002,ConstDecel,3.8,26.811,22.68236039142405,-4.1286396085759485,7.3
P002,ConstDecel,3.9,26.724,22.48405408593521,-4.239945914064791,7.3
P002,ConstDecel,4.0,26.637,22.28574778044637,-4.351252219553629,7.3
P002,ConstDecel,4.1,26.551,22.08744147495753,-4.463558525042469,7.3
P002,ConstDecel,4.2,26.464,21.889135169468688,-4.574864830531311,7.3
P002,ConstDecel,4.3,26.378,21.690828863979846,-4.6871711360201544,7.3
P002,ConstDecel,4.4,26.291,21.492522558491007,-4.798477441508993,7.3
P002,ConstDecel,4.5,26.205,21.294216253002165,-4.910783746997833,7.3
P002,ConstDecel,4.6,26.119,21.095909947513324,-5.023090052486676,7.3
P002,ConstDecel,4.7,26.033,20.89760364202448,-5.1353963579755195,7.3
P002,ConstDecel,4.8,25.948,20.699297336535643,-5.248702663464357,7.3
P002,ConstDecel,4.9,25.862,20.5009910310468,-5.361008968953197,7.3
P002,ConstDecel,5.0,25.776,20.30268472555796,-5.47331527444204,7.3
P002,ConstDecel,5.1,25.691,20.10437842006912,-5.586621579930878,7.3
P002,ConstDecel,5.2,25.606,19.90607211458028,-5.699927885419722,7.3
P002,ConstDecel,5.3,25.521,19.70776580909144,-5.81323419090856,7.3
P002,ConstDecel,5.4,25.436,19.509459503602596,-5.926540496397404,7.3
P002,ConstDecel,5.5,25.351,19.311153198113757,-6.039846801886242,7.3
P002,ConstDecel,5.6,25.266,19.11284689262492,-6.153153107375079,7.3
P002,ConstDecel,5.7,25.181,18.914540587136077,-6.266459412863924,7.3
P002,ConstDecel,5.8,25.097,18.716234281647235,-6.380765718352766,7.3
P002,ConstDecel,5.9,25.013,18.517927976158393,-6.495072023841608,7.3
P002,ConstDecel,6.0,24.928,18.319621670669555,-6.608378329330446,7.3
P002,ConstDecel,6.1,24.844,18.121315365180713,-6.722684634819288,7.3
P002,ConstDecel,6.2,24.76,17.92300905969187,-6.83699094030813,7.3
P002,ConstDecel,6.3,24.676,17.72470275420303,-6.951297245796969,7.3
P002,ConstDecel,6.4,24.593,17.52639644871419,-7.066603551285809,7.3
P002,ConstDecel,6.5,24.509,17.32809014322535,-7.180909856774651,7.3
P002,ConstDecel,6.6,24.425,17.12978383773651,-7.29521616226349,7.3
P002,ConstDecel,6.7,24.342,16.931477532247666,-7.410522467752333,7.3
P002,ConstDecel,6.8,24.259,16.733171226758827,-7.525828773241173,7.3
P002,ConstDecel,6.9,24.175,16.534864921269985,-7.640135078730015,7.3
P002,ConstDecel,7.0,24.071,16.336558615781147,-7.734441384218854,7.3
P002,ConstDecel,7.1,23.815,16.138252310292305,-7.676747689707696,7.3
P002,ConstDecel,7.2,23.329,15.939946004803463,-7.389053995196537,7.3
P002,ConstDecel,7.3,22.5,15.741639699314625,-6.758360300685375,7.3
P002,ConstDecel,7.4,21.296,15.543333393825781,-5.752666606174218,7.3
P002,ConstDecel,7.5,19.742,15.345027088336943,-4.396972911663058,7.3
P002,ConstDecel,7.6,17.947,15.146720782848101,-2.800279217151898,7.3
P002,ConstDecel,7.7,16.014,14.948414477359261,-1.0655855226407382,7.3
P002,ConstDecel,7.8,13.986,14.75010817187042,0.7641081718704186,7.3
P002,ConstDecel,7.9,11.874,14.55180186638158,2.6778018663815786,7.3
P002,ConstDecel,8.0,9.69,14.353495560892737,4.663495560892738,7.3
P002,ConstDecel,8.1,7.46,14.155189255403897,6.695189255403897,7.3
P002,ConstDecel,8.2,5.284,13.956882949915059,8.67288294991506,7.3
P002,ConstDecel,8.3,3.43,13.758576644426215,10.328576644426215,7.3
P002,ConstDecel,8.4,1.804,13.560270338937373,11.756270338937373,7.3
P002,ConstDecel,8.5,0.24,13.361964033448533,13.121964033448533,7.3
P002,SafeEnv,0.0,30.218,30.218,0.0,7.3
P002,SafeEnv,0.1,30.126,30.218,0.09199999999999875,7.3
P002,SafeEnv,0.2,30.034,30.218,0.18400000000000105,7.3
P002,SafeEnv,0.3,29.942,30.218,0.2759999999999998,7.3
P002,SafeEnv,0.4,29.85,30.218,0.36799999999999855,7.3
P002,SafeEnv,0.5,29.759,30.218,0.45899999999999963,7.3
P002,SafeEnv,0.6,29.667,30.218,0.5509999999999984,7.3
P002,SafeEnv,0.7,29.575,30.218,0.6430000000000007,7.3
P002,SafeEnv,0.8,29.484,30.218,0.7339999999999982,7.3
P002,SafeEnv,0.9,29.392,30.218,0.8260000000000005,7.3
P002,SafeEnv,1.0,29.301,30.218,0.9170000000000016,7.3
P002,SafeEnv,1.1,29.211,30.218,1.0070000000000014,7.3
P002,SafeEnv,1.2,29.12,30.218,1.097999999999999,7.3
P002,SafeEnv,1.3,29.029,30.218,1.189,7.3
P002,SafeEnv,1.4,28.939,30.218,1.279,7.3
P002,SafeEnv,1.5,28.849,30.218,1.3689999999999998,7.3
P002,SafeEnv,1.6,28.759,30.218,1.4589999999999996,7.3
P002,SafeEnv,1.7,28.669,30.218,1.5489999999999995,7.3
P002,SafeEnv,1.8,28.579,30.218,1.6389999999999993,7.3
P002,SafeEnv,1.9,28.489,30.218,1.7289999999999992,7.3
P002,SafeEnv,2.0,28.4,30.218,1.8180000000000014,7.3
P002,SafeEnv,2.1,28.31,30.218,1.9080000000000013,7.3
P002,SafeEnv,2.2,28.221,30.218,1.9969999999999999,7.3
P002,SafeEnv,2.3,28.132,30.218,2.0859999999999985,7.3
P002,SafeEnv,2.4,28.043,30.218,2.1750000000000007,7.3
P002,SafeEnv,2.5,27.954,30.218,2.2639999999999993,7.3
P002,SafeEnv,2.6,27.865,30.218,2.3530000000000015,7.3
P002,SafeEnv,2.7,27.777,30.218,2.440999999999999,7.3
P002,SafeEnv,2.8,27.688,30.218,2.530000000000001,7.3
P002,SafeEnv,2.9,27.6,30.218,2.6179999999999986,7.3
P002,SafeEnv,3.0,27.512,30.218,2.7059999999999995,7.3
P002,SafeEnv,3.1,27.424,30.218,2.7940000000000005,7.3
P002,SafeEnv,3.2,27.336,30.218,2.8820000000000014,7.3
P002,SafeEnv,3.3,27.248,30.218,2.969999999999999,7.3
P002,SafeEnv,3.4,27.16,30.218,3.058,7.3
P002,SafeEnv,3.5,27.073,30.218,3.1449999999999996,7.3
P002,SafeEnv,3.6,26.985,30.218,3.2330000000000005,7.3
P002,SafeEnv,3.7,26.898,30.218,3.3200000000000003,7.3
P002,SafeEnv,3.8,26.811,30.218,3.407,7.3
P002,SafeEnv,3.9,26.724,30.218,3.4939999999999998,7.3
P002,SafeEnv,4.0,26.637,30.218,3.5809999999999995,7.3
P002,SafeEnv,4.1,26.551,30.218,3.6670000000000016,7.3
P002,SafeEnv,4.2,26.464,30.218,3.7540000000000013,7.3
P002,SafeEnv,4.3,26.378,30.218,3.84,7.3
P002,SafeEnv,4.4,26.291,30.218,3.9269999999999996,7.3
P002,SafeEnv,4.5,26.205,30.218,4.013000000000002,7.3
P002,SafeEnv,4.6,26.119,30.218,4.099,7.3
P002,SafeEnv,4.7,26.033,30.218,4.184999999999999,7.3
P002,SafeEnv,4.8,25.948,30.218,4.27,7.3
P002,SafeEnv,4.9,25.862,30.218,4.356000000000002,7.3
P002,SafeEnv,5.0,25.776,30.218,4.442,7.3
P002,SafeEnv,5.1,25.691,30.218,4.527000000000001,7.3
P002,SafeEnv,5.2,25.606,30.218,4.611999999999998,7.3
P002,SafeEnv,5.3,25.521,30.218,4.696999999999999,7.3
P002,SafeEnv,5.4,25.436,30.218,4.782,7.3
P002,SafeEnv,5.5,25.351,29.564552408456873,4.213552408456874,7.3
P002,SafeEnv,5.6,25.266,28.890595232467952,3.6245952324679536,7.3
P002,SafeEnv,5.7,25.181,28.216821386842465,3.035821386842464,7.3
P002,SafeEnv,5.8,25.097,27.54323957206478,2.44623957206478,7.3
P002,SafeEnv,5.9,25.013,26.869859120248446,1.8568591202484441,7.3
P002,SafeEnv,6.0,24.928,26.196690057573687,1.2686900575736857,7.3
P002,SafeEnv,6.1,24.844,25.523743174612214,0.6797431746122129,7.3
P002,SafeEnv,6.2,24.76,24.85103010576269,0.09103010576268744,7.3
P002,SafeEnv,6.3,24.676,24.17856341924701,-0.49743658075298924,7.3
P002,SafeEnv,6.4,24.593,23.506356719393533,-1.0866432806064665,7.3
P002,SafeEnv,6.5,24.509,22.834424763270526,-1.6745752367294742,7.3
P002,SafeEnv,6.6,24.425,22.162783594148923,-2.2622164058510776,7.3
P002,SafeEnv,6.7,24.342,21.491450694784895,-2.850549305215104,7.3
P002,SafeEnv,6.8,24.259,20.820445164151444,-3.4385548358485565,7.3
P002,SafeEnv,6.9,24.175,20.149787922044656,-4.025212077955345,7.3
P002,SafeEnv,7.0,24.071,19.479501946993683,-4.591498053006319,7.3
P002,SafeEnv,7.1,23.815,18.80961255417421,-5.005387445825793,7.3
P002,SafeEnv,7.2,23.329,18.14014772164701,-5.188852278352989,7.3
P002,SafeEnv,7.3,22.5,17.47113847532817,-5.028861524671829,7.3
P002,SafeEnv,7.4,21.296,16.802619345799084,-4.493380654200916,7.3
P002,SafeEnv,7.5,19.742,16.134628913596437,-3.607371086403564,7.3
P002,SafeEnv,7.6,17.947,15.467210464280635,-2.4797895357193642,7.3
P002,SafeEnv,7.7,16.014,14.800412780785672,-1.213587219214327,7.3
P002,SafeEnv,7.8,13.986,14.134291108906613,0.14829110890661212,7.3
P002,SafeEnv,7.9,11.874,13.468908343147778,1.594908343147777,7.3
P002,SafeEnv,8.0,9.69,12.804336495819701,3.1143364958197015,7.3
P002,SafeEnv,8.1,7.46,12.140658534138026,4.6806585341380265,7.3
P002,SafeEnv,8.2,5.284,11.477970701036476,6.193970701036476,7.3
P002,SafeEnv,8.3,3.43,10.816385479924325,7.386385479924325,7.3
P002,SafeEnv,8.4,1.804,10.156035428716294,8.352035428716293,7.3
P002,SafeEnv,8.5,0.24,9.497078205433134,9.257078205433134,7.3
P002,CGP,0.0,30.218,30.218,0.0,7.3
P002,CGP,0.1,30.126,30.126227272727274,0.00022727272727252057,7.3
P002,CGP,0.2,30.034,30.034454545454548,0.00045454545454859385,7.3
P002,CGP,0.3,29.942,29.94268181818182,0.0006818181818211144,7.3
P002,CGP,0.4,29.85,29.850909090909095,0.000909090909093635,7.3
P002,CGP,0.5,29.759,29.75913636363637,0.00013636363636848614,7.3
P002,CGP,0.6,29.667,29.667363636363643,0.0003636363636410067,7.3
P002,CGP,0.7,29.575,29.575590909090916,0.00059090909091708,7.3
P002,CGP,0.8,29.484,29.48381818181819,-0.00018181818181162157,7.3
P002,CGP,0.9,29.392,29.392045454545464,4.545454546445171e-05,7.3
P002,CGP,1.0,29.301,29.300272727272738,-0.0007272727272606971,7.3
P002,CGP,1.1,29.211,29.208500000000008,-0.002499999999990621,7.3
P002,CGP,1.2,29.12,29.11672727272728,-0.0032727272727193224,7.3
P002,CGP,1.3,29.029,29.024954545454555,-0.004045454545444471,7.3
P002,CGP,1.4,28.939,28.93318181818183,-0.005818181818170842,7.3
P002,CGP,1.5,28.849,28.841409090909103,-0.007590909090897213,7.3
P002,CGP,1.6,28.759,28.749636363636377,-0.009363636363623584,7.3
P002,CGP,1.7,28.669,28.65786363636365,-0.011136363636349955,7.3
P002,CGP,1.8,28.579,28.566090909090924,-0.012909090909076326,7.3
P002,CGP,1.9,28.489,28.474318181818198,-0.014681818181802697,7.3
P002,CGP,2.0,28.4,28.382545454545472,-0.017454545454526738,7.3
P002,CGP,2.1,28.31,28.290772727272746,-0.01922727272725311,7.3
P002,CGP,2.2,28.221,28.199000000000016,-0.021999999999984254,7.3
P002,CGP,2.3,28.132,28.10722727272729,-0.024772727272711847,7.3
P002,CGP,2.4,28.043,28.015454545454563,-0.027545454545435888,7.3
P002,CGP,2.5,27.954,27.923681818181837,-0.03031818181816348,7.3
P002,CGP,2.6,27.865,27.83190909090911,-0.03309090909088752,7.3
P002,CGP,2.7,27.777,27.740136363636385,-0.03686363636361634,7.3
P002,CGP,2.8,27.688,27.64836363636366,-0.03963636363634038,7.3
P002,CGP,2.9,27.6,27.556590909090932,-0.04340909090906919,7.3
P002,CGP,3.0,27.512,27.464818181818206,-0.047181818181794455,7.3
P002,CGP,3.1,27.424,27.37304545454548,-0.05095454545451972,7.3
P002,CGP,3.2,27.336,27.281272727272754,-0.05472727272724498,7.3
P002,CGP,3.3,27.248,27.189500000000024,-0.05849999999997735,7.3
P002,CGP,3.4,27.16,27.097727272727298,-0.06227272727270261,7.3
P002,CGP,3.5,27.073,27.00595454545457,-0.0670454545454291,7.3
P002,CGP,3.6,26.985,26.914181818181845,-0.07081818181815436,7.3
P002,CGP,3.7,26.898,26.82240909090912,-0.07559090909088084,7.3
P002,CGP,3.8,26.811,26.730636363636393,-0.08036363636360733,7.3
P002,CGP,3.9,26.724,26.638863636363666,-0.08513636363633381,7.3
P002,CGP,4.0,26.637,26.54709090909094,-0.0899090909090603,7.3
P002,CGP,4.1,26.551,26.455318181818214,-0.09568181818178445,7.3
P002,CGP,4.2,26.464,26.363545454545488,-0.10045454545451094,7.3
P002,CGP,4.3,26.378,26.271772727272758,-0.1062272727272422,7.3
P002,CGP,4.4,26.291,26.18000000000003,-0.11099999999996868,7.3
P002,CGP,4.5,26.205,26.088227272727305,-0.11677272727269283,7.3
P002,CGP,4.6,26.119,25.99645454545458,-0.12254545454542054,7.3
P002,CGP,4.7,26.033,25.904681818181853,-0.12831818181814825,7.3
P002,CGP,4.8,25.948,25.812909090909127,-0.13509090909087362,7.3
P002,CGP,4.9,25.862,25.7211363636364,-0.14086363636359778,7.3
P002,CGP,5.0,25.776,25.629363636363674,-0.14663636363632548,7.3
P002,CGP,5.1,25.691,25.537590909090948,-0.15340909090905086,7.3
P002,CGP,5.2,25.606,25.445818181818222,-0.1601818181817798,7.3
P002,CGP,5.3,25.521,25.354045454545496,-0.16695454545450517,7.3
P002,CGP,5.4,25.436,25.262272727272766,-0.1737272727272341,7.3
P002,CGP,5.5,25.351,25.17050000000004,-0.18049999999995947,7.3
P002,CGP,5.6,25.266,25.078727272727313,-0.18727272727268485,7.3
P002,CGP,5.7,25.181,24.986954545454587,-0.19404545454541378,7.3
P002,CGP,5.8,25.097,24.89518181818186,-0.20181818181814037,7.3
P002,CGP,5.9,25.013,24.803409090909135,-0.20959090909086697,7.3
P002,CGP,6.0,24.928,24.71163636363641,-0.21636363636359235,7.3
P002,CGP,6.1,24.844,24.619863636363682,-0.22413636363631895,7.3
P002,CGP,6.2,24.76,24.528090909090956,-0.23190909090904555,7.3
P002,CGP,6.3,24.676,24.43631818181823,-0.2396818181817686,7.3
P002,CGP,6.4,24.593,24.344545454545504,-0.2484545454544964,7.3
P002,CGP,6.5,24.509,24.252772727272774,-0.25622727272722656,7.3
P002,CGP,6.6,24.425,24.161000000000048,-0.26399999999995316,7.3
P002,CGP,6.7,24.342,24.06922727272732,-0.27277272727267743,7.3
P002,CGP,6.8,24.259,23.977454545454595,-0.28154545454540525,7.3
P002,CGP,6.9,24.175,23.88568181818187,-0.28931818181813185,7.3
P002,CGP,7.0,24.071,23.792081307195524,-0.2789186928044778,7.3
P002,CGP,7.1,23.815,23.120030674127047,-0.6949693258729539,7.3
P002,CGP,7.2,23.329,22.44798004105857,-0.8810199589414296,7.3
P002,CGP,7.3,22.5,21.775929407990095,-0.7240705920099053,7.3
P002,CGP,7.4,21.296,20.76296968401253,-0.533030315987471,7.3
P002,CGP,7.5,19.742,19.572798580254993,-0.1692014197450078,7.3
P002,CGP,7.6,17.947,18.38262747649746,0.43562747649746214,7.3
P002,CGP,7.7,16.014,17.192456372739926,1.1784563727399266,7.3
P002,CGP,7.8,13.986,16.00228526898239,2.01628526898239,7.3
P002,CGP,7.9,11.874,14.812114165224857,2.9381141652248566,7.3
P002,CGP,8.0,9.69,13.621943061467322,3.9319430614673223,7.3
P002,CGP,8.1,7.46,12.431771957709788,4.971771957709788,7.3
P002,CGP,8.2,5.284,11.241600853952253,5.957600853952253,7.3
P002,CGP,8.3,3.43,10.05142975019472,6.62142975019472,7.3
P002,CGP,8.4,1.804,8.861258646437184,7.057258646437184,7.3
P002,CGP,8.5,0.24,7.6710875426796505,7.43108754267965,7.3
P003,ConstDecel,0.0,28.057,28.057,0.0,8.3
P003,ConstDecel,0.1,28.085,27.885138317832503,-0.1998616821674979,8.3
P003,ConstDecel,0.2,28.082,27.713276635665004,-0.368723364334997,8.3
P003,ConstDecel,0.3,28.046,27.54141495349751,-0.5045850465024877,8.3
P003,ConstDecel,0.4,27.977,27.369553271330012,-0.6074467286699878,8.3
P003,ConstDecel,0.5,27.888,27.197691589162517,-0.6903084108374848,8.3
P003,ConstDecel,0.6,27.792,27.025829906995018,-0.766170093004984,8.3
P003,ConstDecel,0.7,27.695,26.853968224827526,-0.8410317751724747,8.3
P003,ConstDecel,0.8,27.598,26.682106542660026,-0.9158934573399726,8.3
P003,ConstDecel,0.9,27.501,26.51024486049253,-0.9907551395074705,8.3
P003,ConstDecel,1.0,27.404,26.33838317832503,-1.0656168216749684,8.3
P003,ConstDecel,1.1,27.308,26.16652149615754,-1.1414785038424604,8.3
P003,ConstDecel,1.2,27.211,25.994659813990044,-1.2163401860099547,8.3
P003,ConstDecel,1.3,27.115,25.822798131822545,-1.2922018681774539,8.3
P003,ConstDecel,1.4,27.019,25.650936449655052,-1.3680635503449459,8.3
P003,ConstDecel,1.5,26.923,25.479074767487553,-1.443925232512445,8.3
P003,ConstDecel,1.6,26.827,25.307213085320058,-1.519786914679944,8.3
P003,ConstDecel,1.7,26.732,25.135351403152562,-1.5966485968474373,8.3
P003,ConstDecel,1.8,26.637,24.963489720985066,-1.673510279014934,8.3
P003,ConstDecel,1.9,26.542,24.791628038817567,-1.7503719611824344,8.3
P003,ConstDecel,2.0,26.447,24.619766356650075,-1.827233643349924,8.3
P003,ConstDecel,2.1,26.352,24.447904674482576,-1.9040953255174244,8.3
P003,ConstDecel,2.2,26.258,24.27604299231508,-1.981957007684919,8.3
P003,ConstDecel,2.3,26.164,24.104181310147588,-2.0598186898524133,8.3
P003,ConstDecel,2.4,26.07,23.93231962798009,-2.1376803720199113,8.3
P003,ConstDecel,2.5,25.976,23.760457945812593,-2.215542054187406,8.3
P003,ConstDecel,2.6,25.882,23.588596263645094,-2.2934037363549074,8.3
P003,ConstDecel,2.7,25.789,23.416734581477602,-2.3722654185223995,8.3
P003,ConstDecel,2.8,25.695,23.244872899310103,-2.4501271006898975,8.3
P003,ConstDecel,2.9,25.602,23.073011217142607,-2.528988782857393,8.3
P003,ConstDecel,3.0,25.51,22.901149534975108,-2.6088504650248936,8.3
P003,ConstDecel,3.1,25.417,22.729287852807616,-2.6877121471923857,8.3
P003,ConstDecel,3.2,25.324,22.557426170640117,-2.766573829359885,8.3
P003,ConstDecel,3.3,25.232,22.38556448847262,-2.8464355115273783,8.3
P003,ConstDecel,3.4,25.14,22.21370280630513,-2.9262971936948716,8.3
P003,ConstDecel,3.5,25.048,22.04184112413763,-3.0061588758623685,8.3
P003,ConstDecel,3.6,24.956,21.86997944197013,-3.086020558029869,8.3
P003,ConstDecel,3.7,24.865,21.698117759802635,-3.1668822401973635,8.3
P003,ConstDecel,3.8,24.773,21.526256077635143,-3.246743922364857,8.3
P003,ConstDecel,3.9,24.682,21.354394395467644,-3.327605604532355,8.3
P003,ConstDecel,4.0,24.591,21.182532713300148,-3.408467286699853,8.3
P003,ConstDecel,4.1,24.5,21.010671031132652,-3.4893289688673477,8.3
P003,ConstDecel,4.2,24.41,20.838809348965157,-3.5711906510348435,8.3
P003,ConstDecel,4.3,24.319,20.66694766679766,-3.652052333202338,8.3
P003,ConstDecel,4.4,24.229,20.495085984630162,-3.7339140153698374,8.3
P003,ConstDecel,4.5,24.139,20.323224302462666,-3.815775697537333,8.3
P003,ConstDecel,4.6,24.049,20.15136262029517,-3.897637379704829,8.3
P003,ConstDecel,4.7,23.959,19.979500938127675,-3.9794990618723247,8.3
P003,ConstDecel,4.8,23.87,19.807639255960176,-4.062360744039825,8.3
P003,ConstDecel,4.9,23.78,19.63577757379268,-4.144222426207321,8.3
P003,ConstDecel,5.0,23.691,19.463915891625184,-4.2270841083748145,8.3
P003,ConstDecel,5.1,23.602,19.29205420945769,-4.3099457905423115,8.3
P003,ConstDecel,5.2,23.513,19.12019252729019,-4.392807472709812,8.3
P003,ConstDecel,5.3,23.425,18.948330845122697,-4.476669154877303,8.3
P003,ConstDecel,5.4,23.336,18.7764691629552,-4.5595308370448,8.3
P003,ConstDecel,5.5,23.248,18.604607480787703,-4.6433925192122985,8.3
P003,ConstDecel,5.6,23.16,18.432745798620207,-4.727254201379793,8.3
P003,ConstDecel,5.7,23.072,18.26088411645271,-4.811115883547288,8.3
P003,ConstDecel,5.8,22.984,18.089022434285216,-4.894977565714786,8.3
P003,ConstDecel,5.9,22.896,17.91716075211772,-4.978839247882281,8.3
P003,ConstDecel,6.0,22.809,17.74529906995022,-5.06370093004978,8.3
P003,ConstDecel,6.1,22.722,17.573437387782725,-5.148562612217276,8.3
P003,ConstDecel,6.2,22.635,17.401575705615233,-5.233424294384768,8.3
P003,ConstDecel,6.3,22.548,17.229714023447734,-5.318285976552264,8.3
P003,ConstDecel,6.4,22.461,17.057852341280235,-5.403147658719764,8.3
P003,ConstDecel,6.5,22.374,16.885990659112743,-5.488009340887256,8.3
P003,ConstDecel,6.6,22.288,16.714128976945247,-5.573871023054753,8.3
P003,ConstDecel,6.7,22.202,16.542267294777748,-5.659732705222254,8.3
P003,ConstDecel,6.8,22.115,16.370405612610252,-5.744594387389746,8.3
P003,ConstDecel,6.9,22.03,16.198543930442757,-5.831456069557245,8.3
P003,ConstDecel,7.0,21.944,16.02668224827526,-5.917317751724738,8.3
P003,ConstDecel,7.1,21.858,15.854820566107763,-6.003179433892237,8.3
P003,ConstDecel,7.2,21.773,15.682958883940266,-6.090041116059734,8.3
P003,ConstDecel,7.3,21.688,15.511097201772772,-6.176902798227227,8.3
P003,ConstDecel,7.4,21.602,15.339235519605273,-6.262764480394727,8.3
P003,ConstDecel,7.5,21.518,15.16737383743778,-6.350626162562222,8.3
P003,ConstDecel,7.6,21.433,14.995512155270283,-6.437487844729716,8.3
P003,ConstDecel,7.7,21.335,14.823650473102786,-6.511349526897215,8.3
P003,ConstDecel,7.8,21.159,14.65178879093529,-6.5072112090647085,8.3
P003,ConstDecel,7.9,20.863,14.479927108767795,-6.383072891232205,8.3
P003,ConstDecel,8.0,20.446,14.308065426600297,-6.137934573399704,8.3
P003,ConstDecel,8.1,19.936,14.136203744432802,-5.799796255567198,8.3
P003,ConstDecel,8.2,19.326,13.964342062265308,-5.361657937734693,8.3
P003,ConstDecel,8.3,18.611,13.792480380097809,-4.818519619902192,8.3
P003,ConstDecel,8.4,17.809,13.620618697930311,-4.18838130206969,8.3
P003,ConstDecel,8.5,16.921,13.448757015762816,-3.472242984237184,8.3
P003,ConstDecel,8.6,15.948,13.276895333595322,-2.6711046664046787,8.3
P003,ConstDecel,8.7,14.879,13.105033651427824,-1.7739663485721753,8.3
P003,ConstDecel,8.8,13.692,12.933171969260325,-0.7588280307396751,8.3
P003,ConstDecel,8.9,12.275,12.761310287092831,0.48631028709283086,8.3
P003,ConstDecel,9.0,10.592,12.589448604925336,1.997448604925335,8.3
P003,ConstDecel,9.1,8.743,12.417586922757838,3.674586922757838,8.3
P003,ConstDecel,9.2,6.788,12.245725240590344,5.457725240590344,8.3
P003,ConstDecel,9.3,4.761,12.073863558422845,7.312863558422845,8.3
P003,ConstDecel,9.4,2.677,11.90200187625535,9.22500187625535,8.3
P003,ConstDecel,9.5,0.561,11.730140194087852,11.169140194087852,8.3
P003,ConstDecel,9.6,0.033,11.558278511920358,11.525278511920359,8.3
P003,SafeEnv,0.0,28.057,28.057,0.0,8.3
P003,SafeEnv,0.1,28.085,28.057,-0.028000000000002245,8.3
P003,SafeEnv,0.2,28.082,28.057,-0.02500000000000213,8.3
P003,SafeEnv,0.3,28.046,28.057,0.010999999999999233,8.3
P003,SafeEnv,0.4,27.977,28.057,0.0799999999999983,8.3
P003,SafeEnv,0.5,27.888,28.057,0.16899999999999693,8.3
P003,SafeEnv,0.6,27.792,28.057,0.264999999999997,8.3
P003,SafeEnv,0.7,27.695,28.057,0.3619999999999983,8.3
P003,SafeEnv,0.8,27.598,28.057,0.45899999999999963,8.3
P003,SafeEnv,0.9,27.501,28.057,0.5559999999999974,8.3
P003,SafeEnv,1.0,27.404,28.057,0.6529999999999987,8.3
P003,SafeEnv,1.1,27.308,28.057,0.7489999999999988,8.3
P003,SafeEnv,1.2,27.211,28.057,0.8460000000000001,8.3
P003,SafeEnv,1.3,27.115,28.057,0.9420000000000002,8.3
P003,SafeEnv,1.4,27.019,28.057,1.0380000000000003,8.3
P003,SafeEnv,1.5,26.923,28.057,1.1340000000000003,8.3
P003,SafeEnv,1.6,26.827,28.057,1.2299999999999969,8.3
P003,SafeEnv,1.7,26.732,28.057,1.3249999999999993,8.3
P003,SafeEnv,1.8,26.637,28.057,1.4199999999999982,8.3
P003,SafeEnv,1.9,26.542,28.057,1.514999999999997,8.3
P003,SafeEnv,2.0,26.447,28.057,1.6099999999999994,8.3
P003,SafeEnv,2.1,26.352,28.057,1.7049999999999983,8.3
P003,SafeEnv,2.2,26.258,28.057,1.7989999999999995,8.3
P003,SafeEnv,2.3,26.164,28.057,1.8929999999999971,8.3
P003,SafeEnv,2.4,26.07,28.057,1.9869999999999983,8.3
P003,SafeEnv,2.5,25.976,28.057,2.0809999999999995,8.3
P003,SafeEnv,2.6,25.882,28.057,2.174999999999997,8.3
P003,SafeEnv,2.7,25.789,28.057,2.267999999999997,8.3
P003,SafeEnv,2.8,25.695,28.057,2.3619999999999983,8.3
P003,SafeEnv,2.9,25.602,28.057,2.4549999999999983,8.3
P003,SafeEnv,3.0,25.51,28.057,2.546999999999997,8.3
P003,SafeEnv,3.1,25.417,28.057,2.639999999999997,8.3
P003,SafeEnv,3.2,25.324,28.057,2.732999999999997,8.3
P003,SafeEnv,3.3,25.232,28.057,2.8249999999999993,8.3
P003,SafeEnv,3.4,25.14,28.057,2.916999999999998,8.3
P003,SafeEnv,3.5,25.048,28.057,3.0090000000000003,8.3
P003,SafeEnv,3.6,24.956,28.057,3.100999999999999,8.3
P003,SafeEnv,3.7,24.865,28.057,3.192,8.3
P003,SafeEnv,3.8,24.773,28.057,3.283999999999999,8.3
P003,SafeEnv,3.9,24.682,28.057,3.375,8.3
P003,SafeEnv,4.0,24.591,28.057,3.4659999999999975,8.3
P003,SafeEnv,4.1,24.5,28.057,3.5569999999999986,8.3
P003,SafeEnv,4.2,24.41,28.057,3.6469999999999985,8.3
P003,SafeEnv,4.3,24.319,28.057,3.7379999999999995,8.3
P003,SafeEnv,4.4,24.229,28.057,3.8279999999999994,8.3
P003,SafeEnv,4.5,24.139,28.057,3.9179999999999993,8.3
P003,SafeEnv,4.6,24.049,28.057,4.007999999999999,8.3
P003,SafeEnv,4.7,23.959,28.057,4.097999999999999,8.3
P003,SafeEnv,4.8,23.87,28.057,4.186999999999998,8.3
P003,SafeEnv,4.9,23.78,28.057,4.2769999999999975,8.3
P003,SafeEnv,5.0,23.691,28.057,4.366,8.3
P003,SafeEnv,5.1,23.602,28.057,4.454999999999998,8.3
P003,SafeEnv,5.2,23.513,28.057,4.543999999999997,8.3
P003,SafeEnv,5.3,23.425,28.057,4.631999999999998,8.3
P003,SafeEnv,5.4,23.336,28.057,4.721,8.3
P003,SafeEnv,5.5,23.248,28.057,4.8089999999999975,8.3
P003,SafeEnv,5.6,23.16,28.057,4.8969999999999985,8.3
P003,SafeEnv,5.7,23.072,28.057,4.984999999999999,8.3
P003,SafeEnv,5.8,22.984,28.057,5.072999999999997,8.3
P003,SafeEnv,5.9,22.896,28.057,5.160999999999998,8.3
P003,SafeEnv,6.0,22.809,28.057,5.2479999999999976,8.3
P003,SafeEnv,6.1,22.722,28.057,5.334999999999997,8.3
P003,SafeEnv,6.2,22.635,27.418584009357268,4.783584009357266,8.3
P003,SafeEnv,6.3,22.548,26.745241906919738,4.197241906919739,8.3
P003,SafeEnv,6.4,22.461,26.072113131032165,3.611113131032166,8.3
P003,SafeEnv,6.5,22.374,25.399208622170917,3.0252086221709185,8.3
P003,SafeEnv,6.6,22.288,24.72654018045345,2.438540180453451,8.3
P003,SafeEnv,6.7,22.202,24.054120557769547,1.8521205577695454,8.3
P003,SafeEnv,6.8,22.115,23.381963562553786,1.2669635625537872,8.3
P003,SafeEnv,6.9,22.03,22.710084179333425,0.6800841793334236,8.3
P003,SafeEnv,7.0,21.944,22.0384987056169,0.09449870561689977,8.3
P003,SafeEnv,7.1,21.858,21.367224909221736,-0.4907750907782642,8.3
P003,SafeEnv,7.2,21.773,20.69628220980509,-1.076717790194909,8.3
P003,SafeEnv,7.3,21.688,20.025691889191144,-1.6623081108088549,8.3
P003,SafeEnv,7.4,21.602,19.35547733613718,-2.2465226638628195,8.3
P003,SafeEnv,7.5,21.518,18.685664332509248,-2.832335667490753,8.3
P003,SafeEnv,7.6,21.433,18.016281389535738,-3.4167186104642617,8.3
P003,SafeEnv,7.7,21.335,17.34736014499389,-3.987639855006112,8.3
P003,SafeEnv,7.8,21.159,16.67893583502048,-4.48006416497952,8.3
P003,SafeEnv,7.9,20.863,16.011047857954267,-4.851952142045732,8.3
P003,SafeEnv,8.0,20.446,15.343740452524614,-5.102259547475388,8.3
P003,SafeEnv,8.1,19.936,14.677063519252963,-5.258936480747037,8.3
P003,SafeEnv,8.2,19.326,14.011073622766917,-5.314926377233084,8.3
P003,SafeEnv,8.3,18.611,13.34583522478025,-5.26516477521975,8.3
P003,SafeEnv,8.4,17.809,12.681422214135333,-5.127577785864668,8.3
P003,SafeEnv,8.5,16.921,12.017919823598437,-4.903080176401563,8.3
P003,SafeEnv,8.6,15.948,11.355427056171234,-4.592572943828767,8.3
P003,SafeEnv,8.7,14.879,10.694059791379427,-4.1849402086205725,8.3
P003,SafeEnv,8.8,13.692,10.033954811981976,-3.658045188018024,8.3
P003,SafeEnv,8.9,12.275,9.375275096159992,-2.899724903840008,8.3
P003,SafeEnv,9.0,10.592,8.718216879910836,-1.8737831200891648,8.3
P003,SafeEnv,9.1,8.743,8.063019243670096,-0.6799807563299041,8.3
P003,SafeEnv,9.2,6.788,7.409977376452623,0.6219773764526231,8.3
P003,SafeEnv,9.3,4.761,6.759461328628835,1.998461328628835,8.3
P003,SafeEnv,9.4,2.677,6.111943183308456,3.4349431833084556,8.3
P003,SafeEnv,9.5,0.561,5.46803754893256,4.90703754893256,8.3
P003,SafeEnv,9.6,0.033,4.8285638983640675,4.795563898364067,8.3
P003,CGP,0.0,28.057,28.057,0.0,8.3
P003,CGP,0.1,28.085,28.057,-0.028000000000002245,8.3
P003,CGP,0.2,28.082,28.057,-0.02500000000000213,8.3
P003,CGP,0.3,28.046,28.057,0.010999999999999233,8.3
P003,CGP,0.4,27.977,28.057,0.0799999999999983,8.3
P003,CGP,0.5,27.888,28.057,0.16899999999999693,8.3
P003,CGP,0.6,27.792,28.057,0.264999999999997,8.3
P003,CGP,0.7,27.695,28.057,0.3619999999999983,8.3
P003,CGP,0.8,27.598,28.057,0.45899999999999963,8.3
P003,CGP,0.9,27.501,28.057,0.5559999999999974,8.3
P003,CGP,1.0,27.404,28.057,0.6529999999999987,8.3
P003,CGP,1.1,27.308,28.057,0.7489999999999988,8.3
P003,CGP,1.2,27.211,28.057,0.8460000000000001,8.3
P003,CGP,1.3,27.115,28.057,0.9420000000000002,8.3
P003,CGP,1.4,27.019,28.057,1.0380000000000003,8.3
P003,CGP,1.5,26.923,28.057,1.1340000000000003,8.3
P003,CGP,1.6,26.827,28.057,1.2299999999999969,8.3
P003,CGP,1.7,26.732,28.057,1.3249999999999993,8.3
P003,CGP,1.8,26.637,28.057,1.4199999999999982,8.3
P003,CGP,1.9,26.542,28.057,1.514999999999997,8.3
P003,CGP,2.0,26.447,28.057,1.6099999999999994,8.3
P003,CGP,2.1,26.352,28.057,1.7049999999999983,8.3
P003,CGP,2.2,26.258,28.057,1.7989999999999995,8.3
P003,CGP,2.3,26.164,28.057,1.8929999999999971,8.3
P003,CGP,2.4,26.07,28.057,1.9869999999999983,8.3
P003,CGP,2.5,25.976,28.057,2.0809999999999995,8.3
P003,CGP,2.6,25.882,28.057,2.174999999999997,8.3
P003,CGP,2.7,25.789,28.057,2.267999999999997,8.3
P003,CGP,2.8,25.695,28.057,2.3619999999999983,8.3
P003,CGP,2.9,25.602,28.057,2.4549999999999983,8.3
P003,CGP,3.0,25.51,28.057,2.546999999999997,8.3
P003,CGP,3.1,25.417,28.057,2.639999999999997,8.3
P003,CGP,3.2,25.324,28.057,2.732999999999997,8.3
P003,CGP,3.3,25.232,28.057,2.8249999999999993,8.3
P003,CGP,3.4,25.14,28.057,2.916999999999998,8.3
P003,CGP,3.5,25.048,28.057,3.0090000000000003,8.3
P003,CGP,3.6,24.956,28.057,3.100999999999999,8.3
P003,CGP,3.7,24.865,28.057,3.192,8.3
P003,CGP,3.8,24.773,28.057,3.283999999999999,8.3
P003,CGP,3.9,24.682,28.057,3.375,8.3
P003,CGP,4.0,24.591,28.057,3.4659999999999975,8.3
P003,CGP,4.1,24.5,28.057,3.5569999999999986,8.3
P003,CGP,4.2,24.41,28.057,3.6469999999999985,8.3
P003,CGP,4.3,24.319,28.057,3.7379999999999995,8.3
P003,CGP,4.4,24.229,28.057,3.8279999999999994,8.3
P003,CGP,4.5,24.139,28.057,3.9179999999999993,8.3
P003,CGP,4.6,24.049,28.057,4.007999999999999,8.3
P003,CGP,4.7,23.959,28.057,4.097999999999999,8.3
P003,CGP,4.8,23.87,28.057,4.186999999999998,8.3
P003,CGP,4.9,23.78,28.057,4.2769999999999975,8.3
P003,CGP,5.0,23.691,28.057,4.366,8.3
P003,CGP,5.1,23.602,28.057,4.454999999999998,8.3
P003,CGP,5.2,23.513,28.057,4.543999999999997,8.3
P003,CGP,5.3,23.425,28.057,4.631999999999998,8.3
P003,CGP,5.4,23.336,28.057,4.721,8.3
P003,CGP,5.5,23.248,28.057,4.8089999999999975,8.3
P003,CGP,5.6,23.16,28.057,4.8969999999999985,8.3
P003,CGP,5.7,23.072,28.057,4.984999999999999,8.3
P003,CGP,5.8,22.984,28.057,5.072999999999997,8.3
P003,CGP,5.9,22.896,28.057,5.160999999999998,8.3
P003,CGP,6.0,22.809,28.057,5.2479999999999976,8.3
P003,CGP,6.1,22.722,28.057,5.334999999999997,8.3
P003,CGP,6.2,22.635,27.418584009357268,4.783584009357266,8.3
P003,CGP,6.3,22.548,26.745241906919738,4.197241906919739,8.3
P003,CGP,6.4,22.461,26.07189980448221,3.6108998044822123,8.3
P003,CGP,6.5,22.374,25.398557702044684,3.024557702044685,8.3
P003,CGP,6.6,22.288,24.725215599607154,2.4372155996071534,8.3
P003,CGP,6.7,22.202,24.051873497169627,1.8498734971696251,8.3
P003,CGP,6.8,22.115,23.3785313947321,1.2635313947321016,8.3
P003,CGP,6.9,22.03,22.705189292294573,0.6751892922945721,8.3
P003,CGP,7.0,21.944,22.031847189857043,0.08784718985704387,8.3
P003,CGP,7.1,21.858,21.358505087419516,-0.4994949125804844,8.3
P003,CGP,7.2,21.773,20.68516298498199,-1.0878370150180103,8.3
P003,CGP,7.3,21.688,20.01182088254446,-1.6761791174555398,8.3
P003,CGP,7.4,21.602,19.338478780106932,-2.263521219893068,8.3
P003,CGP,7.5,21.518,18.665136677669405,-2.8528633223305953,8.3
P003,CGP,7.6,21.433,17.99179457523188,-3.441205424768121,8.3
P003,CGP,7.7,21.335,17.31845247279435,-4.016547527205653,8.3
P003,CGP,7.8,21.159,16.64511037035682,-4.513889629643177,8.3
P003,CGP,7.9,20.863,15.971768267919293,-4.891231732080707,8.3
P003,CGP,8.0,20.446,15.298426165481766,-5.147573834518235,8.3
P003,CGP,8.1,19.936,14.625084063044238,-5.310915936955762,8.3
P003,CGP,8.2,19.326,13.95174196060671,-5.37425803939329,8.3
P003,CGP,8.3,18.611,13.278399858169182,-5.332600141830818,8.3
P003,CGP,8.4,17.809,12.264148664822564,-5.544851335177437,8.3
P003,CGP,8.5,16.921,10.983402391759402,-5.937597608240598,8.3
P003,CGP,8.6,15.948,9.702656118696241,-6.245343881303759,8.3
P003,CGP,8.7,14.879,8.42190984563308,-6.45709015436692,8.3
P003,CGP,8.8,13.692,7.141163572569919,-6.550836427430081,8.3
P003,CGP,8.9,12.275,5.860417299506758,-6.414582700493242,8.3
P003,CGP,9.0,10.592,4.579671026443597,-6.012328973556404,8.3
P003,CGP,9.1,8.743,3.2989247533804367,-5.444075246619564,8.3
P003,CGP,9.2,6.788,2.018178480317276,-4.769821519682724,8.3
P003,CGP,9.3,4.761,0.7374322072541153,-4.023567792745885,8.3
P003,CGP,9.4,2.677,0.0,-2.677,8.3
P003,CGP,9.5,0.561,0.0,-0.561,8.3
P003,CGP,9.6,0.033,0.0,-0.033,8.3
P004,ConstDecel,0.0,28.935,28.935,0.0,8.4
P004,ConstDecel,0.1,28.845,28.752418655378218,-0.09258134462178091,8.4
P004,ConstDecel,0.2,28.755,28.569837310756437,-0.18516268924356183,8.4
P004,ConstDecel,0.3,28.664,28.387255966134656,-0.2767440338653451,8.4
P004,ConstDecel,0.4,28.574,28.20467462151288,-0.36932537848712244,8.4
P004,ConstDecel,0.5,28.484,28.0220932768911,-0.46190672310890335,8.4
P004,ConstDecel,0.6,28.395,27.839511932269318,-0.5554880677306819,8.4
P004,ConstDecel,0.7,28.305,27.656930587647537,-0.6480694123524628,8.4
P004,ConstDecel,0.8,28.216,27.474349243025756,-0.741650756974245,8.4
P004,ConstDecel,0.9,28.127,27.291767898403975,-0.8352321015960236,8.4
P004,ConstDecel,1.0,28.038,27.109186553782195,-0.9288134462178057,8.4
P004,ConstDecel,1.1,27.949,26.926605209160414,-1.0223947908395878,8.4
P004,ConstDecel,1.2,27.86,26.744023864538633,-1.1159761354613664,8.4
P004,ConstDecel,1.3,27.772,26.561442519916852,-1.2105574800831462,8.4
P004,ConstDecel,1.4,27.683,26.37886117529507,-1.3041388247049284,8.4
P004,ConstDecel,1.5,27.594,26.19627983067329,-1.3977201693267105,8.4
P004,ConstDecel,1.6,27.506,26.013698486051513,-1.4923015139484868,8.4
P004,ConstDecel,1.7,27.418,25.831117141429733,-1.5868828585702666,8.4
P004,ConstDecel,1.8,27.33,25.648535796807952,-1.6814642031920464,8.4
P004,ConstDecel,1.9,27.242,25.46595445218617,-1.7760455478138297,8.4
P004,ConstDecel,2.0,27.154,25.28337310756439,-1.8706268924356095,8.4
P004,ConstDecel,2.1,27.067,25.10079176294261,-1.9662082370573906,8.4
P004,ConstDecel,2.2,26.98,24.918210418320825,-2.061789581679175,8.4
P004,ConstDecel,2.3,26.892,24.735629073699048,-2.1563709263009514,8.4
P004,ConstDecel,2.4,26.805,24.553047729077267,-2.2519522709227324,8.4
P004,ConstDecel,2.5,26.718,24.370466384455487,-2.3475336155445135,8.4
P004,ConstDecel,2.6,26.632,24.187885039833702,-2.4441149601662993,8.4
P004,ConstDecel,2.7,26.545,24.00530369521192,-2.5396963047880803,8.4
P004,ConstDecel,2.8,26.458,23.82272235059014,-2.6352776494098578,8.4
P004,ConstDecel,2.9,26.372,23.640141005968367,-2.731858994031633,8.4
P004,ConstDecel,3.0,26.286,23.45755966134658,-2.8284403386534223,8.4
P004,ConstDecel,3.1,26.2,23.274978316724805,-2.925021683275194,8.4
P004,ConstDecel,3.2,26.114,23.09239697210302,-3.0216030278969797,8.4
P004,ConstDecel,3.3,26.028,22.909815627481244,-3.118184372518755,8.4
P004,ConstDecel,3.4,25.942,22.72723428285946,-3.2147657171405406,8.4
P004,ConstDecel,3.5,25.856,22.54465293823768,-3.311347061762323,8.4
P004,ConstDecel,3.6,25.771,22.362071593615898,-3.4089284063841028,8.4
P004,ConstDecel,3.7,25.685,22.179490248994117,-3.5055097510058815,8.4
P004,ConstDecel,3.8,25.6,21.996908904372336,-3.603091095627665,8.4
P004,ConstDecel,3.9,25.515,21.814327559750556,-3.700672440249445,8.4
P004,ConstDecel,4.0,25.43,21.631746215128775,-3.798253784871225,8.4
P004,ConstDecel,4.1,25.329,21.449164870506994,-3.8798351294930065,8.4
P004,ConstDecel,4.2,25.164,21.266583525885213,-3.897416474114788,8.4
P004,ConstDecel,4.3,24.939,21.084002181263436,-3.854997818736564,8.4
P004,ConstDecel,4.4,24.658,20.901420836641655,-3.756579163358346,8.4
P004,ConstDecel,4.5,24.33,20.718839492019875,-3.6111605079801237,8.4
P004,ConstDecel,4.6,23.975,20.536258147398094,-3.4387418526019076,8.4
P004,ConstDecel,4.7,23.603,20.353676802776313,-3.2493231972236885,8.4
P004,ConstDecel,4.8,23.21,20.171095458154532,-3.0389045418454685,8.4
P004,ConstDecel,4.9,22.805,19.98851411353275,-2.816485886467248,8.4
P004,ConstDecel,5.0,22.394,19.80593276891097,-2.5880672310890276,8.4
P004,ConstDecel,5.1,21.98,19.62335142428919,-2.3566485757108104,8.4
P004,ConstDecel,5.2,21.564,19.44077007966741,-2.123229920332591,8.4
P004,ConstDecel,5.3,21.164,19.25818873504563,-1.905811264954373,8.4
P004,ConstDecel,5.4,20.807,19.075607390423848,-1.731392609576151,8.4
P004,ConstDecel,5.5,20.517,18.89302604580207,-1.623973954197929,8.4
P004,ConstDecel,5.6,20.298,18.71044470118029,-1.5875552988197086,8.4
P004,ConstDecel,5.7,20.155,18.52786335655851,-1.6271366434414922,8.4
P004,ConstDecel,5.8,20.056,18.345282011936728,-1.7107179880632728,8.4
P004,ConstDecel,5.9,19.969,18.162700667314947,-1.8062993326850538,8.4
P004,ConstDecel,6.0,19.886,17.980119322693167,-1.9058806773068326,8.4
P004,ConstDecel,6.1,19.804,17.797537978071386,-2.0064620219286127,8.4
P004,ConstDecel,6.2,19.722,17.614956633449605,-2.1070433665503963,8.4
P004,ConstDecel,6.3,19.64,17.432375288827824,-2.2076247111721763,8.4
P004,ConstDecel,6.4,19.559,17.249793944206044,-2.3092060557939575,8.4
P004,ConstDecel,6.5,19.478,17.067212599584263,-2.410787400415739,8.4
P004,ConstDecel,6.6,19.397,16.884631254962486,-2.512368745037513,8.4
P004,ConstDecel,6.7,19.316,16.7020499103407,-2.6139500896592978,8.4
P004,ConstDecel,6.8,19.236,16.519468565718924,-2.7165314342810767,8.4
P004,ConstDecel,6.9,19.155,16.33688722109714,-2.8181127789028615,8.4
P004,ConstDecel,7.0,19.075,16.15430587647536,-2.9206941235246404,8.4
P004,ConstDecel,7.1,18.995,15.971724531853582,-3.0232754681464193,8.4
P004,ConstDecel,7.2,18.914,15.789143187231799,-3.1248568127682024,8.4
P004,ConstDecel,7.3,18.834,15.606561842610018,-3.2274381573899813,8.4
P004,ConstDecel,7.4,18.755,15.423980497988238,-3.3310195020117614,8.4
P004,ConstDecel,7.5,18.675,15.241399153366457,-3.433600846633544,8.4
P004,ConstDecel,7.6,18.596,15.058817808744676,-3.537182191255324,8.4
P004,ConstDecel,7.7,18.516,14.876236464122897,-3.639763535877101,8.4
P004,ConstDecel,7.8,18.437,14.693655119501116,-3.743344880498885,8.4
P004,ConstDecel,7.9,18.358,14.511073774879335,-3.846926225120665,8.4
P004,ConstDecel,8.0,18.279,14.328492430257555,-3.950507569742445,8.4
P004,ConstDecel,8.1,18.159,14.145911085635774,-4.013088914364225,8.4
P004,ConstDecel,8.2,17.88,13.963329741013993,-3.916670258986006,8.4
P004,ConstDecel,8.3,17.43,13.78074839639221,-3.649251603607789,8.4
P004,ConstDecel,8.4,16.787,13.598167051770433,-3.1888329482295656,8.4
P004,ConstDecel,8.5,15.907,13.415585707148653,-2.4914142928513474,8.4
P004,ConstDecel,8.6,14.812,13.233004362526872,-1.5789956374731275,8.4
P004,ConstDecel,8.7,13.499,13.050423017905091,-0.4485769820949095,8.4
P004,ConstDecel,8.8,11.891,12.867841673283309,0.9768416732833085,8.4
P004,ConstDecel,8.9,10.092,12.685260328661528,2.5932603286615272,8.4
P004,ConstDecel,9.0,8.169,12.50267898403975,4.33367898403975,8.4
P004,ConstDecel,9.1,6.162,12.32009763941797,6.15809763941797,8.4
P004,ConstDecel,9.2,4.089,12.137516294796189,8.048516294796189,8.4
P004,ConstDecel,9.3,1.97,11.954934950174406,9.984934950174406,8.4
P004,ConstDecel,9.4,0.143,11.772353605552626,11.629353605552625,8.4
P004,SafeEnv,0.0,28.935,28.935,0.0,8.4
P004,SafeEnv,0.1,28.845,28.935,0.08999999999999986,8.4
P004,SafeEnv,0.2,28.755,28.935,0.17999999999999972,8.4
P004,SafeEnv,0.3,28.664,28.935,0.27099999999999724,8.4
P004,SafeEnv,0.4,28.574,28.935,0.3609999999999971,8.4
P004,SafeEnv,0.5,28.484,28.935,0.45099999999999696,8.4
P004,SafeEnv,0.6,28.395,28.935,0.5399999999999991,8.4
P004,SafeEnv,0.7,28.305,28.935,0.629999999999999,8.4
P004,SafeEnv,0.8,28.216,28.935,0.7189999999999976,8.4
P004,SafeEnv,0.9,28.127,28.935,0.8079999999999998,8.4
P004,SafeEnv,1.0,28.038,28.935,0.8969999999999985,8.4
P004,SafeEnv,1.1,27.949,28.935,0.9859999999999971,8.4
P004,SafeEnv,1.2,27.86,28.935,1.0749999999999993,8.4
P004,SafeEnv,1.3,27.772,28.935,1.1630000000000003,8.4
P004,SafeEnv,1.4,27.683,28.935,1.251999999999999,8.4
P004,SafeEnv,1.5,27.594,28.935,1.3409999999999975,8.4
P004,SafeEnv,1.6,27.506,28.935,1.4289999999999985,8.4
P004,SafeEnv,1.7,27.418,28.935,1.5169999999999995,8.4
P004,SafeEnv,1.8,27.33,28.935,1.6050000000000004,8.4
P004,SafeEnv,1.9,27.242,28.935,1.6929999999999978,8.4
P004,SafeEnv,2.0,27.154,28.935,1.7809999999999988,8.4
P004,SafeEnv,2.1,27.067,28.935,1.8679999999999986,8.4
P004,SafeEnv,2.2,26.98,28.935,1.9549999999999983,8.4
P004,SafeEnv,2.3,26.892,28.935,2.0429999999999993,8.4
P004,SafeEnv,2.4,26.805,28.935,2.129999999999999,8.4
P004,SafeEnv,2.5,26.718,28.935,2.2169999999999987,8.4
P004,SafeEnv,2.6,26.632,28.935,2.3029999999999973,8.4
P004,SafeEnv,2.7,26.545,28.935,2.389999999999997,8.4
P004,SafeEnv,2.8,26.458,28.935,2.4770000000000003,8.4
P004,SafeEnv,2.9,26.372,28.935,2.562999999999999,8.4
P004,SafeEnv,3.0,26.286,28.935,2.6489999999999974,8.4
P004,SafeEnv,3.1,26.2,28.935,2.7349999999999994,8.4
P004,SafeEnv,3.2,26.114,28.935,2.820999999999998,8.4
P004,SafeEnv,3.3,26.028,28.935,2.907,8.4
P004,SafeEnv,3.4,25.942,28.935,2.9929999999999986,8.4
P004,SafeEnv,3.5,25.856,28.935,3.078999999999997,8.4
P004,SafeEnv,3.6,25.771,28.935,3.163999999999998,8.4
P004,SafeEnv,3.7,25.685,28.935,3.25,8.4
P004,SafeEnv,3.8,25.6,28.935,3.3349999999999973,8.4
P004,SafeEnv,3.9,25.515,28.935,3.419999999999998,8.4
P004,SafeEnv,4.0,25.43,28.935,3.504999999999999,8.4
P004,SafeEnv,4.1,25.329,28.935,3.605999999999998,8.4
P004,SafeEnv,4.2,25.164,28.935,3.7709999999999972,8.4
P004,SafeEnv,4.3,24.939,28.935,3.9959999999999987,8.4
P004,SafeEnv,4.4,24.658,28.935,4.2769999999999975,8.4
P004,SafeEnv,4.5,24.33,28.935,4.605,8.4
P004,SafeEnv,4.6,23.975,28.935,4.959999999999997,8.4
P004,SafeEnv,4.7,23.603,28.935,5.331999999999997,8.4
P004,SafeEnv,4.8,23.21,28.935,5.724999999999998,8.4
P004,SafeEnv,4.9,22.805,28.935,6.129999999999999,8.4
P004,SafeEnv,5.0,22.394,28.935,6.541,8.4
P004,SafeEnv,5.1,21.98,28.935,6.954999999999998,8.4
P004,SafeEnv,5.2,21.564,28.935,7.370999999999999,8.4
P004,SafeEnv,5.3,21.164,28.935,7.770999999999997,8.4
P004,SafeEnv,5.4,20.807,28.935,8.128,8.4
P004,SafeEnv,5.5,20.517,28.935,8.418,8.4
P004,SafeEnv,5.6,20.298,28.935,8.637,8.4
P004,SafeEnv,5.7,20.155,28.935,8.779999999999998,8.4
P004,SafeEnv,5.8,20.056,28.935,8.878999999999998,8.4
P004,SafeEnv,5.9,19.969,28.274607474275456,8.305607474275455,8.4
P004,SafeEnv,6.0,19.886,27.601008831360893,7.715008831360894,8.4
P004,SafeEnv,6.1,19.804,26.927610724660845,7.123610724660846,8.4
P004,SafeEnv,6.2,19.722,26.25442311818372,6.5324231181837185,8.4
P004,SafeEnv,6.3,19.64,25.581456733958767,5.941456733958766,8.4
P004,SafeEnv,6.4,19.559,24.908723130636755,5.349723130636754,8.4
P004,SafeEnv,6.5,19.478,24.236234792517028,4.758234792517026,8.4
P004,SafeEnv,6.6,19.397,23.564005230701163,4.1670052307011645,8.4
P004,SafeEnv,6.7,19.316,22.89204909840485,3.5760490984048516,8.4
P004,SafeEnv,6.8,19.236,22.22038232286772,2.98438232286772,8.4
P004,SafeEnv,6.9,19.155,21.549022256803788,2.3940222568037868,8.4
P004,SafeEnv,7.0,19.075,20.877987852960583,1.8029878529605838,8.4
P004,SafeEnv,7.1,18.995,20.207299866137514,1.2122998661375135,8.4
P004,SafeEnv,7.2,18.914,19.536981087996498,0.6229810879964965,8.4
P004,SafeEnv,7.3,18.834,18.867056621243773,0.033056621243773066,8.4
P004,SafeEnv,7.4,18.755,18.197554201348478,-0.5574457986515213,8.4
P004,SafeEnv,7.5,18.675,17.528504576004455,-1.146495423995546,8.4
P004,SafeEnv,7.6,18.596,16.859941955182514,-1.7360580448174865,8.4
P004,SafeEnv,7.7,18.516,16.19190454807107,-2.3240954519289296,8.4
P004,SafeEnv,7.8,18.437,15.524435207750358,-2.9125647922496434,8.4
P004,SafeEnv,7.9,18.358,14.857582210497393,-3.500417789502608,8.4
P004,SafeEnv,8.0,18.279,14.191400204756594,-4.087599795243406,8.4
P004,SafeEnv,8.1,18.159,13.525951375878842,-4.633048624121157,8.4
P004,SafeEnv,8.2,17.88,12.861306887961597,-5.018693112038402,8.4
P004,SafeEnv,8.3,17.43,12.19754868536078,-5.232451314639219,8.4
P004,SafeEnv,8.4,16.787,11.53477176647771,-5.252228233522288,8.4
P004,SafeEnv,8.5,15.907,10.873087085547205,-5.033912914452795,8.4
P004,SafeEnv,8.6,14.812,10.212625301120786,-4.599374698879213,8.4
P004,SafeEnv,8.7,13.499,9.553541683577345,-3.9454583164226555,8.4
P004,SafeEnv,8.8,11.891,8.89602263607534,-2.9949773639246597,8.4
P004,SafeEnv,8.9,10.092,8.240294503786245,-1.8517054962137554,8.4
P004,SafeEnv,9.0,8.169,7.586635696760769,-0.5823643032392312,8.4
P004,SafeEnv,9.1,6.162,6.935393724675007,0.7733937246750067,8.4
P004,SafeEnv,9.2,4.089,6.287009707383866,2.198009707383866,8.4
P004,SafeEnv,9.3,1.97,5.6420546105296285,3.672054610529629,8.4
P004,SafeEnv,9.4,0.143,5.001284514883383,4.858284514883383,8.4
P004,CGP,0.0,28.935,28.935,0.0,8.4
P004,CGP,0.1,28.845,28.84465909090909,-0.00034090909090878085,8.4
P004,CGP,0.2,28.755,28.75431818181818,-0.0006818181818175617,8.4
P004,CGP,0.3,28.664,28.663977272727273,-2.2727272728673142e-05,8.4
P004,CGP,0.4,28.574,28.57363636363636,-0.0003636363636410067,8.4
P004,CGP,0.5,28.484,28.483295454545452,-0.0007045454545497876,8.4
P004,CGP,0.6,28.395,28.392954545454543,-0.002045454545456238,8.4
P004,CGP,0.7,28.305,28.302613636363635,-0.0023863636363650187,8.4
P004,CGP,0.8,28.216,28.212272727272726,-0.0037272727272750217,8.4
P004,CGP,0.9,28.127,28.121931818181817,-0.005068181818181472,8.4
P004,CGP,1.0,28.038,28.031590909090905,-0.006409090909095028,8.4
P004,CGP,1.1,27.949,27.941249999999997,-0.007750000000005031,8.4
P004,CGP,1.2,27.86,27.850909090909088,-0.009090909090911481,8.4
P004,CGP,1.3,27.772,27.76056818181818,-0.011431818181819153,8.4
P004,CGP,1.4,27.683,27.67022727272727,-0.012772727272729156,8.4
P004,CGP,1.5,27.594,27.57988636363636,-0.014113636363642712,8.4
P004,CGP,1.6,27.506,27.48954545454545,-0.016454545454550384,8.4
P004,CGP,1.7,27.418,27.39920454545454,-0.018795454545458057,8.4
P004,CGP,1.8,27.33,27.308863636363633,-0.02113636363636573,8.4
P004,CGP,1.9,27.242,27.218522727272724,-0.023477272727276954,8.4
P004,CGP,2.0,27.154,27.12818181818181,-0.02581818181818818,8.4
P004,CGP,2.1,27.067,27.037840909090903,-0.029159090909097074,8.4
P004,CGP,2.2,26.98,26.947499999999994,-0.03250000000000597,8.4
P004,CGP,2.3,26.892,26.857159090909086,-0.03484090909091364,8.4
P004,CGP,2.4,26.805,26.766818181818177,-0.038181818181822536,8.4
P004,CGP,2.5,26.718,26.67647727272727,-0.04152272727273143,8.4
P004,CGP,2.6,26.632,26.586136363636356,-0.0458636363636451,8.4
P004,CGP,2.7,26.545,26.495795454545448,-0.049204545454553994,8.4
P004,CGP,2.8,26.458,26.40545454545454,-0.052545454545459336,8.4
P004,CGP,2.9,26.372,26.31511363636363,-0.05688636363636945,8.4
P004,CGP,3.0,26.286,26.224772727272722,-0.06122727272727957,8.4
P004,CGP,3.1,26.2,26.13443181818181,-0.06556818181818969,8.4
P004,CGP,3.2,26.114,26.0440909090909,-0.0699090909090998,8.4
P004,CGP,3.3,26.028,25.953749999999992,-0.07425000000000637,8.4
P004,CGP,3.4,25.942,25.863409090909084,-0.07859090909091648,8.4
P004,CGP,3.5,25.856,25.773068181818175,-0.0829318181818266,8.4
P004,CGP,3.6,25.771,25.682727272727266,-0.08827272727273439,8.4
P004,CGP,3.7,25.685,25.592386363636354,-0.0926136363636445,8.4
P004,CGP,3.8,25.6,25.502045454545446,-0.09795454545455584,8.4
P004,CGP,3.9,25.515,25.411704545454537,-0.10329545454546363,8.4
P004,CGP,4.0,25.43,25.32136363636363,-0.10863636363637141,8.4
P004,CGP,4.1,25.329,25.23102272727272,-0.09797727272728096,8.4
P004,CGP,4.2,25.164,25.140681818181807,-0.023318181818194006,8.4
P004,CGP,4.3,24.939,25.0503409090909,0.11134090909089878,8.4
P004,CGP,4.4,24.658,24.95999999999999,0.30199999999998894,8.4
P004,CGP,4.5,24.33,24.86965909090908,0.5396590909090833,8.4
P004,CGP,4.6,23.975,24.779318181818173,0.8043181818181715,8.4
P004,CGP,4.7,23.603,24.688977272727264,1.0859772727272627,8.4
P004,CGP,4.8,23.21,24.598636363636352,1.3886363636363512,8.4
P004,CGP,4.9,22.805,24.508295454545443,1.7032954545454437,8.4
P004,CGP,5.0,22.394,24.417954545454535,2.0239545454545365,8.4
P004,CGP,5.1,21.98,24.327613636363626,2.3476136363636257,8.4
P004,CGP,5.2,21.564,24.237272727272718,2.6732727272727175,8.4
P004,CGP,5.3,21.164,24.146931818181805,2.982931818181804,8.4
P004,CGP,5.4,20.807,24.056590909090897,3.249590909090898,8.4
P004,CGP,5.5,20.517,23.966249999999988,3.4492499999999886,8.4
P004,CGP,5.6,20.298,23.87590909090908,3.577909090909081,8.4
P004,CGP,5.7,20.155,23.78556818181817,3.6305681818181696,8.4
P004,CGP,5.8,20.056,23.695227272727262,3.639227272727261,8.4
P004,CGP,5.9,19.969,23.60488636363635,3.6358863636363488,8.4
P004,CGP,6.0,19.886,23.51454545454544,3.628545454545442,8.4
P004,CGP,6.1,19.804,23.424204545454533,3.620204545454534,8.4
P004,CGP,6.2,19.722,23.333863636363624,3.6118636363636227,8.4
P004,CGP,6.3,19.64,23.243522727272715,3.603522727272715,8.4
P004,CGP,6.4,19.559,23.153181818181803,3.594181818181802,8.4
P004,CGP,6.5,19.478,23.062840909090895,3.584840909090893,8.4
P004,CGP,6.6,19.397,22.972499999999986,3.5754999999999875,8.4
P004,CGP,6.7,19.316,22.882159090909077,3.5661590909090783,8.4
P004,CGP,6.8,19.236,22.79181818181817,3.555818181818168,8.4
P004,CGP,6.9,19.155,22.701477272727256,3.5464772727272553,8.4
P004,CGP,7.0,19.075,22.611136363636348,3.5361363636363485,8.4
P004,CGP,7.1,18.995,22.52079545454544,3.525795454545438,8.4
P004,CGP,7.2,18.914,22.43045454545453,3.516454545454529,8.4
P004,CGP,7.3,18.834,22.340113636363622,3.5061136363636223,8.4
P004,CGP,7.4,18.755,22.249772727272713,3.4947727272727143,8.4
P004,CGP,7.5,18.675,22.1594318181818,3.4844318181818004,8.4
P004,CGP,7.6,18.596,22.069090909090892,3.4730909090908924,8.4
P004,CGP,7.7,18.516,21.425015304162102,2.9090153041621036,8.4
P004,CGP,7.8,18.437,20.75404328481379,2.3170432848137885,8.4
P004,CGP,7.9,18.358,20.083071265465477,1.725071265465477,8.4
P004,CGP,8.0,18.279,19.412099246117165,1.1330992461171654,8.4
P004,CGP,8.1,18.159,18.741127226768853,0.5821272267688542,8.4
P004,CGP,8.2,17.88,18.070155207420537,0.19015520742053837,8.4
P004,CGP,8.3,17.43,17.399183188072225,-0.030816811927774523,8.4
P004,CGP,8.4,16.787,16.728211168723913,-0.05878883127608603,8.4
P004,CGP,8.5,15.907,15.716330058466509,-0.19066994153349093,8.4
P004,CGP,8.6,14.812,14.461339671743204,-0.3506603282567955,8.4
P004,CGP,8.7,13.499,13.2063492850199,-0.2926507149801001,8.4
P004,CGP,8.8,11.891,11.951358898296595,0.06035889829659524,8.4
P004,CGP,8.9,10.092,10.696368511573292,0.6043685115732913,8.4
P004,CGP,9.0,8.169,9.441378124849988,1.272378124849988,8.4
P004,CGP,9.1,6.162,8.186387738126685,2.024387738126685,8.4
P004,CGP,9.2,4.089,6.9313973514033815,2.842397351403381,8.4
P004,CGP,9.3,1.97,5.676406964680078,3.7064069646800784,8.4
P004,CGP,9.4,0.143,4.421416577956775,4.278416577956775,8.4
P005,ConstDecel,0.0,29.219,29.219,0.0,5.8
P005,ConstDecel,0.1,29.129,29.03354109331153,-0.09545890668847079,5.8
P005,ConstDecel,0.2,29.038,28.848082186623063,-0.1899178133769368,5.8
P005,ConstDecel,0.3,28.948,28.662623279934593,-0.2853767200654076,5.8
P005,ConstDecel,0.4,28.857,28.477164373246126,-0.3798356267538736,5.8
P005,ConstDecel,0.5,28.767,28.291705466557655,-0.4752945334423444,5.8
P005,ConstDecel,0.6,28.677,28.106246559869188,-0.5707534401308116,5.8
P005,ConstDecel,0.7,28.587,27.920787653180717,-0.6662123468192824,5.8
P005,ConstDecel,0.8,28.498,27.73532874649225,-0.7626712535077509,5.8
P005,ConstDecel,0.9,28.408,27.54986983980378,-0.8581301601962217,5.8
P005,ConstDecel,1.0,28.319,27.364410933115316,-0.954589066884683,5.8
P005,ConstDecel,1.1,28.229,27.178952026426842,-1.0500479735731574,5.8
P005,ConstDecel,1.2,28.14,26.99349311973838,-1.1465068802616223,5.8
P005,ConstDecel,1.3,28.05,26.80803421304991,-1.2419657869500895,5.8
P005,ConstDecel,1.4,27.961,26.62257530636144,-1.338424693638558,5.8
P005,ConstDecel,1.5,27.872,26.437116399672973,-1.4348836003270264,5.8
P005,ConstDecel,1.6,27.784,26.251657492984506,-1.5323425070154926,5.8
P005,ConstDecel,1.7,27.695,26.066198586296036,-1.6288014137039646,5.8
P005,ConstDecel,1.8,27.606,25.88073967960757,-1.725260320392433,5.8
P005,ConstDecel,1.9,27.518,25.695280772919098,-1.8227192270809027,5.8
P005,ConstDecel,2.0,27.429,25.50982186623063,-1.9191781337693676,5.8
P005,ConstDecel,2.1,27.341,25.32436295954216,-2.016637040457841,5.8
P005,ConstDecel,2.2,27.253,25.138904052853693,-2.114095947146307,5.8
P005,ConstDecel,2.3,27.165,24.953445146165222,-2.2115548538347767,5.8
P005,ConstDecel,2.4,27.078,24.767986239476755,-2.310013760523244,5.8
P005,ConstDecel,2.5,26.99,24.582527332788285,-2.4074726672117137,5.8
P005,ConstDecel,2.6,26.902,24.397068426099818,-2.5049315739001834,5.8
P005,ConstDecel,2.7,26.815,24.21160951941135,-2.6033904805886507,5.8
P005,ConstDecel,2.8,26.728,24.02615061272288,-2.7018493872771217,5.8
P005,ConstDecel,2.9,26.641,23.840691706034416,-2.800308293965582,5.8
P005,ConstDecel,3.0,26.554,23.655232799345942,-2.8987672006540564,5.8
P005,ConstDecel,3.1,26.467,23.46977389265748,-2.99722610734252,5.8
P005,ConstDecel,3.2,26.38,23.284314985969004,-3.0956850140309946,5.8
P005,ConstDecel,3.3,26.293,23.09885607928054,-3.1941439207194584,5.8
P005,ConstDecel,3.4,26.207,22.913397172592074,-3.293602827407927,5.8
P005,ConstDecel,3.5,26.121,22.727938265903603,-3.3930617340963956,5.8
P005,ConstDecel,3.6,26.035,22.542479359215136,-3.492520640784864,5.8
P005,ConstDecel,3.7,25.949,22.357020452526665,-3.5919795474733363,5.8
P005,ConstDecel,3.8,25.863,22.1715615458382,-3.6914384541618013,5.8
P005,ConstDecel,3.9,25.778,21.986102639149728,-3.791897360850271,5.8
P005,ConstDecel,4.0,25.692,21.80064373246126,-3.8913562675387396,5.8
P005,ConstDecel,4.1,25.607,21.61518482577279,-3.9918151742272094,5.8
P005,ConstDecel,4.2,25.522,21.429725919084323,-4.092274080915676,5.8
P005,ConstDecel,4.3,25.437,21.244267012395856,-4.1927329876041455,5.8
P005,ConstDecel,4.4,25.352,21.058808105707385,-4.293191894292615,5.8
P005,ConstDecel,4.5,25.267,20.873349199018918,-4.3936508009810815,5.8
P005,ConstDecel,4.6,25.183,20.68789029233045,-4.495109707669549,5.8
P005,ConstDecel,4.7,25.098,20.50243138564198,-4.595568614358019,5.8
P005,ConstDecel,4.8,25.014,20.316972478953513,-4.697027521046486,5.8
P005,ConstDecel,4.9,24.93,20.131513572265042,-4.798486427734957,5.8
P005,ConstDecel,5.0,24.846,19.946054665576575,-4.899945334423425,5.8
P005,ConstDecel,5.1,24.762,19.76059575888811,-5.001404241111892,5.8
P005,ConstDecel,5.2,24.678,19.575136852199638,-5.102863147800363,5.8
P005,ConstDecel,5.3,24.594,19.38967794551117,-5.204322054488831,5.8
P005,ConstDecel,5.4,24.51,19.2042190388227,-5.305780961177302,5.8
P005,ConstDecel,5.5,24.402,19.018760132134233,-5.383239867865768,5.8
P005,ConstDecel,5.6,24.236,18.833301225445766,-5.402698774554235,5.8
P005,ConstDecel,5.7,24.01,18.647842318757295,-5.3621576812427065,5.8
P005,ConstDecel,5.8,23.718,18.462383412068828,-5.255616587931172,5.8
P005,ConstDecel,5.9,23.355,18.27692450538036,-5.07807549461964,5.8
P005,ConstDecel,6.0,22.936,18.09146559869189,-4.84453440130811,5.8
P005,ConstDecel,6.1,22.478,17.906006692003423,-4.571993307996578,5.8
P005,ConstDecel,6.2,21.991,17.720547785314952,-4.270452214685047,5.8
P005,ConstDecel,6.3,21.483,17.535088878626485,-3.947911121373515,5.8
P005,ConstDecel,6.4,20.958,17.349629971938015,-3.6083700280619837,5.8
P005,ConstDecel,6.5,20.426,17.164171065249548,-3.2618289347504508,5.8
P005,ConstDecel,6.6,19.9,16.97871215856108,-2.921287841438918,5.8
P005,ConstDecel,6.7,19.374,16.793253251872613,-2.5807467481273854,5.8
P005,ConstDecel,6.8,18.846,16.607794345184143,-2.2382056548158573,5.8
P005,ConstDecel,6.9,18.316,16.422335438495676,-1.8936645615043233,5.8
P005,ConstDecel,7.0,17.782,16.236876531807205,-1.545123468192795,5.8
P005,ConstDecel,7.1,17.243,16.051417625118738,-1.1915823748812606,5.8
P005,ConstDecel,7.2,16.7,15.865958718430269,-0.8340412815697302,5.8
P005,ConstDecel,7.3,16.155,15.6804998117418,-0.47450018825820095,5.8
P005,ConstDecel,7.4,15.609,15.495040905053331,-0.11395909494666867,5.8
P005,ConstDecel,7.5,15.055,15.309581998364864,0.2545819983648645,5.8
P005,ConstDecel,7.6,14.49,15.124123091676395,0.6341230916763951,5.8
P005,ConstDecel,7.7,13.92,14.938664184987926,1.0186641849879265,5.8
P005,ConstDecel,7.8,13.346,14.753205278299458,1.4072052782994575,5.8
P005,ConstDecel,7.9,12.769,14.567746371610989,1.7987463716109886,5.8
P005,ConstDecel,8.0,12.203,14.382287464922522,2.1792874649225222,5.8
P005,ConstDecel,8.1,11.652,14.196828558234053,2.5448285582340535,5.8
P005,ConstDecel,8.2,11.109,14.011369651545586,2.9023696515455857,5.8
P005,ConstDecel,8.3,10.574,13.825910744857115,3.251910744857115,5.8
P005,ConstDecel,8.4,10.043,13.640451838168646,3.597451838168647,5.8
P005,ConstDecel,8.5,9.509,13.454992931480177,3.945992931480177,5.8
P005,ConstDecel,8.6,8.959,13.26953402479171,4.3105340247917106,5.8
P005,ConstDecel,8.7,8.395,13.084075118103241,4.689075118103242,5.8
P005,ConstDecel,8.8,7.834,12.89861621141477,5.064616211414771,5.8
P005,ConstDecel,8.9,7.286,12.713157304726305,5.427157304726306,5.8
P005,ConstDecel,9.0,6.754,12.527698398037836,5.773698398037837,5.8
P005,ConstDecel,9.1,6.242,12.342239491349368,6.100239491349368,5.8
P005,ConstDecel,9.2,5.755,12.1567805846609,6.401780584660901,5.8
P005,ConstDecel,9.3,5.287,11.97132167797243,6.68432167797243,5.8
P005,ConstDecel,9.4,4.834,11.785862771283961,6.951862771283961,5.8
P005,ConstDecel,9.5,4.394,11.600403864595494,7.206403864595494,5.8
P005,ConstDecel,9.6,3.967,11.414944957907027,7.447944957907026,5.8
P005,ConstDecel,9.7,3.551,11.229486051218558,7.678486051218558,5.8
P005,ConstDecel,9.8,3.133,11.044027144530085,7.9110271445300855,5.8
P005,ConstDecel,9.9,2.706,10.85856823784162,8.15256823784162,5.8
P005,ConstDecel,10.0,2.27,10.673109331153151,8.403109331153152,5.8
P005,ConstDecel,10.1,1.835,10.487650424464682,8.652650424464682,5.8
P005,ConstDecel,10.2,1.409,10.302191517776215,8.893191517776215,5.8
P005,ConstDecel,10.3,1.0,10.116732611087745,9.116732611087745,5.8
P005,ConstDecel,10.4,0.614,9.931273704399276,9.317273704399275,5.8
P005,ConstDecel,10.5,0.256,9.745814797710807,9.489814797710807,5.8
P005,SafeEnv,0.0,29.219,29.219,0.0,5.8
P005,SafeEnv,0.1,29.129,29.219,0.08999999999999986,5.8
P005,SafeEnv,0.2,29.038,29.219,0.18100000000000094,5.8
P005,SafeEnv,0.3,28.948,29.219,0.2710000000000008,5.8
P005,SafeEnv,0.4,28.857,29.219,0.3620000000000019,5.8
P005,SafeEnv,0.5,28.767,29.219,0.45200000000000173,5.8
P005,SafeEnv,0.6,28.677,29.219,0.5420000000000016,5.8
P005,SafeEnv,0.7,28.587,29.219,0.6320000000000014,5.8
P005,SafeEnv,0.8,28.498,29.219,0.7210000000000001,5.8
P005,SafeEnv,0.9,28.408,29.219,0.8109999999999999,5.8
P005,SafeEnv,1.0,28.319,29.219,0.9000000000000021,5.8
P005,SafeEnv,1.1,28.229,29.219,0.990000000000002,5.8
P005,SafeEnv,1.2,28.14,29.219,1.0790000000000006,5.8
P005,SafeEnv,1.3,28.05,29.219,1.1690000000000005,5.8
P005,SafeEnv,1.4,27.961,29.219,1.2580000000000027,5.8
P005,SafeEnv,1.5,27.872,29.219,1.3470000000000013,5.8
P005,SafeEnv,1.6,27.784,29.219,1.4350000000000023,5.8
P005,SafeEnv,1.7,27.695,29.219,1.524000000000001,5.8
P005,SafeEnv,1.8,27.606,29.219,1.6129999999999995,5.8
P005,SafeEnv,1.9,27.518,29.219,1.7010000000000005,5.8
P005,SafeEnv,2.0,27.429,29.219,1.7900000000000027,5.8
P005,SafeEnv,2.1,27.341,29.219,1.8780000000000001,5.8
P005,SafeEnv,2.2,27.253,29.219,1.966000000000001,5.8
P005,SafeEnv,2.3,27.165,29.219,2.054000000000002,5.8
P005,SafeEnv,2.4,27.078,29.219,2.141000000000002,5.8
P005,SafeEnv,2.5,26.99,29.219,2.2290000000000028,5.8
P005,SafeEnv,2.6,26.902,29.219,2.317,5.8
P005,SafeEnv,2.7,26.815,29.219,2.404,5.8
P005,SafeEnv,2.8,26.728,29.219,2.4909999999999997,5.8
P005,SafeEnv,2.9,26.641,29.219,2.578000000000003,5.8
P005,SafeEnv,3.0,26.554,29.219,2.6650000000000027,5.8
P005,SafeEnv,3.1,26.467,29.219,2.7520000000000024,5.8
P005,SafeEnv,3.2,26.38,29.219,2.839000000000002,5.8
P005,SafeEnv,3.3,26.293,29.219,2.926000000000002,5.8
P005,SafeEnv,3.4,26.207,29.219,3.0120000000000005,5.8
P005,SafeEnv,3.5,26.121,29.219,3.0980000000000025,5.8
P005,SafeEnv,3.6,26.035,29.219,3.184000000000001,5.8
P005,SafeEnv,3.7,25.949,29.219,3.2699999999999996,5.8
P005,SafeEnv,3.8,25.863,29.219,3.3560000000000016,5.8
P005,SafeEnv,3.9,25.778,29.219,3.4410000000000025,5.8
P005,SafeEnv,4.0,25.692,29.219,3.527000000000001,5.8
P005,SafeEnv,4.1,25.607,29.219,3.612000000000002,5.8
P005,SafeEnv,4.2,25.522,29.219,3.6970000000000027,5.8
P005,SafeEnv,4.3,25.437,29.219,3.782,5.8
P005,SafeEnv,4.4,25.352,29.219,3.867000000000001,5.8
P005,SafeEnv,4.5,25.267,29.219,3.9520000000000017,5.8
P005,SafeEnv,4.6,25.183,29.219,4.036000000000001,5.8
P005,SafeEnv,4.7,25.098,29.219,4.121000000000002,5.8
P005,SafeEnv,4.8,25.014,29.219,4.205000000000002,5.8
P005,SafeEnv,4.9,24.93,29.219,4.2890000000000015,5.8
P005,SafeEnv,5.0,24.846,29.219,4.373000000000001,5.8
P005,SafeEnv,5.1,24.762,29.219,4.457000000000001,5.8
P005,SafeEnv,5.2,24.678,29.219,4.541,5.8
P005,SafeEnv,5.3,24.594,29.219,4.625,5.8
P005,SafeEnv,5.4,24.51,29.219,4.709,5.8
P005,SafeEnv,5.5,24.402,29.219,4.817,5.8
P005,SafeEnv,5.6,24.236,29.219,4.9830000000000005,5.8
P005,SafeEnv,5.7,24.01,29.219,5.209,5.8
P005,SafeEnv,5.8,23.718,28.781116229611246,5.063116229611246,5.8
P005,SafeEnv,5.9,23.355,28.10737297485465,4.752372974854648,5.8
P005,SafeEnv,6.0,22.936,27.433823222578905,4.497823222578905,5.8
P005,SafeEnv,6.1,22.478,26.76047641321828,4.28247641321828,5.8
P005,SafeEnv,6.2,21.991,26.08734269213284,4.09634269213284,5.8
P005,SafeEnv,6.3,21.483,25.41443298132467,3.9314329813246687,5.8
P005,SafeEnv,6.4,20.958,24.74175906048392,3.78375906048392,5.8
P005,SafeEnv,6.5,20.426,24.069333658855758,3.6433336588557594,5.8
P005,SafeEnv,6.6,19.9,23.397170559704673,3.4971705597046743,5.8
P005,SafeEnv,6.7,19.374,22.725284719501534,3.3512847195015354,5.8
P005,SafeEnv,6.8,18.846,22.05369240438744,3.2076924043874406,5.8
P005,SafeEnv,6.9,18.316,21.382411347000478,3.0664113470004786,5.8
P005,SafeEnv,7.0,17.782,20.711460927411242,2.9294609274112418,5.8
P005,SafeEnv,7.1,17.243,20.040862382740567,2.7978623827405684,5.8
P005,SafeEnv,7.2,16.7,19.37063905107483,2.6706390510748292,5.8
P005,SafeEnv,7.3,16.155,18.700816656616034,2.545816656616033,5.8
P005,SafeEnv,7.4,15.609,18.03142364469135,2.422423644691351,5.8
P005,SafeEnv,7.5,15.055,17.362491577421476,2.3074915774214766,5.8
P005,SafeEnv,7.6,14.49,16.694055603666367,2.204055603666367,5.8
P005,SafeEnv,7.7,13.92,16.026155020559237,2.106155020559237,5.8
P005,SafeEnv,7.8,13.346,15.358833948817075,2.0128339488170752,5.8
P005,SafeEnv,7.9,12.769,14.69214215052277,1.9231421505227697,5.8
P005,SafeEnv,8.0,12.203,14.02613602684816,1.823136026848161,5.8
P005,SafeEnv,8.1,11.652,13.360879845153164,1.7088798451531648,5.8
P005,SafeEnv,8.2,11.109,12.696447261417681,1.5874472614176813,5.8
P005,SafeEnv,8.3,10.574,12.032923227074859,1.4589232270748589,5.8
P005,SafeEnv,8.4,10.043,11.370406402122178,1.327406402122179,5.8
P005,SafeEnv,8.5,9.509,10.709012243681066,1.2000122436810656,5.8
P005,SafeEnv,8.6,8.959,10.048877008539666,1.0898770085396663,5.8
P005,SafeEnv,8.7,8.395,9.390163011860405,0.9951630118604058,5.8
P005,SafeEnv,8.8,7.834,8.733065642338591,0.8990656423385914,5.8
P005,SafeEnv,8.9,7.286,8.077822880831205,0.7918228808312051,5.8
P005,SafeEnv,9.0,6.754,7.424728464389293,0.6707284643892937,5.8
P005,SafeEnv,9.1,6.242,6.774150487843032,0.5321504878430323,5.8
P005,SafeEnv,9.2,5.755,6.1265583401583745,0.37155834015837463,5.8
P005,SafeEnv,9.3,5.287,5.482562819419701,0.19556281941970077,5.8
P005,SafeEnv,9.4,4.834,4.842977841741476,0.008977841741476311,5.8
P005,SafeEnv,9.5,4.394,4.208919023211015,-0.18508097678898494,5.8
P005,SafeEnv,9.6,3.967,3.5819683251502634,-0.38503167484973666,5.8
P005,SafeEnv,9.7,3.551,2.9644639130612838,-0.5865360869387164,5.8
P005,SafeEnv,9.8,3.133,2.360043472646087,-0.7729565273539132,5.8
P005,SafeEnv,9.9,2.706,1.7747406360887927,-0.9312593639112072,5.8
P005,SafeEnv,10.0,2.27,1.2193867935706026,-1.0506132064293974,5.8
P005,SafeEnv,10.1,1.835,0.7152430857686699,-1.11975691423133,5.8
P005,SafeEnv,10.2,1.409,0.30633600898279595,-1.102663991017204,5.8
P005,SafeEnv,10.3,1.0,0.06565608760974052,-0.9343439123902595,5.8
P005,SafeEnv,10.4,0.614,0.003153901480515672,-0.6108460985194843,5.8
P005,SafeEnv,10.5,0.256,7.294496573288663e-06,-0.25599270550342673,5.8
P005,CGP,0.0,29.219,29.219,0.0,5.8
P005,CGP,0.1,29.129,29.128181818181815,-0.0008181818181860478,5.8
P005,CGP,0.2,29.038,29.037363636363633,-0.0006363636363673209,5.8
P005,CGP,0.3,28.948,28.94654545454545,-0.001454545454549816,5.8
P005,CGP,0.4,28.857,28.855727272727265,-0.0012727272727346417,5.8
P005,CGP,0.5,28.767,28.764909090909082,-0.002090909090917137,5.8
P005,CGP,0.6,28.677,28.6740909090909,-0.002909090909099632,5.8
P005,CGP,0.7,28.587,28.583272727272718,-0.003727272727282127,5.8
P005,CGP,0.8,28.498,28.49245454545453,-0.005545454545469397,5.8
P005,CGP,0.9,28.408,28.40163636363635,-0.006363636363651892,5.8
P005,CGP,1.0,28.319,28.310818181818167,-0.008181818181832057,5.8
P005,CGP,1.1,28.229,28.219999999999985,-0.009000000000014552,5.8
P005,CGP,1.2,28.14,28.1291818181818,-0.010818181818201822,5.8
P005,CGP,1.3,28.05,28.038363636363616,-0.011636363636384317,5.8
P005,CGP,1.4,27.961,27.947545454545434,-0.013454545454564482,5.8
P005,CGP,1.5,27.872,27.856727272727248,-0.015272727272751752,5.8
P005,CGP,1.6,27.784,27.765909090909066,-0.018090909090933138,5.8
P005,CGP,1.7,27.695,27.675090909090883,-0.019909090909116856,5.8
P005,CGP,1.8,27.606,27.5842727272727,-0.021727272727300573,5.8
P005,CGP,1.9,27.518,27.493454545454515,-0.024545454545485512,5.8
P005,CGP,2.0,27.429,27.402636363636333,-0.026363636363665677,5.8
P005,CGP,2.1,27.341,27.31181818181815,-0.029181818181850616,5.8
P005,CGP,2.2,27.253,27.220999999999965,-0.032000000000035556,5.8
P005,CGP,2.3,27.165,27.130181818181782,-0.03481818181821694,5.8
P005,CGP,2.4,27.078,27.0393636363636,-0.03863636363639955,5.8
P005,CGP,2.5,26.99,26.948545454545417,-0.04145454545458094,5.8
P005,CGP,2.6,26.902,26.85772727272723,-0.04427272727276943,5.8
P005,CGP,2.7,26.815,26.76690909090905,-0.04809090909095204,5.8
P005,CGP,2.8,26.728,26.676090909090867,-0.05190909090913465,5.8
P005,CGP,2.9,26.641,26.585272727272685,-0.055727272727313704,5.8
P005,CGP,3.0,26.554,26.4944545454545,-0.059545454545499865,5.8
P005,CGP,3.1,26.467,26.403636363636316,-0.06336363636368247,5.8
P005,CGP,3.2,26.38,26.312818181818134,-0.06718181818186508,5.8
P005,CGP,3.3,26.293,26.221999999999948,-0.07100000000005124,5.8
P005,CGP,3.4,26.207,26.131181818181766,-0.07581818181823508,5.8
P005,CGP,3.5,26.121,26.040363636363583,-0.08063636363641535,5.8
P005,CGP,3.6,26.035,25.9495454545454,-0.08545454545459918,5.8
P005,CGP,3.7,25.949,25.858727272727215,-0.09027272727278657,5.8
P005,CGP,3.8,25.863,25.767909090909033,-0.09509090909096685,5.8
P005,CGP,3.9,25.778,25.67709090909085,-0.10090909090914835,5.8
P005,CGP,4.0,25.692,25.586272727272668,-0.10572727272733218,5.8
P005,CGP,4.1,25.607,25.495454545454482,-0.11154545454551723,5.8
P005,CGP,4.2,25.522,25.4046363636363,-0.11736363636369873,5.8
P005,CGP,4.3,25.437,25.313818181818117,-0.12318181818188378,5.8
P005,CGP,4.4,25.352,25.22299999999993,-0.12900000000006884,5.8
P005,CGP,4.5,25.267,25.13218181818175,-0.13481818181825034,5.8
P005,CGP,4.6,25.183,25.041363636363567,-0.14163636363643306,5.8
P005,CGP,4.7,25.098,24.950545454545384,-0.14745454545461456,5.8
P005,CGP,4.8,25.014,24.8597272727272,-0.15427272727280084,5.8
P005,CGP,4.9,24.93,24.768909090909016,-0.16109090909098356,5.8
P005,CGP,5.0,24.846,24.678090909090834,-0.16790909090916628,5.8
P005,CGP,5.1,24.762,24.58727272727265,-0.174727272727349,5.8
P005,CGP,5.2,24.678,24.496454545454466,-0.18154545454553528,5.8
P005,CGP,5.3,24.594,24.405636363636283,-0.188363636363718,5.8
P005,CGP,5.4,24.51,24.3148181818181,-0.19518181818190072,5.8
P005,CGP,5.5,24.402,24.223999999999915,-0.1780000000000861,5.8
P005,CGP,5.6,24.236,24.133181818181733,-0.10281818181826807,5.8
P005,CGP,5.7,24.01,24.04236363636355,0.032363636363548665,5.8
P005,CGP,5.8,23.718,23.951545454545368,0.2335454545453679,5.8
P005,CGP,5.9,23.355,23.519818181818092,0.1648181818180916,5.8
P005,CGP,6.0,22.936,22.96337539267725,0.027375392677249977,5.8
P005,CGP,6.1,22.478,22.406932603536404,-0.07106739646359728,5.8
P005,CGP,6.2,21.991,21.850489814395562,-0.1405101856044375,5.8
P005,CGP,6.3,21.483,21.294047025254716,-0.18895297474528405,5.8
P005,CGP,6.4,20.958,20.73760423611387,-0.22039576388612758,5.8
P005,CGP,6.5,20.426,20.181161446973025,-0.24483855302697322,5.8
P005,CGP,6.6,19.9,19.62471865783218,-0.2752813421678191,5.8
P005,CGP,6.7,19.374,19.068275868691334,-0.30572413130866494,5.8
P005,CGP,6.8,18.846,18.511833079550488,-0.3341669204495119,5.8
P005,CGP,6.9,18.316,17.95539029040964,-0.36060970959036,5.8
P005,CGP,7.0,17.782,17.398947501268793,-0.3830524987312067,5.8
P005,CGP,7.1,17.243,16.842504712127948,-0.4004952878720509,5.8
P005,CGP,7.2,16.7,16.286061922987102,-0.4139380770128973,5.8
P005,CGP,7.3,16.155,15.729619133846258,-0.42538086615374304,5.8
P005,CGP,7.4,15.609,15.17317634470541,-0.43582365529458933,5.8
P005,CGP,7.5,15.055,14.616733555564565,-0.4382664444354347,5.8
P005,CGP,7.6,14.49,14.06029076642372,-0.4297092335762809,5.8
P005,CGP,7.7,13.92,13.503847977282874,-0.41615202271712626,5.8
P005,CGP,7.8,13.346,12.947405188142028,-0.3985948118579721,5.8
P005,CGP,7.9,12.769,12.390962399001182,-0.3780376009988178,5.8
P005,CGP,8.0,12.203,11.834519609860337,-0.3684803901396627,5.8
P005,CGP,8.1,11.652,11.278076820719491,-0.3739231792805082,5.8
P005,CGP,8.2,11.109,10.721634031578645,-0.3873659684213546,5.8
P005,CGP,8.3,10.574,10.165191242437801,-0.40880875756219837,5.8
P005,CGP,8.4,10.043,9.608748453296956,-0.43425154670304345,5.8
P005,CGP,8.5,9.509,9.052305664156112,-0.4566943358438884,5.8
P005,CGP,8.6,8.959,8.495862875015266,-0.46313712498473336,5.8
P005,CGP,8.7,8.395,7.939420085874422,-0.4555799141255772,5.8
P005,CGP,8.8,7.834,7.382977296733578,-0.451022703266422,5.8
P005,CGP,8.9,7.286,6.826534507592733,-0.45946549240726675,5.8
P005,CGP,9.0,6.754,6.270091718451888,-0.4839082815481115,5.8
P005,CGP,9.1,6.242,5.713648929311043,-0.5283510706889567,5.8
P005,CGP,9.2,5.755,5.1572061401701985,-0.5977938598298014,5.8
P005,CGP,9.3,5.287,4.600763351029353,-0.6862366489706471,5.8
P005,CGP,9.4,4.834,4.044320561888508,-0.7896794381114915,5.8
P005,CGP,9.5,4.394,3.4878777727476624,-0.9061222272523377,5.8
P005,CGP,9.6,3.967,2.931434983606817,-1.0355650163931829,5.8
P005,CGP,9.7,3.551,2.374992194465972,-1.1760078055340282,5.8
P005,CGP,9.8,3.133,1.8185494053251268,-1.3144505946748732,5.8
P005,CGP,9.9,2.706,1.2621066161842815,-1.4438933838157184,5.8
P005,CGP,10.0,2.27,0.7056638270434362,-1.5643361729565637,5.8
P005,CGP,10.1,1.835,0.14922103790259103,-1.6857789620974089,5.8
P005,CGP,10.2,1.409,0.0,-1.409,5.8
P005,CGP,10.3,1.0,0.0,-1.0,5.8
P005,CGP,10.4,0.614,0.0,-0.614,5.8
P005,CGP,10.5,0.256,0.0,-0.256,5.8
P006,ConstDecel,0.0,31.201,31.201,0.0,7.3
P006,ConstDecel,0.1,31.141,30.990382794651435,-0.1506172053485635,7.3
P006,ConstDecel,0.2,31.083,30.77976558930287,-0.3032344106971294,7.3
P006,ConstDecel,0.3,31.025,30.56914838395431,-0.45585161604568825,7.3
P006,ConstDecel,0.4,30.968,30.358531178605745,-0.6094688213942554,7.3
P006,ConstDecel,0.5,30.912,30.14791397325718,-0.7640860267428202,7.3
P006,ConstDecel,0.6,30.857,29.937296767908613,-0.9197032320913863,7.3
P006,ConstDecel,0.7,30.801,29.72667956256005,-1.0743204374399475,7.3
P006,ConstDecel,0.8,30.746,29.516062357211485,-1.2299376427885136,7.3
P006,ConstDecel,0.9,30.691,29.305445151862923,-1.385554848137076,7.3
P006,ConstDecel,1.0,30.634,29.094827946514357,-1.5391720534856432,7.3
P006,ConstDecel,1.1,30.574,28.884210741165795,-1.6897892588342067,7.3
P006,ConstDecel,1.2,30.509,28.67359353581723,-1.8354064641827712,7.3
P006,ConstDecel,1.3,30.439,28.462976330468663,-1.9760236695313367,7.3
P006,ConstDecel,1.4,30.363,28.252359125120098,-2.110640874879902,7.3
P006,ConstDecel,1.5,30.281,28.04174191977154,-2.23925808022846,7.3
P006,ConstDecel,1.6,30.196,27.831124714422973,-2.3648752855770283,7.3
P006,ConstDecel,1.7,30.106,27.620507509074407,-2.485492490925594,7.3
P006,ConstDecel,1.8,30.015,27.40989030372584,-2.605109696274159,7.3
P006,ConstDecel,1.9,29.923,27.199273098377276,-2.7237269016227224,7.3
P006,ConstDecel,2.0,29.831,26.988655893028717,-2.8423441069712823,7.3
P006,ConstDecel,2.1,29.739,26.77803868768015,-2.9609613123198493,7.3
P006,ConstDecel,2.2,29.648,26.567421482331586,-3.080578517668414,7.3
P006,ConstDecel,2.3,29.557,26.356804276983024,-3.200195723016975,7.3
P006,ConstDecel,2.4,29.465,26.146187071634458,-3.318812928365542,7.3
P006,ConstDecel,2.5,29.374,25.935569866285892,-3.4384301337141068,7.3
P006,ConstDecel,2.6,29.283,25.724952660937326,-3.558047339062675,7.3
P006,ConstDecel,2.7,29.192,25.514335455588764,-3.677664544411236,7.3
P006,ConstDecel,2.8,29.102,25.303718250240202,-3.7982817497597985,7.3
P006,ConstDecel,2.9,29.011,25.093101044891636,-3.917898955108363,7.3
P006,ConstDecel,3.0,28.921,24.88248383954307,-4.038516160456929,7.3
P006,ConstDecel,3.1,28.83,24.671866634194505,-4.158133365805494,7.3
P006,ConstDecel,3.2,28.74,24.461249428845946,-4.2787505711540526,7.3
P006,ConstDecel,3.3,28.65,24.25063222349738,-4.3993677765026185,7.3
P006,ConstDecel,3.4,28.561,24.040015018148814,-4.520984981851186,7.3
P006,ConstDecel,3.5,28.471,23.82939781280025,-4.6416021871997515,7.3
P006,ConstDecel,3.6,28.381,23.618780607451683,-4.762219392548317,7.3
P006,ConstDecel,3.7,28.292,23.40816340210312,-4.883836597896881,7.3
P006,ConstDecel,3.8,28.203,23.19754619675456,-5.005453803245441,7.3
P006,ConstDecel,3.9,28.114,22.986928991405993,-5.127071008594008,7.3
P006,ConstDecel,4.0,28.025,22.77631178605743,-5.248688213942568,7.3
P006,ConstDecel,4.1,27.936,22.565694580708865,-5.370305419291135,7.3
P006,ConstDecel,4.2,27.847,22.3550773753603,-5.491922624639702,7.3
P006,ConstDecel,4.3,27.759,22.144460170011733,-5.614539829988267,7.3
P006,ConstDecel,4.4,27.67,21.933842964663167,-5.736157035336834,7.3
P006,ConstDecel,4.5,27.582,21.72322575931461,-5.858774240685392,7.3
P006,ConstDecel,4.6,27.494,21.512608553966043,-5.981391446033957,7.3
P006,ConstDecel,4.7,27.406,21.301991348617477,-6.104008651382522,7.3
P006,ConstDecel,4.8,27.318,21.091374143268915,-6.226625856731086,7.3
P006,ConstDecel,4.9,27.23,20.88075693792035,-6.349243062079651,7.3
P006,ConstDecel,5.0,27.143,20.670139732571787,-6.472860267428214,7.3
P006,ConstDecel,5.1,27.055,20.45952252722322,-6.595477472776778,7.3
P006,ConstDecel,5.2,26.968,20.24890532187466,-6.719094678125341,7.3
P006,ConstDecel,5.3,26.881,20.038288116526093,-6.842711883473907,7.3
P006,ConstDecel,5.4,26.794,19.827670911177528,-6.966329088822473,7.3
P006,ConstDecel,5.5,26.707,19.617053705828962,-7.089946294171039,7.3
P006,ConstDecel,5.6,26.62,19.4064365004804,-7.213563499519601,7.3
P006,ConstDecel,5.7,26.533,19.195819295131834,-7.337180704868167,7.3
P006,ConstDecel,5.8,26.447,18.98520208978327,-7.461797910216728,7.3
P006,ConstDecel,5.9,26.36,18.774584884434706,-7.585415115565294,7.3
P006,ConstDecel,6.0,26.276,18.56396767908614,-7.71203232091386,7.3
P006,ConstDecel,6.1,26.195,18.353350473737578,-7.841649526262422,7.3
P006,ConstDecel,6.2,26.119,18.142733268389012,-7.976266731610988,7.3
P006,ConstDecel,6.3,26.048,17.93211606304045,-8.115883936959548,7.3
P006,ConstDecel,6.4,25.978,17.721498857691884,-8.256501142308117,7.3
P006,ConstDecel,6.5,25.928,17.510881652343322,-8.417118347656679,7.3
P006,ConstDecel,6.6,25.919,17.30026444699476,-8.61873555300524,7.3
P006,ConstDecel,6.7,25.951,17.089647241646194,-8.861352758353807,7.3
P006,ConstDecel,6.8,26.011,16.879030036297628,-9.131969963702371,7.3
P006,ConstDecel,6.9,26.077,16.668412830949062,-9.40858716905094,7.3
P006,ConstDecel,7.0,26.087,16.4577956256005,-9.6292043743995,7.3
P006,ConstDecel,7.1,25.977,16.247178420251934,-9.729821579748066,7.3
P006,ConstDecel,7.2,25.524,16.03656121490337,-9.487438785096632,7.3
P006,ConstDecel,7.3,24.582,15.825944009554807,-8.756055990445194,7.3
P006,ConstDecel,7.4,23.241,15.615326804206243,-7.625673195793757,7.3
P006,ConstDecel,7.5,21.571,15.404709598857679,-6.166290401142323,7.3
P006,ConstDecel,7.6,19.721,15.194092393509113,-4.526907606490887,7.3
P006,ConstDecel,7.7,17.756,14.983475188160547,-2.772524811839453,7.3
P006,ConstDecel,7.8,15.697,14.772857982811985,-0.9241420171880144,7.3
P006,ConstDecel,7.9,13.548,14.562240777463419,1.014240777463419,7.3
P006,ConstDecel,8.0,11.328,14.351623572114857,3.0236235721148574,7.3
P006,ConstDecel,8.1,9.081,14.141006366766293,5.060006366766293,7.3
P006,ConstDecel,8.2,6.896,13.93038916141773,7.034389161417731,7.3
P006,ConstDecel,8.3,4.902,13.719771956069163,8.817771956069162,7.3
P006,ConstDecel,8.4,3.229,13.5091547507206,10.280154750720598,7.3
P006,ConstDecel,8.5,1.643,13.298537545372033,11.655537545372033,7.3
P006,ConstDecel,8.6,0.074,13.087920340023471,13.013920340023471,7.3
P006,SafeEnv,0.0,31.201,31.201,0.0,7.3
P006,SafeEnv,0.1,31.141,31.201,0.060000000000002274,7.3
P006,SafeEnv,0.2,31.083,31.201,0.1180000000000021,7.3
P006,SafeEnv,0.3,31.025,31.201,0.17600000000000193,7.3
P006,SafeEnv,0.4,30.968,31.201,0.23300000000000054,7.3
P006,SafeEnv,0.5,30.912,31.201,0.2890000000000015,7.3
P006,SafeEnv,0.6,30.857,31.201,0.3440000000000012,7.3
P006,SafeEnv,0.7,30.801,31.201,0.40000000000000213,7.3
P006,SafeEnv,0.8,30.746,31.201,0.45500000000000185,7.3
P006,SafeEnv,0.9,30.691,31.201,0.5100000000000016,7.3
P006,SafeEnv,1.0,30.634,31.201,0.5670000000000002,7.3
P006,SafeEnv,1.1,30.574,31.201,0.6269999999999989,7.3
P006,SafeEnv,1.2,30.509,31.201,0.6920000000000002,7.3
P006,SafeEnv,1.3,30.439,31.201,0.7620000000000005,7.3
P006,SafeEnv,1.4,30.363,31.201,0.838000000000001,7.3
P006,SafeEnv,1.5,30.281,31.201,0.9200000000000017,7.3
P006,SafeEnv,1.6,30.196,31.201,1.004999999999999,7.3
P006,SafeEnv,1.7,30.106,31.201,1.0949999999999989,7.3
P006,SafeEnv,1.8,30.015,31.201,1.186,7.3
P006,SafeEnv,1.9,29.923,31.201,1.2780000000000022,7.3
P006,SafeEnv,2.0,29.831,31.201,1.370000000000001,7.3
P006,SafeEnv,2.1,29.739,31.201,1.4619999999999997,7.3
P006,SafeEnv,2.2,29.648,31.201,1.5530000000000008,7.3
P006,SafeEnv,2.3,29.557,31.201,1.644000000000002,7.3
P006,SafeEnv,2.4,29.465,31.201,1.7360000000000007,7.3
P006,SafeEnv,2.5,29.374,31.201,1.8270000000000017,7.3
P006,SafeEnv,2.6,29.283,31.201,1.9179999999999993,7.3
P006,SafeEnv,2.7,29.192,31.201,2.0090000000000003,7.3
P006,SafeEnv,2.8,29.102,31.201,2.099,7.3
P006,SafeEnv,2.9,29.011,31.201,2.1900000000000013,7.3
P006,SafeEnv,3.0,28.921,31.201,2.280000000000001,7.3
P006,SafeEnv,3.1,28.83,31.201,2.371000000000002,7.3
P006,SafeEnv,3.2,28.74,31.201,2.461000000000002,7.3
P006,SafeEnv,3.3,28.65,31.201,2.551000000000002,7.3
P006,SafeEnv,3.4,28.561,31.201,2.6400000000000006,7.3
P006,SafeEnv,3.5,28.471,31.201,2.7300000000000004,7.3
P006,SafeEnv,3.6,28.381,31.201,2.8200000000000003,7.3
P006,SafeEnv,3.7,28.292,31.201,2.908999999999999,7.3
P006,SafeEnv,3.8,28.203,31.201,2.998000000000001,7.3
P006,SafeEnv,3.9,28.114,31.201,3.0869999999999997,7.3
P006,SafeEnv,4.0,28.025,31.201,3.176000000000002,7.3
P006,SafeEnv,4.1,27.936,31.201,3.2650000000000006,7.3
P006,SafeEnv,4.2,27.847,31.201,3.353999999999999,7.3
P006,SafeEnv,4.3,27.759,31.201,3.442,7.3
P006,SafeEnv,4.4,27.67,31.201,3.530999999999999,7.3
P006,SafeEnv,4.5,27.582,31.201,3.6189999999999998,7.3
P006,SafeEnv,4.6,27.494,31.201,3.7070000000000007,7.3
P006,SafeEnv,4.7,27.406,31.201,3.7950000000000017,7.3
P006,SafeEnv,4.8,27.318,31.201,3.882999999999999,7.3
P006,SafeEnv,4.9,27.23,31.201,3.971,7.3
P006,SafeEnv,5.0,27.143,31.201,4.058,7.3
P006,SafeEnv,5.1,27.055,31.201,4.146000000000001,7.3
P006,SafeEnv,5.2,26.968,30.65564916166832,3.687649161668322,7.3
P006,SafeEnv,5.3,26.881,29.981412266984076,3.100412266984076,7.3
P006,SafeEnv,5.4,26.794,29.30734582046641,2.5133458204664088,7.3
P006,SafeEnv,5.5,26.707,28.633457615510878,1.926457615510877,7.3
P006,SafeEnv,5.6,26.62,27.959755990219154,1.3397559902191531,7.3
P006,SafeEnv,5.7,26.533,27.286249879198348,0.7532498791983464,7.3
P006,SafeEnv,5.8,26.447,26.612948871650335,0.16594887165033612,7.3
P006,SafeEnv,5.9,26.36,25.939863276687273,-0.42013672331272645,7.3
P006,SafeEnv,6.0,26.276,25.267004196977492,-1.0089958030225077,7.3
P006,SafeEnv,6.1,26.195,24.594383612026103,-1.600616387973897,7.3
P006,SafeEnv,6.2,26.119,23.922014472639443,-2.1969855273605567,7.3
P006,SafeEnv,6.3,26.048,23.249910808420466,-2.798089191579532,7.3
P006,SafeEnv,6.4,25.978,22.578087850506286,-3.3999121494937157,7.3
P006,SafeEnv,6.5,25.928,21.906562172209807,-4.021437827790194,7.3
P006,SafeEnv,6.6,25.919,21.235351850783,-4.6836481492169995,7.3
P006,SafeEnv,6.7,25.951,20.56447665421409,-5.3865233457859105,7.3
P006,SafeEnv,6.8,26.011,19.893958257839554,-6.1170417421604455,7.3
P006,SafeEnv,6.9,26.077,19.223820496649804,-6.853179503350198,7.3
P006,SafeEnv,7.0,26.087,18.554089660560145,-7.532910339439855,7.3
P006,SafeEnv,7.1,25.977,17.88479484170237,-8.09220515829763,7.3
P006,SafeEnv,7.2,25.524,17.21596834509186,-8.308031654908142,7.3
P006,SafeEnv,7.3,24.582,16.547646177013824,-8.034353822986176,7.3
P006,SafeEnv,7.4,23.241,15.879868629394574,-7.361131370605426,7.3
P006,SafeEnv,7.5,21.571,15.21268098361288,-6.358319016387121,7.3
P006,SafeEnv,7.6,19.721,14.546134364149221,-5.174865635850779,7.3
P006,SafeEnv,7.7,17.756,13.880286781851746,-3.8757132181482543,7.3
P006,SafeEnv,7.8,15.697,13.215204419426504,-2.481795580573495,7.3
P006,SafeEnv,7.9,13.548,12.550963229521154,-0.9970367704788465,7.3
P006,SafeEnv,8.0,11.328,11.887650940696487,0.5596509406964874,7.3
P006,SafeEnv,8.1,9.081,11.225369602075236,2.144369602075237,7.3
P006,SafeEnv,8.2,6.896,10.564238848814918,3.6682388488149185,7.3
P006,SafeEnv,8.3,4.902,9.904400146171698,5.002400146171698,7.3
P006,SafeEnv,8.4,3.229,9.246022383407634,6.017022383407634,7.3
P006,SafeEnv,8.5,1.643,8.589309362743622,6.946309362743622,7.3
P006,SafeEnv,8.6,0.074,7.934510001461167,7.860510001461167,7.3
P006,CGP,0.0,31.201,31.201,0.0,7.3
P006,CGP,0.1,31.141,31.14018181818182,-0.0008181818181789424,7.3
P006,CGP,0.2,31.083,31.079363636363638,-0.003636363636360329,7.3
P006,CGP,0.3,31.025,31.01854545454546,-0.006454545454538163,7.3
P006,CGP,0.4,30.968,30.95772727272728,-0.010272727272720772,7.3
P006,CGP,0.5,30.912,30.896909090909098,-0.01509090909090105,7.3
P006,CGP,0.6,30.857,30.836090909090917,-0.02090909090908255,7.3
P006,CGP,0.7,30.801,30.775272727272736,-0.02572727272726283,7.3
P006,CGP,0.8,30.746,30.714454545454554,-0.03154545454544433,7.3
P006,CGP,0.9,30.691,30.653636363636377,-0.03736363636362228,7.3
P006,CGP,1.0,30.634,30.592818181818195,-0.041181818181804886,7.3
P006,CGP,1.1,30.574,30.532000000000014,-0.04199999999998738,7.3
P006,CGP,1.2,30.509,30.471181818181833,-0.03781818181816732,7.3
P006,CGP,1.3,30.439,30.410363636363652,-0.02863636363634825,7.3
P006,CGP,1.4,30.363,30.349545454545474,-0.013454545454525402,7.3
P006,CGP,1.5,30.281,30.288727272727293,0.007727272727294121,7.3
P006,CGP,1.6,30.196,30.22790909090911,0.031909090909110205,7.3
P006,CGP,1.7,30.106,30.16709090909093,0.06109090909092885,7.3
P006,CGP,1.8,30.015,30.10627272727275,0.09127272727274871,7.3
P006,CGP,1.9,29.923,30.045454545454568,0.1224545454545698,7.3
P006,CGP,2.0,29.831,29.98463636363639,0.15363636363639088,7.3
P006,CGP,2.1,29.739,29.92381818181821,0.18481818181820842,7.3
P006,CGP,2.2,29.648,29.863000000000028,0.21500000000002828,7.3
P006,CGP,2.3,29.557,29.802181818181847,0.24518181818184814,7.3
P006,CGP,2.4,29.465,29.741363636363666,0.2763636363636657,7.3
P006,CGP,2.5,29.374,29.680545454545488,0.3065454545454891,7.3
P006,CGP,2.6,29.283,29.619727272727307,0.3367272727273054,7.3
P006,CGP,2.7,29.192,29.558909090909125,0.36690909090912527,7.3
P006,CGP,2.8,29.102,29.498090909090944,0.3960909090909439,7.3
P006,CGP,2.9,29.011,29.437272727272763,0.4262727272727638,7.3
P006,CGP,3.0,28.921,29.376454545454582,0.4554545454545824,7.3
P006,CGP,3.1,28.83,29.315636363636404,0.48563636363640583,7.3
P006,CGP,3.2,28.74,29.254818181818223,0.5148181818182245,7.3
P006,CGP,3.3,28.65,29.19400000000004,0.5440000000000431,7.3
P006,CGP,3.4,28.561,29.13318181818186,0.5721818181818605,7.3
P006,CGP,3.5,28.471,29.07236363636368,0.6013636363636792,7.3
P006,CGP,3.6,28.381,29.0115454545455,0.6305454545455014,7.3
P006,CGP,3.7,28.292,28.95072727272732,0.6587272727273188,7.3
P006,CGP,3.8,28.203,28.88990909090914,0.6869090909091398,7.3
P006,CGP,3.9,28.114,28.829090909090958,0.7150909090909572,7.3
P006,CGP,4.0,28.025,28.768272727272777,0.7432727272727782,7.3
P006,CGP,4.1,27.936,28.707454545454596,0.7714545454545956,7.3
P006,CGP,4.2,27.847,28.646636363636418,0.7996363636364165,7.3
P006,CGP,4.3,27.759,28.585818181818237,0.8268181818182363,7.3
P006,CGP,4.4,27.67,28.525000000000055,0.8550000000000537,7.3
P006,CGP,4.5,27.582,28.464181818181874,0.8821818181818735,7.3
P006,CGP,4.6,27.494,28.403363636363693,0.9093636363636932,7.3
P006,CGP,4.7,27.406,28.342545454545515,0.9365454545455165,7.3
P006,CGP,4.8,27.318,28.281727272727334,0.9637272727273327,7.3
P006,CGP,4.9,27.23,28.220909090909153,0.9909090909091525,7.3
P006,CGP,5.0,27.143,28.16009090909097,1.017090909090971,7.3
P006,CGP,5.1,27.055,28.09927272727279,1.0442727272727907,7.3
P006,CGP,5.2,26.968,28.03845454545461,1.0704545454546093,7.3
P006,CGP,5.3,26.881,27.97763636363643,1.0966363636364314,7.3
P006,CGP,5.4,26.794,27.91681818181825,1.1228181818182499,7.3
P006,CGP,5.5,26.707,27.85600000000007,1.1490000000000684,7.3
P006,CGP,5.6,26.62,27.795181818181888,1.175181818181887,7.3
P006,CGP,5.7,26.533,27.734363636363707,1.2013636363637055,7.3
P006,CGP,5.8,26.447,27.67354545454553,1.2265454545455299,7.3
P006,CGP,5.9,26.36,27.612727272727348,1.2527272727273484,7.3
P006,CGP,6.0,26.276,27.397627846481583,1.1216278464815836,7.3
P006,CGP,6.1,26.195,26.724292225303817,0.5292922253038164,7.3
P006,CGP,6.2,26.119,26.05095660412605,-0.06804339587394992,7.3
P006,CGP,6.3,26.048,25.377620982948283,-0.6703790170517152,7.3
P006,CGP,6.4,25.978,24.70428536177052,-1.2737146382294817,7.3
P006,CGP,6.5,25.928,24.030949740592753,-1.8970502594072478,7.3
P006,CGP,6.6,25.919,23.357614119414986,-2.5613858805850143,7.3
P006,CGP,6.7,25.951,22.68427849823722,-3.266721501762781,7.3
P006,CGP,6.8,26.011,22.010942877059453,-4.000057122940547,7.3
P006,CGP,6.9,26.077,21.337607255881686,-4.739392744118316,7.3
P006,CGP,7.0,26.087,20.664271634703923,-5.422728365296077,7.3
P006,CGP,7.1,25.977,19.990936013526156,-5.9860639864738445,7.3
P006,CGP,7.2,25.524,19.31760039234839,-6.206399607651612,7.3
P006,CGP,7.3,24.582,18.644264771170622,-5.9377352288293785,7.3
P006,CGP,7.4,23.241,17.630020059083765,-5.610979940916234,7.3
P006,CGP,7.5,21.571,16.41631131100636,-5.154688688993641,7.3
P006,CGP,7.6,19.721,15.202602562928956,-4.5183974370710445,7.3
P006,CGP,7.7,17.756,13.988893814851552,-3.7671061851484478,7.3
P006,CGP,7.8,15.697,12.775185066774148,-2.9218149332258516,7.3
P006,CGP,7.9,13.548,11.561476318696743,-1.9865236813032574,7.3
P006,CGP,8.0,11.328,10.347767570619338,-0.9802324293806617,7.3
P006,CGP,8.1,9.081,9.134058822541933,0.05305882254193328,7.3
P006,CGP,8.2,6.896,7.920350074464526,1.0243500744645262,7.3
P006,CGP,8.3,4.902,6.706641326387121,1.804641326387121,7.3
P006,CGP,8.4,3.229,5.492932578309715,2.2639325783097153,7.3
P006,CGP,8.5,1.643,4.27922383023231,2.6362238302323098,7.3
P006,CGP,8.6,0.074,3.065515082154904,2.9915150821549044,7.3
P007,ConstDecel,0.0,31.313,31.313,0.0,8.5
P007,ConstDecel,0.1,31.219,31.09924477338827,-0.11975522661172988,8.5
P007,ConstDecel,0.2,31.125,30.88548954677654,-0.23951045322345976,8.5
P007,ConstDecel,0.3,31.031,30.671734320164813,-0.3592656798351861,8.5
P007,ConstDecel,0.4,30.938,30.457979093553078,-0.48002090644692075,8.5
P007,ConstDecel,0.5,30.844,30.24422386694135,-0.5997761330586506,8.5
P007,ConstDecel,0.6,30.751,30.030468640329623,-0.7205313596703782,8.5
P007,ConstDecel,0.7,30.658,29.816713413717892,-0.8412865862821093,8.5
P007,ConstDecel,0.8,30.565,29.602958187106164,-0.9620418128938368,8.5
P007,ConstDecel,0.9,30.472,29.389202960494437,-1.0827970395055644,8.5
P007,ConstDecel,1.0,30.379,29.175447733882702,-1.203552266117299,8.5
P007,ConstDecel,1.1,30.287,28.961692507270975,-1.3253074927290243,8.5
P007,ConstDecel,1.2,30.194,28.747937280659247,-1.4460627193407518,8.5
P007,ConstDecel,1.3,30.102,28.534182054047516,-1.5678179459524841,8.5
P007,ConstDecel,1.4,30.01,28.32042682743579,-1.689573172564213,8.5
P007,ConstDecel,1.5,29.918,28.10667160082406,-1.8113283991759381,8.5
P007,ConstDecel,1.6,29.826,27.892916374212334,-1.933083625787667,8.5
P007,ConstDecel,1.7,29.734,27.679161147600603,-2.0548388523993992,8.5
P007,ConstDecel,1.8,29.643,27.46540592098887,-2.1775940790111292,8.5
P007,ConstDecel,1.9,29.551,27.25165069437714,-2.299349305622858,8.5
P007,ConstDecel,2.0,29.46,27.037895467765413,-2.422104532234588,8.5
P007,ConstDecel,2.1,29.369,26.824140241153685,-2.5448597588463144,8.5
P007,ConstDecel,2.2,29.278,26.610385014541958,-2.667614985458041,8.5
P007,ConstDecel,2.3,29.187,26.396629787930227,-2.7903702120697744,8.5
P007,ConstDecel,2.4,29.097,26.182874561318496,-2.9141254386815056,8.5
P007,ConstDecel,2.5,29.006,25.969119334706765,-3.0368806652932356,8.5
P007,ConstDecel,2.6,28.916,25.755364108095037,-3.1606358919049633,8.5
P007,ConstDecel,2.7,28.826,25.54160888148331,-3.284391118516691,8.5
P007,ConstDecel,2.8,28.735,25.327853654871582,-3.4071463451284174,8.5
P007,ConstDecel,2.9,28.646,25.11409842825985,-3.53190157174015,8.5
P007,ConstDecel,3.0,28.556,24.900343201648123,-3.6556567983518775,8.5
P007,ConstDecel,3.1,28.46,24.68658797503639,-3.773412024963612,8.5
P007,ConstDecel,3.2,28.317,24.47283274842466,-3.844167251575339,8.5
P007,ConstDecel,3.3,28.083,24.259077521812934,-3.8239224781870647,8.5
P007,ConstDecel,3.4,27.757,24.045322295201206,-3.711677704798795,8.5
P007,ConstDecel,3.5,27.345,23.831567068589475,-3.5134329314105237,8.5
P007,ConstDecel,3.6,26.865,23.617811841977744,-3.2471881580222544,8.5
P007,ConstDecel,3.7,26.338,23.404056615366013,-2.933943384633988,8.5
P007,ConstDecel,3.8,25.755,23.190301388754285,-2.5646986112457135,8.5
P007,ConstDecel,3.9,25.107,22.976546162142558,-2.1304538378574414,8.5
P007,ConstDecel,4.0,24.403,22.762790935530827,-1.6402090644691718,8.5
P007,ConstDecel,4.1,23.669,22.5490357089191,-1.1199642910809011,8.5
P007,ConstDecel,4.2,22.917,22.335280482307372,-0.5817195176926298,8.5
P007,ConstDecel,4.3,22.174,22.121525255695644,-0.05247474430435517,8.5
P007,ConstDecel,4.4,21.474,21.90777002908391,0.4337700290839095,8.5
P007,ConstDecel,4.5,20.832,21.694014802472182,0.8620148024721814,8.5
P007,ConstDecel,4.6,20.23,21.48025957586045,1.2502595758604507,8.5
P007,ConstDecel,4.7,19.667,21.266504349248724,1.599504349248722,8.5
P007,ConstDecel,4.8,19.127,21.052749122636996,1.9257491226369972,8.5
P007,ConstDecel,4.9,18.593,20.838993896025265,2.245993896025265,8.5
P007,ConstDecel,5.0,18.055,20.625238669413537,2.5702386694135377,8.5
P007,ConstDecel,5.1,17.514,20.411483442801806,2.897483442801807,8.5
P007,ConstDecel,5.2,16.979,20.197728216190075,3.218728216190076,8.5
P007,ConstDecel,5.3,16.465,19.983972989578348,3.518972989578348,8.5
P007,ConstDecel,5.4,16.005,19.770217762966617,3.7652177629666177,8.5
P007,ConstDecel,5.5,15.623,19.556462536354893,3.9334625363548934,8.5
P007,ConstDecel,5.6,15.313,19.34270730974316,4.029707309743161,8.5
P007,ConstDecel,5.7,15.066,19.12895208313143,4.06295208313143,8.5
P007,ConstDecel,5.8,14.892,18.915196856519703,4.023196856519704,8.5
P007,ConstDecel,5.9,14.777,18.701441629907972,3.9244416299079727,8.5
P007,ConstDecel,6.0,14.682,18.487686403296244,3.805686403296244,8.5
P007,ConstDecel,6.1,14.593,18.273931176684517,3.680931176684517,8.5
P007,ConstDecel,6.2,14.504,18.060175950072786,3.5561759500727863,8.5
P007,ConstDecel,6.3,14.414,17.846420723461055,3.432420723461055,8.5
P007,ConstDecel,6.4,14.32,17.632665496849324,3.3126654968493234,8.5
P007,ConstDecel,6.5,14.232,17.418910270237596,3.186910270237597,8.5
P007,ConstDecel,6.6,14.15,17.20515504362587,3.0551550436258683,8.5
P007,ConstDecel,6.7,14.072,16.99139981701414,2.919399817014142,8.5
P007,ConstDecel,6.8,13.995,16.77764459040241,2.782644590402411,8.5
P007,ConstDecel,6.9,13.919,16.56388936379068,2.6448893637906785,8.5
P007,ConstDecel,7.0,13.843,16.35013413717895,2.5071341371789515,8.5
P007,ConstDecel,7.1,13.767,16.136378910567224,2.3693789105672245,8.5
P007,ConstDecel,7.2,13.692,15.922623683955493,2.2306236839554927,8.5
P007,ConstDecel,7.3,13.616,15.708868457343764,2.092868457343764,8.5
P007,ConstDecel,7.4,13.541,15.495113230732033,1.9541132307320321,8.5
P007,ConstDecel,7.5,13.466,15.281358004120307,1.8153580041203075,8.5
P007,ConstDecel,7.6,13.391,15.067602777508577,1.6766027775085774,8.5
P007,ConstDecel,7.7,13.317,14.853847550896846,1.5368475508968462,8.5
P007,ConstDecel,7.8,13.242,14.640092324285119,1.398092324285118,8.5
P007,ConstDecel,7.9,13.168,14.426337097673388,1.2583370976733885,8.5
P007,ConstDecel,8.0,13.094,14.212581871061658,1.118581871061659,8.5
P007,ConstDecel,8.1,12.999,13.998826644449931,0.9998266444499304,8.5
P007,ConstDecel,8.2,12.817,13.785071417838202,0.9680714178382015,8.5
P007,ConstDecel,8.3,12.519,13.571316191226469,1.0523161912264687,8.5
P007,ConstDecel,8.4,12.111,13.35756096461474,1.2465609646147389,8.5
P007,ConstDecel,8.5,11.631,13.143805738003012,1.5128057380030118,8.5
P007,ConstDecel,8.6,11.097,12.930050511391286,1.8330505113912867,8.5
P007,ConstDecel,8.7,10.503,12.716295284779557,2.213295284779557,8.5
P007,ConstDecel,8.8,9.846,12.502540058167824,2.656540058167824,8.5
P007,ConstDecel,8.9,9.137,12.288784831556095,3.1517848315560943,8.5
P007,ConstDecel,9.0,8.369,12.075029604944367,3.7060296049443675,8.5
P007,ConstDecel,9.1,7.553,11.861274378332638,4.308274378332638,8.5
P007,ConstDecel,9.2,6.702,11.64751915172091,4.9455191517209105,8.5
P007,ConstDecel,9.3,5.83,11.433763925109176,5.603763925109176,8.5
P007,ConstDecel,9.4,4.947,11.220008698497448,6.273008698497448,8.5
P007,ConstDecel,9.5,4.06,11.006253471885723,6.946253471885723,8.5
P007,ConstDecel,9.6,3.17,10.792498245273993,7.622498245273993,8.5
P007,ConstDecel,9.7,2.287,10.578743018662264,8.291743018662263,8.5
P007,ConstDecel,9.8,1.43,10.364987792050531,8.934987792050531,8.5
P007,ConstDecel,9.9,0.626,10.151232565438804,9.525232565438804,8.5
P007,ConstDecel,10.0,0.062,9.937477338827074,9.875477338827075,8.5
P007,SafeEnv,0.0,31.313,31.313,0.0,8.5
P007,SafeEnv,0.1,31.219,31.313,0.09399999999999764,8.5
P007,SafeEnv,0.2,31.125,31.313,0.18799999999999883,8.5
P007,SafeEnv,0.3,31.031,31.313,0.28200000000000003,8.5
P007,SafeEnv,0.4,30.938,31.313,0.375,8.5
P007,SafeEnv,0.5,30.844,31.313,0.46899999999999764,8.5
P007,SafeEnv,0.6,30.751,31.313,0.5619999999999976,8.5
P007,SafeEnv,0.7,30.658,31.313,0.6549999999999976,8.5
P007,SafeEnv,0.8,30.565,31.313,0.7479999999999976,8.5
P007,SafeEnv,0.9,30.472,31.313,0.8409999999999975,8.5
P007,SafeEnv,1.0,30.379,31.313,0.9339999999999975,8.5
P007,SafeEnv,1.1,30.287,31.313,1.0259999999999998,8.5
P007,SafeEnv,1.2,30.194,31.313,1.1189999999999998,8.5
P007,SafeEnv,1.3,30.102,31.313,1.2109999999999985,8.5
P007,SafeEnv,1.4,30.01,31.313,1.3029999999999973,8.5
P007,SafeEnv,1.5,29.918,31.313,1.3949999999999996,8.5
P007,SafeEnv,1.6,29.826,31.313,1.4869999999999983,8.5
P007,SafeEnv,1.7,29.734,31.313,1.578999999999997,8.5
P007,SafeEnv,1.8,29.643,31.313,1.6699999999999982,8.5
P007,SafeEnv,1.9,29.551,31.313,1.7620000000000005,8.5
P007,SafeEnv,2.0,29.46,31.313,1.852999999999998,8.5
P007,SafeEnv,2.1,29.369,31.313,1.943999999999999,8.5
P007,SafeEnv,2.2,29.278,31.313,2.035,8.5
P007,SafeEnv,2.3,29.187,31.313,2.1259999999999977,8.5
P007,SafeEnv,2.4,29.097,31.313,2.2159999999999975,8.5
P007,SafeEnv,2.5,29.006,31.313,2.3069999999999986,8.5
P007,SafeEnv,2.6,28.916,31.313,2.3969999999999985,8.5
P007,SafeEnv,2.7,28.826,31.313,2.4869999999999983,8.5
P007,SafeEnv,2.8,28.735,31.313,2.5779999999999994,8.5
P007,SafeEnv,2.9,28.646,31.313,2.666999999999998,8.5
P007,SafeEnv,3.0,28.556,31.313,2.756999999999998,8.5
P007,SafeEnv,3.1,28.46,31.313,2.852999999999998,8.5
P007,SafeEnv,3.2,28.317,31.313,2.9959999999999987,8.5
P007,SafeEnv,3.3,28.083,31.313,3.2300000000000004,8.5
P007,SafeEnv,3.4,27.757,31.313,3.5559999999999974,8.5
P007,SafeEnv,3.5,27.345,31.313,3.968,8.5
P007,SafeEnv,3.6,26.865,31.313,4.448,8.5
P007,SafeEnv,3.7,26.338,31.313,4.974999999999998,8.5
P007,SafeEnv,3.8,25.755,31.313,5.558,8.5
P007,SafeEnv,3.9,25.107,31.313,6.2059999999999995,8.5
P007,SafeEnv,4.0,24.403,31.313,6.91,8.5
P007,SafeEnv,4.1,23.669,31.313,7.643999999999998,8.5
P007,SafeEnv,4.2,22.917,31.313,8.395999999999997,8.5
P007,SafeEnv,4.3,22.174,31.313,9.139,8.5
P007,SafeEnv,4.4,21.474,31.313,9.838999999999999,8.5
P007,SafeEnv,4.5,20.832,31.313,10.480999999999998,8.5
P007,SafeEnv,4.6,20.23,31.313,11.082999999999998,8.5
P007,SafeEnv,4.7,19.667,31.313,11.645999999999997,8.5
P007,SafeEnv,4.8,19.127,31.313,12.186,8.5
P007,SafeEnv,4.9,18.593,31.313,12.719999999999999,8.5
P007,SafeEnv,5.0,18.055,31.313,13.258,8.5
P007,SafeEnv,5.1,17.514,30.830330203649954,13.316330203649954,8.5
P007,SafeEnv,5.2,16.979,30.156050364810476,13.177050364810476,8.5
P007,SafeEnv,5.3,16.465,29.481939038363176,13.016939038363176,8.5
P007,SafeEnv,5.4,16.005,28.808003884359504,12.803003884359505,8.5
P007,SafeEnv,5.5,15.623,28.13425309506358,12.511253095063582,8.5
P007,SafeEnv,5.6,15.313,27.460695445257716,12.147695445257716,8.5
P007,SafeEnv,5.7,15.066,26.787340348618386,11.721340348618385,8.5
P007,SafeEnv,5.8,14.892,26.11419792106131,11.222197921061312,8.5
P007,SafeEnv,5.9,14.777,25.441279052112982,10.664279052112983,8.5
P007,SafeEnv,6.0,14.682,24.768595485557473,10.086595485557472,8.5
P007,SafeEnv,6.1,14.593,24.096159910839738,9.503159910839738,8.5
P007,SafeEnv,6.2,14.504,23.423986066989173,8.919986066989173,8.5
P007,SafeEnv,6.3,14.414,22.752088861173174,8.338088861173174,8.5
P007,SafeEnv,6.4,14.32,22.080484504416752,7.760484504416752,8.5
P007,SafeEnv,6.5,14.232,21.40919066754963,7.177190667549631,8.5
P007,SafeEnv,6.6,14.15,20.73822666109829,6.588226661098291,8.5
P007,SafeEnv,6.7,14.072,20.067613643659474,5.995613643659475,8.5
P007,SafeEnv,6.8,13.995,19.397374864324032,5.402374864324033,8.5
P007,SafeEnv,6.9,13.919,18.727535946028745,4.808535946028744,8.5
P007,SafeEnv,7.0,13.843,18.058125218386007,4.215125218386007,8.5
P007,SafeEnv,7.1,13.767,17.389174110692107,3.6221741106921073,8.5
P007,SafeEnv,7.2,13.692,16.72071761860535,3.0287176186053486,8.5
P007,SafeEnv,7.3,13.616,16.052794861637533,2.4367948616375337,8.5
P007,SafeEnv,7.4,13.541,15.385449753424396,1.8444497534243958,8.5
P007,SafeEnv,7.5,13.466,14.71873181317239,1.2527318131723906,8.5
P007,SafeEnv,7.6,13.391,14.052697155346854,0.6616971553468538,8.5
P007,SafeEnv,7.7,13.317,13.387409706482956,0.07040970648295541,8.5
P007,SafeEnv,7.8,13.242,12.722942714307154,-0.5190572856928473,8.5
P007,SafeEnv,7.9,13.168,12.059380637154868,-1.1086193628451309,8.5
P007,SafeEnv,8.0,13.094,11.39682153401256,-1.6971784659874398,8.5
P007,SafeEnv,8.1,12.999,10.735380122108676,-2.2636198778913244,8.5
P007,SafeEnv,8.2,12.817,10.075191737263594,-2.7418082627364058,8.5
P007,SafeEnv,8.3,12.519,9.416417534171195,-3.102582465828805,8.5
P007,SafeEnv,8.4,12.111,8.759251419180648,-3.3517485808193523,8.5
P007,SafeEnv,8.5,11.631,8.103929450425554,-3.5270705495744465,8.5
P007,SafeEnv,8.6,11.097,7.450742827515415,-3.6462571724845843,8.5
P007,SafeEnv,8.7,10.503,6.800056230040778,-3.702943769959222,8.5
P007,SafeEnv,8.8,9.846,6.152334345362877,-3.6936656546371234,8.5
P007,SafeEnv,8.9,9.137,5.508181327890111,-3.6288186721098894,8.5
P007,SafeEnv,9.0,8.369,4.868401415096525,-3.500598584903475,8.5
P007,SafeEnv,9.1,7.553,4.2340956062350585,-3.3189043937649414,8.5
P007,SafeEnv,9.2,6.702,3.606822819221415,-3.095177180778585,8.5
P007,SafeEnv,9.3,5.83,2.9888829613307206,-2.8411170386692794,8.5
P007,SafeEnv,9.4,4.947,2.3838460838168225,-2.5631539161831776,8.5
P007,SafeEnv,9.5,4.06,1.797616871653923,-2.2623831283460767,8.5
P007,SafeEnv,9.6,3.17,1.2407588518304808,-1.929241148169519,8.5
P007,SafeEnv,9.7,2.287,0.733935526089056,-1.5530644739109438,8.5
P007,SafeEnv,9.8,1.43,0.31994895155842135,-1.1100510484415786,8.5
P007,SafeEnv,9.9,0.626,0.07133742272945685,-0.5546625772705431,8.5
P007,SafeEnv,10.0,0.062,0.003721795819251725,-0.05827820418074828,8.5
P007,CGP,0.0,31.313,31.313,0.0,8.5
P007,CGP,0.1,31.219,31.21877272727273,-0.00022727272727252057,8.5
P007,CGP,0.2,31.125,31.124545454545455,-0.00045454545454504114,8.5
P007,CGP,0.3,31.031,31.030318181818185,-0.000681818181814009,8.5
P007,CGP,0.4,30.938,30.936090909090915,-0.001909090909084199,8.5
P007,CGP,0.5,30.844,30.84186363636364,-0.0021363636363602723,8.5
P007,CGP,0.6,30.751,30.74763636363637,-0.0033636363636304623,8.5
P007,CGP,0.7,30.658,30.6534090909091,-0.004590909090900652,8.5
P007,CGP,0.8,30.565,30.55918181818183,-0.005818181818170842,8.5
P007,CGP,0.9,30.472,30.464954545454557,-0.007045454545444585,8.5
P007,CGP,1.0,30.379,30.370727272727287,-0.008272727272714775,8.5
P007,CGP,1.1,30.287,30.276500000000016,-0.010499999999982634,8.5
P007,CGP,1.2,30.194,30.182272727272743,-0.011727272727256377,8.5
P007,CGP,1.3,30.102,30.088045454545473,-0.01395454545452779,8.5
P007,CGP,1.4,30.01,29.993818181818202,-0.0161818181817992,8.5
P007,CGP,1.5,29.918,29.899590909090932,-0.01840909090906706,8.5
P007,CGP,1.6,29.826,29.80536363636366,-0.020636363636342026,8.5
P007,CGP,1.7,29.734,29.71113636363639,-0.022863636363613438,8.5
P007,CGP,1.8,29.643,29.616909090909118,-0.02609090909088252,8.5
P007,CGP,1.9,29.551,29.522681818181848,-0.02831818181815038,8.5
P007,CGP,2.0,29.46,29.428454545454574,-0.031545454545426566,8.5
P007,CGP,2.1,29.369,29.334227272727304,-0.03477272727269565,8.5
P007,CGP,2.2,29.278,29.240000000000034,-0.03799999999996473,8.5
P007,CGP,2.3,29.187,29.14577272727276,-0.041227272727240916,8.5
P007,CGP,2.4,29.097,29.05154545454549,-0.04545454545451122,8.5
P007,CGP,2.5,29.006,28.95731818181822,-0.0486818181817803,8.5
P007,CGP,2.6,28.916,28.86309090909095,-0.052909090909050605,8.5
P007,CGP,2.7,28.826,28.768863636363676,-0.05713636363632446,8.5
P007,CGP,2.8,28.735,28.674636363636406,-0.06036363636359354,8.5
P007,CGP,2.9,28.646,28.580409090909136,-0.06559090909086507,8.5
P007,CGP,3.0,28.556,28.486181818181866,-0.06981818181813537,8.5
P007,CGP,3.1,28.46,28.391954545454592,-0.068045454545409,8.5
P007,CGP,3.2,28.317,28.29772727272732,-0.01927272727267848,8.5
P007,CGP,3.3,28.083,28.20350000000005,0.12050000000005312,8.5
P007,CGP,3.4,27.757,28.109272727272778,0.35227272727277636,8.5
P007,CGP,3.5,27.345,28.015045454545508,0.6700454545455088,8.5
P007,CGP,3.6,26.865,27.920818181818237,1.055818181818239,8.5
P007,CGP,3.7,26.338,27.826590909090967,1.4885909090909664,8.5
P007,CGP,3.8,25.755,27.732363636363694,1.9773636363636946,8.5
P007,CGP,3.9,25.107,27.638136363636423,2.531136363636424,8.5
P007,CGP,4.0,24.403,27.543909090909153,3.1409090909091546,8.5
P007,CGP,4.1,23.669,27.449681818181883,3.7806818181818826,8.5
P007,CGP,4.2,22.917,27.35545454545461,4.438454545454608,8.5
P007,CGP,4.3,22.174,27.26122727272734,5.08722727272734,8.5
P007,CGP,4.4,21.474,27.16700000000007,5.693000000000069,8.5
P007,CGP,4.5,20.832,27.072772727272795,6.240772727272795,8.5
P007,CGP,4.6,20.23,26.978545454545525,6.748545454545525,8.5
P007,CGP,4.7,19.667,26.884318181818255,7.2173181818182535,8.5
P007,CGP,4.8,19.127,26.790090909090985,7.663090909090986,8.5
P007,CGP,4.9,18.593,26.69586363636371,8.102863636363711,8.5
P007,CGP,5.0,18.055,26.60163636363644,8.546636363636441,8.5
P007,CGP,5.1,17.514,26.50740909090917,8.993409090909172,8.5
P007,CGP,5.2,16.979,26.413181818181897,9.434181818181898,8.5
P007,CGP,5.3,16.465,26.318954545454627,9.853954545454627,8.5
P007,CGP,5.4,16.005,26.224727272727357,10.219727272727358,8.5
P007,CGP,5.5,15.623,26.130500000000087,10.507500000000087,8.5
P007,CGP,5.6,15.313,26.036272727272813,10.723272727272812,8.5
P007,CGP,5.7,15.066,25.942045454545543,10.876045454545542,8.5
P007,CGP,5.8,14.892,25.847818181818273,10.955818181818273,8.5
P007,CGP,5.9,14.777,25.753590909091002,10.976590909091003,8.5
P007,CGP,6.0,14.682,25.65936363636373,10.977363636363728,8.5
P007,CGP,6.1,14.593,25.56513636363646,10.972136363636459,8.5
P007,CGP,6.2,14.504,25.47090909090919,10.966909090909189,8.5
P007,CGP,6.3,14.414,25.376681818181915,10.962681818181915,8.5
P007,CGP,6.4,14.32,25.282454545454645,10.962454545454644,8.5
P007,CGP,6.5,14.232,25.056959361442942,10.824959361442943,8.5
P007,CGP,6.6,14.15,24.38441584872701,10.234415848727009,8.5
P007,CGP,6.7,14.072,23.711872336011076,9.639872336011077,8.5
P007,CGP,6.8,13.995,23.039328823295143,9.044328823295144,8.5
P007,CGP,6.9,13.919,22.36678531057921,8.44778531057921,8.5
P007,CGP,7.0,13.843,21.694241797863278,7.851241797863278,8.5
P007,CGP,7.1,13.767,21.021698285147345,7.254698285147345,8.5
P007,CGP,7.2,13.692,20.34915477243141,6.6571547724314115,8.5
P007,CGP,7.3,13.616,19.676611259715475,6.0606112597154755,8.5
P007,CGP,7.4,13.541,19.004067746999542,5.463067746999542,8.5
P007,CGP,7.5,13.466,18.33152423428361,4.86552423428361,8.5
P007,CGP,7.6,13.391,17.658980721567676,4.267980721567676,8.5
P007,CGP,7.7,13.317,16.986437208851743,3.6694372088517433,8.5
P007,CGP,7.8,13.242,16.31389369613581,3.0718936961358096,8.5
P007,CGP,7.9,13.168,15.64135018341988,2.47335018341988,8.5
P007,CGP,8.0,13.094,14.968806670703946,1.874806670703947,8.5
P007,CGP,8.1,12.999,14.296263157988014,1.297263157988013,8.5
P007,CGP,8.2,12.817,13.62371964527208,0.8067196452720804,8.5
P007,CGP,8.3,12.519,12.951176132556148,0.4321761325561475,8.5
P007,CGP,8.4,12.111,12.278632619840215,0.16763261984021405,8.5
P007,CGP,8.5,11.631,11.606089107124282,-0.02491089287571846,8.5
P007,CGP,8.6,11.097,10.592636503499257,-0.5043634965007424,8.5
P007,CGP,8.7,10.503,9.300171047012231,-1.202828952987769,8.5
P007,CGP,8.8,9.846,8.007705590525203,-1.8382944094747966,8.5
P007,CGP,8.9,9.137,6.715240134038177,-2.421759865961824,8.5
P007,CGP,9.0,8.369,5.422774677551151,-2.946225322448849,8.5
P007,CGP,9.1,7.553,4.130309221064125,-3.422690778935875,8.5
P007,CGP,9.2,6.702,2.837843764577099,-3.864156235422901,8.5
P007,CGP,9.3,5.83,1.5453783080900727,-4.284621691909927,8.5
P007,CGP,9.4,4.947,0.25291285160304655,-4.694087148396953,8.5
P007,CGP,9.5,4.06,0.0,-4.06,8.5
P007,CGP,9.6,3.17,0.0,-3.17,8.5
P007,CGP,9.7,2.287,0.0,-2.287,8.5
P007,CGP,9.8,1.43,0.0,-1.43,8.5
P007,CGP,9.9,0.626,0.0,-0.626,8.5
P007,CGP,10.0,0.062,0.0,-0.062,8.5
P008,ConstDecel,0.0,33.619,33.619,0.0,7.1
P008,ConstDecel,0.1,33.538,33.373898366837984,-0.1641016331620122,7.1
P008,ConstDecel,0.2,33.456,33.12879673367597,-0.32720326632403385,7.1
P008,ConstDecel,0.3,33.37,32.883695100513954,-0.4863048994860435,7.1
P008,ConstDecel,0.4,33.277,32.63859346735194,-0.6384065326480624,7.1
P008,ConstDecel,0.5,33.181,32.39349183418992,-0.787508165810074,7.1
P008,ConstDecel,0.6,33.084,32.148390201027915,-0.935609798972088,7.1
P008,ConstDecel,0.7,32.987,31.903288567865896,-1.0837114321341055,7.1
P008,ConstDecel,0.8,32.89,31.65818693470388,-1.2318130652961194,7.1
P008,ConstDecel,0.9,32.793,31.413085301541862,-1.379914698458137,7.1
P008,ConstDecel,1.0,32.697,31.16798366837985,-1.5290163316201522,7.1
P008,ConstDecel,1.1,32.6,30.922882035217835,-1.6771179647821661,7.1
P008,ConstDecel,1.2,32.504,30.67778040205582,-1.8262195979441778,7.1
P008,ConstDecel,1.3,32.408,30.4326787688938,-1.9753212311062,7.1
P008,ConstDecel,1.4,32.312,30.187577135731793,-2.1244228642682046,7.1
P008,ConstDecel,1.5,32.216,29.942475502569774,-2.273524497430227,7.1
P008,ConstDecel,1.6,32.121,29.69737386940776,-2.4236261305922433,7.1
P008,ConstDecel,1.7,32.025,29.452272236245744,-2.572727763754255,7.1
P008,ConstDecel,1.8,31.93,29.207170603083732,-2.722829396916268,7.1
P008,ConstDecel,1.9,31.835,28.962068969921717,-2.872931030078284,7.1
P008,ConstDecel,2.0,31.74,28.716967336759698,-3.0230326632403006,7.1
P008,ConstDecel,2.1,31.645,28.471865703597686,-3.1731342964023135,7.1
P008,ConstDecel,2.2,31.55,28.22676407043567,-3.32323592956433,7.1
P008,ConstDecel,2.3,31.456,27.981662437273656,-3.474337562726344,7.1
P008,ConstDecel,2.4,31.361,27.73656080411164,-3.6244391958883604,7.1
P008,ConstDecel,2.5,31.267,27.49145917094962,-3.775540829050378,7.1
P008,ConstDecel,2.6,31.173,27.24635753778761,-3.9266424622123886,7.1
P008,ConstDecel,2.7,31.079,27.001255904625594,-4.077744095374406,7.1
P008,ConstDecel,2.8,30.986,26.75615427146358,-4.2298457285364215,7.1
P008,ConstDecel,2.9,30.892,26.511052638301567,-4.380947361698432,7.1
P008,ConstDecel,3.0,30.799,26.265951005139552,-4.533048994860447,7.1
P008,ConstDecel,3.1,30.705,26.020849371977533,-4.684150628022465,7.1
P008,ConstDecel,3.2,30.612,25.775747738815518,-4.83625226118448,7.1
P008,ConstDecel,3.3,30.519,25.530646105653506,-4.988353894346492,7.1
P008,ConstDecel,3.4,30.426,25.28554447249149,-5.140455527508507,7.1
P008,ConstDecel,3.5,30.334,25.040442839329476,-5.293557160670524,7.1
P008,ConstDecel,3.6,30.241,24.795341206167457,-5.445658793832543,7.1
P008,ConstDecel,3.7,30.149,24.550239573005445,-5.598760426994556,7.1
P008,ConstDecel,3.8,30.057,24.30513793984343,-5.751862060156569,7.1
P008,ConstDecel,3.9,29.965,24.060036306681415,-5.904963693318585,7.1
P008,ConstDecel,4.0,29.873,23.814934673519403,-6.058065326480598,7.1
P008,ConstDecel,4.1,29.781,23.569833040357388,-6.211166959642611,7.1
P008,ConstDecel,4.2,29.69,23.32473140719537,-6.365268592804632,7.1
P008,ConstDecel,4.3,29.598,23.079629774033357,-6.518370225966642,7.1
P008,ConstDecel,4.4,29.507,22.83452814087134,-6.672471859128663,7.1
P008,ConstDecel,4.5,29.416,22.589426507709327,-6.826573492290674,7.1
P008,ConstDecel,4.6,29.325,22.344324874547315,-6.980675125452684,7.1
P008,ConstDecel,4.7,29.234,22.099223241385292,-7.134776758614709,7.1
P008,ConstDecel,4.8,29.143,21.85412160822328,-7.28887839177672,7.1
P008,ConstDecel,4.9,29.052,21.609019975061262,-7.442980024938738,7.1
P008,ConstDecel,5.0,28.962,21.36391834189925,-7.5980816581007495,7.1
P008,ConstDecel,5.1,28.872,21.118816708737235,-7.753183291262765,7.1
P008,ConstDecel,5.2,28.782,20.87371507557522,-7.90828492442478,7.1
P008,ConstDecel,5.3,28.692,20.628613442413204,-8.063386557586796,7.1
P008,ConstDecel,5.4,28.602,20.38351180925119,-8.218488190748811,7.1
P008,ConstDecel,5.5,28.512,20.138410176089174,-8.373589823910827,7.1
P008,ConstDecel,5.6,28.422,19.893308542927162,-8.528691457072838,7.1
P008,ConstDecel,5.7,28.333,19.648206909765147,-8.684793090234852,7.1
P008,ConstDecel,5.8,28.244,19.40310527660313,-8.840894723396868,7.1
P008,ConstDecel,5.9,28.154,19.158003643441116,-8.995996356558884,7.1
P008,ConstDecel,6.0,28.065,18.9129020102791,-9.1520979897209,7.1
P008,ConstDecel,6.1,27.977,18.667800377117086,-9.309199622882915,7.1
P008,ConstDecel,6.2,27.888,18.42269874395507,-9.465301256044931,7.1
P008,ConstDecel,6.3,27.799,18.177597110793055,-9.621402889206944,7.1
P008,ConstDecel,6.4,27.711,17.93249547763104,-9.778504522368959,7.1
P008,ConstDecel,6.5,27.622,17.687393844469025,-9.934606155530975,7.1
P008,ConstDecel,6.6,27.534,17.44229221130701,-10.09170778869299,7.1
P008,ConstDecel,6.7,27.446,17.197190578144994,-10.248809421855007,7.1
P008,ConstDecel,6.8,27.309,16.952088944982982,-10.356911055017019,7.1
P008,ConstDecel,6.9,27.015,16.706987311820964,-10.308012688179037,7.1
P008,ConstDecel,7.0,26.536,16.461885678658952,-10.07411432134105,7.1
P008,ConstDecel,7.1,25.813,16.216784045496937,-9.596215954503062,7.1
P008,ConstDecel,7.2,24.75,15.971682412334921,-8.778317587665079,7.1
P008,ConstDecel,7.3,23.338,15.726580779172908,-7.611419220827093,7.1
P008,ConstDecel,7.4,21.619,15.481479146010889,-6.137520853989111,7.1
P008,ConstDecel,7.5,19.72,15.236377512848874,-4.483622487151125,7.1
P008,ConstDecel,7.6,17.708,14.99127587968686,-2.7167241203131383,7.1
P008,ConstDecel,7.7,15.611,14.746174246524845,-0.8648257534751558,7.1
P008,ConstDecel,7.8,13.442,14.50107261336283,1.0590726133628294,7.1
P008,ConstDecel,7.9,11.214,14.255970980200814,3.041970980200814,7.1
P008,ConstDecel,8.0,8.961,14.0108693470388,5.0498693470388005,7.1
P008,ConstDecel,8.1,6.752,13.765767713876787,7.0137677138767875,7.1
P008,ConstDecel,8.2,4.763,13.520666080714772,8.757666080714772,7.1
P008,ConstDecel,8.3,3.093,13.275564447552753,10.182564447552753,7.1
P008,ConstDecel,8.4,1.506,13.03046281439074,11.52446281439074,7.1
P008,ConstDecel,8.5,0.065,12.785361181228726,12.720361181228727,7.1
P008,SafeEnv,0.0,33.619,33.619,0.0,7.1
P008,SafeEnv,0.1,33.538,33.619,0.08100000000000307,7.1
P008,SafeEnv,0.2,33.456,33.619,0.1629999999999967,7.1
P008,SafeEnv,0.3,33.37,33.619,0.24900000000000233,7.1
P008,SafeEnv,0.4,33.277,33.619,0.34199999999999875,7.1
P008,SafeEnv,0.5,33.181,33.619,0.4380000000000024,7.1
P008,SafeEnv,0.6,33.084,33.619,0.5349999999999966,7.1
P008,SafeEnv,0.7,32.987,33.619,0.6319999999999979,7.1
P008,SafeEnv,0.8,32.89,33.619,0.7289999999999992,7.1
P008,SafeEnv,0.9,32.793,33.619,0.8260000000000005,7.1
P008,SafeEnv,1.0,32.697,33.619,0.921999999999997,7.1
P008,SafeEnv,1.1,32.6,33.619,1.0189999999999984,7.1
P008,SafeEnv,1.2,32.504,33.619,1.115000000000002,7.1
P008,SafeEnv,1.3,32.408,33.619,1.2109999999999985,7.1
P008,SafeEnv,1.4,32.312,33.619,1.3070000000000022,7.1
P008,SafeEnv,1.5,32.216,33.619,1.4029999999999987,7.1
P008,SafeEnv,1.6,32.121,33.619,1.4979999999999976,7.1
P008,SafeEnv,1.7,32.025,33.619,1.5940000000000012,7.1
P008,SafeEnv,1.8,31.93,33.619,1.689,7.1
P008,SafeEnv,1.9,31.835,33.619,1.783999999999999,7.1
P008,SafeEnv,2.0,31.74,33.619,1.8790000000000013,7.1
P008,SafeEnv,2.1,31.645,33.619,1.9740000000000002,7.1
P008,SafeEnv,2.2,31.55,33.619,2.068999999999999,7.1
P008,SafeEnv,2.3,31.456,33.619,2.1630000000000003,7.1
P008,SafeEnv,2.4,31.361,33.619,2.257999999999999,7.1
P008,SafeEnv,2.5,31.267,33.619,2.3520000000000003,7.1
P008,SafeEnv,2.6,31.173,33.619,2.4460000000000015,7.1
P008,SafeEnv,2.7,31.079,33.619,2.539999999999999,7.1
P008,SafeEnv,2.8,30.986,33.619,2.632999999999999,7.1
P008,SafeEnv,2.9,30.892,33.619,2.7270000000000003,7.1
P008,SafeEnv,3.0,30.799,33.619,2.8200000000000003,7.1
P008,SafeEnv,3.1,30.705,33.619,2.9140000000000015,7.1
P008,SafeEnv,3.2,30.612,33.619,3.0070000000000014,7.1
P008,SafeEnv,3.3,30.519,33.619,3.1000000000000014,7.1
P008,SafeEnv,3.4,30.426,33.619,3.1930000000000014,7.1
P008,SafeEnv,3.5,30.334,33.619,3.285,7.1
P008,SafeEnv,3.6,30.241,33.619,3.378,7.1
P008,SafeEnv,3.7,30.149,33.619,3.469999999999999,7.1
P008,SafeEnv,3.8,30.057,33.619,3.562000000000001,7.1
P008,SafeEnv,3.9,29.965,33.619,3.654,7.1
P008,SafeEnv,4.0,29.873,33.619,3.7459999999999987,7.1
P008,SafeEnv,4.1,29.781,33.619,3.838000000000001,7.1
P008,SafeEnv,4.2,29.69,33.619,3.9289999999999985,7.1
P008,SafeEnv,4.3,29.598,33.619,4.021000000000001,7.1
P008,SafeEnv,4.4,29.507,33.57073134023014,4.063731340230138,7.1
P008,SafeEnv,4.5,29.416,32.895836273949975,3.4798362739499744,7.1
P008,SafeEnv,4.6,29.325,32.22108321297648,2.8960832129764817,7.1
P008,SafeEnv,4.7,29.234,31.546478072414864,2.312478072414862,7.1
P008,SafeEnv,4.8,29.143,30.872027143378073,1.7290271433780724,7.1
P008,SafeEnv,4.9,29.052,30.197737125448334,1.1457371254483348,7.1
P008,SafeEnv,5.0,28.962,29.523615162710055,0.561615162710055,7.1
P008,SafeEnv,5.1,28.872,28.849668883835324,-0.022331116164675535,7.1
P008,SafeEnv,5.2,28.782,28.175906446779866,-0.6060935532201341,7.1
P008,SafeEnv,5.3,28.692,27.502336588739485,-1.189663411260515,7.1
P008,SafeEnv,5.4,28.602,26.82896868212623,-1.7730313178737696,7.1
P008,SafeEnv,5.5,28.512,26.155812797453606,-2.356187202546394,7.1
P008,SafeEnv,5.6,28.422,25.482879774177704,-2.939120225822297,7.1
P008,SafeEnv,5.7,28.333,24.810181300730303,-3.5228186992696955,7.1
P008,SafeEnv,5.8,28.244,24.137730005209026,-4.106269994790974,7.1
P008,SafeEnv,5.9,28.154,23.465539558469388,-4.688460441530612,7.1
P008,SafeEnv,6.0,28.065,22.79362479170521,-5.271375208294792,7.1
P008,SafeEnv,6.1,27.977,22.12200183102388,-5.85499816897612,7.1
P008,SafeEnv,6.2,27.888,21.450688252042426,-6.437311747957576,7.1
P008,SafeEnv,6.3,27.799,20.779703258176887,-7.019296741823112,7.1
P008,SafeEnv,6.4,27.711,20.109067887105034,-7.601932112894964,7.1
P008,SafeEnv,6.5,27.622,19.438805250900195,-8.183194749099805,7.1
P008,SafeEnv,6.6,27.534,18.7689408166241,-8.7650591833759,7.1
P008,SafeEnv,6.7,27.446,18.09950273581157,-9.346497264188432,7.1
P008,SafeEnv,6.8,27.309,17.43052223339897,-9.87847776660103,7.1
P008,SafeEnv,6.9,27.015,16.76203406939269,-10.25296593060731,7.1
P008,SafeEnv,7.0,26.536,16.094077090164735,-10.441922909835267,7.1
P008,SafeEnv,7.1,25.813,15.426694891002155,-10.386305108997844,7.1
P008,SafeEnv,7.2,24.75,14.759936617851759,-9.990063382148241,7.1
P008,SafeEnv,7.3,23.338,14.093857944710118,-9.244142055289883,7.1
P008,SafeEnv,7.4,21.619,13.42852227469549,-8.19047772530451,7.1
P008,SafeEnv,7.5,19.72,12.764002228816896,-6.955997771183103,7.1
P008,SafeEnv,7.6,17.708,12.100381508778877,-5.607618491221121,7.1
P008,SafeEnv,7.7,15.611,11.43775725179565,-4.17324274820435,7.1
P008,SafeEnv,7.8,13.442,10.776243040921992,-2.665756959078008,7.1
P008,SafeEnv,7.9,11.214,10.115972801067036,-1.0980271989329644,7.1
P008,SafeEnv,8.0,8.961,9.457105910263033,0.49610591026303297,7.1
P008,SafeEnv,8.1,6.752,8.79983400706694,2.04783400706694,7.1
P008,SafeEnv,8.2,4.763,8.144390210520454,3.381390210520454,7.1
P008,SafeEnv,8.3,3.093,7.491061845092752,4.398061845092752,7.1
P008,SafeEnv,8.4,1.506,6.840208380223648,5.3342083802236475,7.1
P008,SafeEnv,8.5,0.065,6.192287339479895,6.127287339479895,7.1
P008,CGP,0.0,33.619,33.619,0.0,7.1
P008,CGP,0.1,33.538,33.537113636363635,-0.0008863636363614091,7.1
P008,CGP,0.2,33.456,33.45522727272727,-0.0007727272727322543,7.1
P008,CGP,0.3,33.37,33.373340909090906,0.0033409090909088945,7.1
P008,CGP,0.4,33.277,33.29145454545454,0.014454545454540835,7.1
P008,CGP,0.5,33.181,33.20956818181818,0.028568181818179994,7.1
P008,CGP,0.6,33.084,33.12768181818181,0.04368181818180972,7.1
P008,CGP,0.7,32.987,33.04579545454545,0.058795454545446546,7.1
P008,CGP,0.8,32.89,32.963909090909084,0.07390909090908337,7.1
P008,CGP,0.9,32.793,32.88202272727272,0.0890227272727202,7.1
P008,CGP,1.0,32.697,32.800136363636355,0.10313636363635226,7.1
P008,CGP,1.1,32.6,32.71824999999999,0.11824999999998909,7.1
P008,CGP,1.2,32.504,32.63636363636363,0.13236363636363535,7.1
P008,CGP,1.3,32.408,32.55447727272727,0.1464772727272674,7.1
P008,CGP,1.4,32.312,32.472590909090904,0.16059090909090656,7.1
P008,CGP,1.5,32.216,32.39070454545454,0.17470454545453862,7.1
P008,CGP,1.6,32.121,32.308818181818175,0.187818181818173,7.1
P008,CGP,1.7,32.025,32.22693181818181,0.20193181818181216,7.1
P008,CGP,1.8,31.93,32.145045454545446,0.21504545454544655,7.1
P008,CGP,1.9,31.835,32.06315909090908,0.22815909090908093,7.1
P008,CGP,2.0,31.74,31.981272727272717,0.24127272727271887,7.1
P008,CGP,2.1,31.645,31.899386363636353,0.25438636363635325,7.1
P008,CGP,2.2,31.55,31.81749999999999,0.26749999999998764,7.1
P008,CGP,2.3,31.456,31.735613636363624,0.27961363636362435,7.1
P008,CGP,2.4,31.361,31.65372727272726,0.29272727272725874,7.1
P008,CGP,2.5,31.267,31.571840909090895,0.30484090909089545,7.1
P008,CGP,2.6,31.173,31.48995454545453,0.31695454545453217,7.1
P008,CGP,2.7,31.079,31.408068181818166,0.32906818181816533,7.1
P008,CGP,2.8,30.986,31.326181818181805,0.3401818181818044,7.1
P008,CGP,2.9,30.892,31.24429545454544,0.3522954545454411,7.1
P008,CGP,3.0,30.799,31.162409090909076,0.3634090909090766,7.1
P008,CGP,3.1,30.705,31.08052272727271,0.3755227272727133,7.1
P008,CGP,3.2,30.612,30.998636363636347,0.3866363636363488,7.1
P008,CGP,3.3,30.519,30.916749999999983,0.3977499999999843,7.1
P008,CGP,3.4,30.426,30.834863636363618,0.4088636363636198,7.1
P008,CGP,3.5,30.334,30.752977272727254,0.41897727272725405,7.1
P008,CGP,3.6,30.241,30.67109090909089,0.43009090909088954,7.1
P008,CGP,3.7,30.149,30.589204545454525,0.4402045454545238,7.1
P008,CGP,3.8,30.057,30.50731818181816,0.45031818181816163,7.1
P008,CGP,3.9,29.965,30.425431818181796,0.4604318181817959,7.1
P008,CGP,4.0,29.873,30.343545454545435,0.47054545454543373,7.1
P008,CGP,4.1,29.781,30.26165909090907,0.48065909090907155,7.1
P008,CGP,4.2,29.69,30.179772727272706,0.4897727272727046,7.1
P008,CGP,4.3,29.598,30.09788636363634,0.4998863636363424,7.1
P008,CGP,4.4,29.507,30.015999999999977,0.5089999999999755,7.1
P008,CGP,4.5,29.416,29.934113636363612,0.5181136363636121,7.1
P008,CGP,4.6,29.325,29.852227272727248,0.5272272727272487,7.1
P008,CGP,4.7,29.234,29.770340909090883,0.5363409090908817,7.1
P008,CGP,4.8,29.143,29.68845454545452,0.5454545454545183,7.1
P008,CGP,4.9,29.052,29.606568181818155,0.5545681818181549,7.1
P008,CGP,5.0,28.962,29.52468181818179,0.5626818181817903,7.1
P008,CGP,5.1,28.872,29.44279545454543,0.5707954545454292,7.1
P008,CGP,5.2,28.782,29.360909090909065,0.5789090909090646,7.1
P008,CGP,5.3,28.692,29.2790227272727,0.5870227272727,7.1
P008,CGP,5.4,28.602,28.89158730323667,0.2895873032366687,7.1
P008,CGP,5.5,28.512,28.217813181464003,-0.29418681853599793,7.1
P008,CGP,5.6,28.422,27.544039059691336,-0.8779609403086646,7.1
P008,CGP,5.7,28.333,26.870264937918673,-1.4627350620813253,7.1
P008,CGP,5.8,28.244,26.196490816146007,-2.047509183853993,7.1
P008,CGP,5.9,28.154,25.52271669437334,-2.63128330562666,7.1
P008,CGP,6.0,28.065,24.848942572600677,-3.216057427399324,7.1
P008,CGP,6.1,27.977,24.17516845082801,-3.8018315491719896,7.1
P008,CGP,6.2,27.888,23.501394329055344,-4.3866056709446575,7.1
P008,CGP,6.3,27.799,22.82762020728268,-4.971379792717318,7.1
P008,CGP,6.4,27.711,22.153846085510015,-5.557153914489984,7.1
P008,CGP,6.5,27.622,21.480071963737352,-6.141928036262648,7.1
P008,CGP,6.6,27.534,20.806297841964685,-6.727702158035314,7.1
P008,CGP,6.7,27.446,20.13252372019202,-7.313476279807983,7.1
P008,CGP,6.8,27.309,19.458749598419356,-7.850250401580645,7.1
P008,CGP,6.9,27.015,18.78497547664669,-8.230024523353311,7.1
P008,CGP,7.0,26.536,18.111201354874023,-8.424798645125978,7.1
P008,CGP,7.1,25.813,17.43742723310136,-8.375572766898639,7.1
P008,CGP,7.2,24.75,16.422744020419604,-8.327255979580396,7.1
P008,CGP,7.3,23.338,15.207662628035253,-8.130337371964748,7.1
P008,CGP,7.4,21.619,13.992581235650903,-7.626418764349097,7.1
P008,CGP,7.5,19.72,12.777499843266552,-6.942500156733447,7.1
P008,CGP,7.6,17.708,11.562418450882202,-6.1455815491177965,7.1
P008,CGP,7.7,15.611,10.347337058497853,-5.263662941502147,7.1
P008,CGP,7.8,13.442,9.132255666113505,-4.309744333886496,7.1
P008,CGP,7.9,11.214,7.917174273729156,-3.2968257262708445,7.1
P008,CGP,8.0,8.961,6.702092881344807,-2.258907118655193,7.1
P008,CGP,8.1,6.752,5.487011488960458,-1.264988511039542,7.1
P008,CGP,8.2,4.763,4.271930096576109,-0.4910699034238908,7.1
P008,CGP,8.3,3.093,3.0568487041917605,-0.0361512958082395,7.1
P008,CGP,8.4,1.506,1.8417673118074116,0.3357673118074116,7.1
P008,CGP,8.5,0.065,0.6266859194230627,0.5616859194230628,7.1
P009,ConstDecel,0.0,31.192,31.192000000000004,3.552713678800501e-15,3.7
P009,ConstDecel,0.1,31.122,30.97991689943127,-0.14208310056872975,3.7
P009,ConstDecel,0.2,31.05,30.767833798862537,-0.28216620113746416,3.7
P009,ConstDecel,0.3,30.97,30.5557506982938,-0.41424930170619945,3.7
P009,ConstDecel,0.4,30.883,30.343667597725066,-0.5393324022749333,3.7
P009,ConstDecel,0.5,30.791,30.131584497156336,-0.6594155028436646,3.7
P009,ConstDecel,0.6,30.698,29.919501396587602,-0.7784986034123982,3.7
P009,ConstDecel,0.7,30.605,29.70741829601887,-0.8975817039811318,3.7
P009,ConstDecel,0.8,30.512,29.49533519545013,-1.016664804549869,3.7
P009,ConstDecel,0.9,30.42,29.283252094881398,-1.1367479051186038,3.7
P009,ConstDecel,1.0,30.327,29.071168994312668,-1.2558310056873339,3.7
P009,ConstDecel,1.1,30.235,28.859085893743934,-1.3759141062560651,3.7
P009,ConstDecel,1.2,30.142,28.6470027931752,-1.4949972068247988,3.7
P009,ConstDecel,1.3,30.05,28.434919692606467,-1.6150803073935336,3.7
P009,ConstDecel,1.4,29.958,28.222836592037737,-1.7351634079622613,3.7
P009,ConstDecel,1.5,29.866,28.010753491469,-1.8552465085309997,3.7
P009,ConstDecel,1.6,29.774,27.798670390900266,-1.9753296090997345,3.7
P009,ConstDecel,1.7,29.683,27.586587290331533,-2.096412709668467,3.7
P009,ConstDecel,1.8,29.591,27.3745041897628,-2.216495810237202,3.7
P009,ConstDecel,1.9,29.5,27.16242108919407,-2.337578910805931,3.7
P009,ConstDecel,2.0,29.409,26.95033798862533,-2.4586620113746704,3.7
P009,ConstDecel,2.1,29.318,26.7382548880566,-2.579745111943403,3.7
P009,ConstDecel,2.2,29.227,26.526171787487865,-2.7008282125121355,3.7
P009,ConstDecel,2.3,29.136,26.31408868691913,-2.821911313080868,3.7
P009,ConstDecel,2.4,29.046,26.1020055863504,-2.943994413649598,3.7
P009,ConstDecel,2.5,28.955,25.88992248578166,-3.0650775142183377,3.7
P009,ConstDecel,2.6,28.865,25.67783938521293,-3.187160614787068,3.7
P009,ConstDecel,2.7,28.775,25.465756284644197,-3.3092437153558016,3.7
P009,ConstDecel,2.8,28.685,25.253673184075463,-3.4313268159245354,3.7
P009,ConstDecel,2.9,28.595,25.041590083506733,-3.5534099164932655,3.7
P009,ConstDecel,3.0,28.505,24.829506982937993,-3.6754930170620064,3.7
P009,ConstDecel,3.1,28.416,24.617423882369263,-3.7985761176307378,3.7
P009,ConstDecel,3.2,28.326,24.40534078180053,-3.9206592181994715,3.7
P009,ConstDecel,3.3,28.237,24.193257681231795,-4.043742318768203,3.7
P009,ConstDecel,3.4,28.148,23.981174580663065,-4.166825419336934,3.7
P009,ConstDecel,3.5,28.059,23.769091480094332,-4.289908519905669,3.7
P009,ConstDecel,3.6,27.967,23.5570083795256,-4.4099916204744005,3.7
P009,ConstDecel,3.7,27.849,23.34492527895686,-4.504074721043139,3.7
P009,ConstDecel,3.8,27.684,23.132842178388128,-4.5511578216118735,3.7
P009,ConstDecel,3.9,27.471,22.920759077819394,-4.550240922180606,3.7
P009,ConstDecel,4.0,27.221,22.708675977250664,-4.512324022749336,3.7
P009,ConstDecel,4.1,26.936,22.49659287668193,-4.43940712331807,3.7
P009,ConstDecel,4.2,26.604,22.284509776113193,-4.319490223886806,3.7
P009,ConstDecel,4.3,26.205,22.07242667554446,-4.132573324455539,3.7
P009,ConstDecel,4.4,25.739,21.860343574975726,-3.8786564250242748,3.7
P009,ConstDecel,4.5,25.234,21.648260474406996,-3.585739525593006,3.7
P009,ConstDecel,4.6,24.709,21.436177373838262,-3.2728226261617372,3.7
P009,ConstDecel,4.7,24.171,21.22409427326953,-2.9469057267304706,3.7
P009,ConstDecel,4.8,23.626,21.012011172700795,-2.613988827299206,3.7
P009,ConstDecel,4.9,23.071,20.799928072132058,-2.2710719278679434,3.7
P009,ConstDecel,5.0,22.513,20.587844971563328,-1.9251550284366736,3.7
P009,ConstDecel,5.1,21.957,20.375761870994594,-1.5812381290054063,3.7
P009,ConstDecel,5.2,21.403,20.16367877042586,-1.2393212295741378,3.7
P009,ConstDecel,5.3,20.851,19.951595669857127,-0.8994043301428718,3.7
P009,ConstDecel,5.4,20.307,19.73951256928839,-0.5674874307116085,3.7
P009,ConstDecel,5.5,19.776,19.52742946871966,-0.24857053128033968,3.7
P009,ConstDecel,5.6,19.251,19.315346368150927,0.06434636815092531,3.7
P009,ConstDecel,5.7,18.719,19.103263267582193,0.38426326758219176,3.7
P009,ConstDecel,5.8,18.176,18.89118016701346,0.715180167013461,3.7
P009,ConstDecel,5.9,17.614,18.679097066444722,1.0650970664447215,3.7
P009,ConstDecel,6.0,17.037,18.467013965875992,1.4300139658759932,3.7
P009,ConstDecel,6.1,16.456,18.25493086530726,1.798930865307259,3.7
P009,ConstDecel,6.2,15.878,18.04284776473852,2.1648477647385214,3.7
P009,ConstDecel,6.3,15.285,17.83076466416979,2.5457646641697913,3.7
P009,ConstDecel,6.4,14.656,17.618681563601054,2.9626815636010537,3.7
P009,ConstDecel,6.5,14.0,17.406598463032324,3.4065984630323243,3.7
P009,ConstDecel,6.6,13.329,17.19451536246359,3.86551536246359,3.7
P009,ConstDecel,6.7,12.66,16.982432261894857,4.322432261894857,3.7
P009,ConstDecel,6.8,12.013,16.770349161326124,4.757349161326124,3.7
P009,ConstDecel,6.9,11.4,16.55826606075739,5.15826606075739,3.7
P009,ConstDecel,7.0,10.814,16.346182960188656,5.532182960188656,3.7
P009,ConstDecel,7.1,10.249,16.134099859619926,5.885099859619926,3.7
P009,ConstDecel,7.2,9.683,15.92201675905119,6.239016759051189,3.7
P009,ConstDecel,7.3,9.09,15.709933658482457,6.6199336584824575,3.7
P009,ConstDecel,7.4,8.466,15.497850557913722,7.031850557913723,3.7
P009,ConstDecel,7.5,7.837,15.285767457344988,7.448767457344989,3.7
P009,ConstDecel,7.6,7.229,15.073684356776257,7.8446843567762565,3.7
P009,ConstDecel,7.7,6.658,14.861601256207521,8.20360125620752,3.7
P009,ConstDecel,7.8,6.123,14.64951815563879,8.52651815563879,3.7
P009,ConstDecel,7.9,5.641,14.437435055070054,8.796435055070054,3.7
P009,ConstDecel,8.0,5.239,14.22535195450132,8.98635195450132,3.7
P009,ConstDecel,8.1,4.92,14.013268853932589,9.093268853932589,3.7
P009,ConstDecel,8.2,4.68,13.801185753363857,9.121185753363857,3.7
P009,ConstDecel,8.3,4.51,13.589102652795118,9.079102652795118,3.7
P009,ConstDecel,8.4,4.413,13.377019552226386,8.964019552226386,3.7
P009,ConstDecel,8.5,4.356,13.164936451657653,8.808936451657653,3.7
P009,ConstDecel,8.6,4.309,12.95285335108892,8.643853351088921,3.7
P009,ConstDecel,8.7,4.264,12.740770250520187,8.476770250520186,3.7
P009,ConstDecel,8.8,4.218,12.52868714995145,8.31068714995145,3.7
P009,ConstDecel,8.9,4.172,12.316604049382718,8.144604049382718,3.7
P009,ConstDecel,9.0,4.126,12.104520948813985,7.978520948813984,3.7
P009,ConstDecel,9.1,4.079,11.892437848245253,7.813437848245253,3.7
P009,ConstDecel,9.2,4.033,11.68035474767652,7.647354747676519,3.7
P009,ConstDecel,9.3,3.987,11.468271647107786,7.481271647107786,3.7
P009,ConstDecel,9.4,3.941,11.256188546539052,7.315188546539052,3.7
P009,ConstDecel,9.5,3.896,11.04410544597032,7.14810544597032,3.7
P009,ConstDecel,9.6,3.85,10.832022345401587,6.982022345401587,3.7
P009,ConstDecel,9.7,3.804,10.619939244832851,6.815939244832851,3.7
P009,ConstDecel,9.8,3.759,10.407856144264118,6.648856144264117,3.7
P009,ConstDecel,9.9,3.714,10.195773043695384,6.481773043695384,3.7
P009,ConstDecel,10.0,3.669,9.983689943126652,6.314689943126652,3.7
P009,ConstDecel,10.1,3.624,9.771606842557919,6.147606842557918,3.7
P009,ConstDecel,10.2,3.58,9.559523741989187,5.979523741989187,3.7
P009,ConstDecel,10.3,3.536,9.347440641420448,5.8114406414204485,3.7
P009,ConstDecel,10.4,3.492,9.135357540851716,5.643357540851716,3.7
P009,ConstDecel,10.5,3.448,8.923274440282984,5.475274440282984,3.7
P009,ConstDecel,10.6,3.405,8.71119133971425,5.3061913397142515,3.7
P009,ConstDecel,10.7,3.362,8.499108239145519,5.137108239145519,3.7
P009,ConstDecel,10.8,3.32,8.28702513857678,4.96702513857678,3.7
P009,ConstDecel,10.9,3.278,8.074942038008048,4.796942038008048,3.7
P009,ConstDecel,11.0,3.237,7.862858937439316,4.6258589374393155,3.7
P009,ConstDecel,11.1,3.196,7.650775836870583,4.454775836870583,3.7
P009,ConstDecel,11.2,3.156,7.43869273630185,4.2826927363018505,3.7
P009,ConstDecel,11.3,3.116,7.226609635733113,4.1106096357331126,3.7
P009,ConstDecel,11.4,3.076,7.01452653516438,3.9385265351643803,3.7
P009,ConstDecel,11.5,3.037,6.802443434595648,3.765443434595648,3.7
P009,ConstDecel,11.6,2.999,6.590360334026915,3.591360334026915,3.7
P009,ConstDecel,11.7,2.961,6.378277233458182,3.4172772334581825,3.7
P009,ConstDecel,11.8,2.924,6.166194132889445,3.2421941328894452,3.7
P009,ConstDecel,11.9,2.887,5.9541110323207125,3.0671110323207125,3.7
P009,ConstDecel,12.0,2.851,5.74202793175198,2.89102793175198,3.7
P009,ConstDecel,12.1,2.816,5.529944831183247,2.7139448311832473,3.7
P009,ConstDecel,12.2,2.781,5.317861730614514,2.5368617306145143,3.7
P009,ConstDecel,12.3,2.74,5.105778630045777,2.365778630045777,3.7
P009,ConstDecel,12.4,2.691,4.893695529477045,2.2026955294770447,3.7
P009,ConstDecel,12.5,2.634,4.681612428908312,2.047612428908312,3.7
P009,ConstDecel,12.6,2.57,4.469529328339579,1.8995293283395793,3.7
P009,ConstDecel,12.7,2.497,4.2574462277708465,1.7604462277708466,3.7
P009,ConstDecel,12.8,2.441,4.0453631272021084,1.6043631272021086,3.7
P009,ConstDecel,12.9,2.402,3.833280026633376,1.431280026633376,3.7
P009,ConstDecel,13.0,2.377,3.6211969260646435,1.2441969260646437,3.7
P009,ConstDecel,13.1,2.363,3.409113825495911,1.0461138254959108,3.7
P009,ConstDecel,13.2,2.356,3.197030724927178,0.8410307249271782,3.7
P009,ConstDecel,13.3,2.356,2.984947624358446,0.628947624358446,3.7
P009,ConstDecel,13.4,2.36,2.772864523789713,0.4128645237897133,3.7
P009,ConstDecel,13.5,2.368,2.5607814232209805,0.19278142322098057,3.7
P009,ConstDecel,13.6,2.381,2.3486983226522478,-0.03230167734775202,3.7
P009,ConstDecel,13.7,2.399,2.13661522208351,-0.26238477791648984,3.7
P009,ConstDecel,13.8,2.422,1.9245321215147777,-0.49746787848522245,3.7
P009,ConstDecel,13.9,2.452,1.712449020946045,-0.739550979053955,3.7
P009,ConstDecel,14.0,2.487,1.5003659203773123,-0.9866340796226878,3.7
P009,ConstDecel,14.1,2.531,1.2882828198085796,-1.2427171801914205,3.7
P009,ConstDecel,14.2,2.586,1.0761997192398471,-1.5098002807601527,3.7
P009,ConstDecel,14.3,2.653,0.8641166186711096,-1.7888833813288905,3.7
P009,ConstDecel,14.4,2.731,0.652033518102377,-2.078966481897623,3.7
P009,ConstDecel,14.5,2.813,0.43995041753364433,-2.373049582466356,3.7
P009,ConstDecel,14.6,2.881,0.2278673169649117,-2.6531326830350883,3.7
P009,ConstDecel,14.7,2.924,0.01578421639617906,-2.9082157836038207,3.7
P009,ConstDecel,14.8,2.937,0.0,-2.937,3.7
P009,ConstDecel,14.9,2.927,0.0,-2.927,3.7
P009,ConstDecel,15.0,2.905,0.0,-2.905,3.7
P009,ConstDecel,15.1,2.878,0.0,-2.878,3.7
P009,ConstDecel,15.2,2.848,0.0,-2.848,3.7
P009,ConstDecel,15.3,2.819,0.0,-2.819,3.7
P009,ConstDecel,15.4,2.789,0.0,-2.789,3.7
P009,ConstDecel,15.5,2.76,0.0,-2.76,3.7
P009,ConstDecel,15.6,2.731,0.0,-2.731,3.7
P009,ConstDecel,15.7,2.702,0.0,-2.702,3.7
P009,ConstDecel,15.8,2.674,0.0,-2.674,3.7
P009,ConstDecel,15.9,2.646,0.0,-2.646,3.7
P009,ConstDecel,16.0,2.618,0.0,-2.618,3.7
P009,ConstDecel,16.1,2.59,0.0,-2.59,3.7
P009,ConstDecel,16.2,2.563,0.0,-2.563,3.7
P009,ConstDecel,16.3,2.537,0.0,-2.537,3.7
P009,ConstDecel,16.4,2.51,0.0,-2.51,3.7
P009,ConstDecel,16.5,2.484,0.0,-2.484,3.7
P009,ConstDecel,16.6,2.458,0.0,-2.458,3.7
P009,ConstDecel,16.7,2.433,0.0,-2.433,3.7
P009,ConstDecel,16.8,2.407,0.0,-2.407,3.7
P009,ConstDecel,16.9,2.382,0.0,-2.382,3.7
P009,ConstDecel,17.0,2.357,0.0,-2.357,3.7
P009,ConstDecel,17.1,2.333,0.0,-2.333,3.7
P009,ConstDecel,17.2,2.309,0.0,-2.309,3.7
P009,ConstDecel,17.3,2.285,0.0,-2.285,3.7
P009,ConstDecel,17.4,2.262,0.0,-2.262,3.7
P009,ConstDecel,17.5,2.24,0.0,-2.24,3.7
P009,ConstDecel,17.6,2.218,0.0,-2.218,3.7
P009,ConstDecel,17.7,2.196,0.0,-2.196,3.7
P009,ConstDecel,17.8,2.18,0.0,-2.18,3.7
P009,ConstDecel,17.9,2.173,0.0,-2.173,3.7
P009,SafeEnv,0.0,31.192,31.192000000000004,3.552713678800501e-15,3.7
P009,SafeEnv,0.1,31.122,31.192000000000004,0.07000000000000384,3.7
P009,SafeEnv,0.2,31.05,31.192000000000004,0.142000000000003,3.7
P009,SafeEnv,0.3,30.97,31.192000000000004,0.22200000000000486,3.7
P009,SafeEnv,0.4,30.883,31.192000000000004,0.3090000000000046,3.7
P009,SafeEnv,0.5,30.791,31.192000000000004,0.40100000000000335,3.7
P009,SafeEnv,0.6,30.698,31.192000000000004,0.4940000000000033,3.7
P009,SafeEnv,0.7,30.605,31.192000000000004,0.5870000000000033,3.7
P009,SafeEnv,0.8,30.512,31.192000000000004,0.6800000000000033,3.7
P009,SafeEnv,0.9,30.42,31.192000000000004,0.772000000000002,3.7
P009,SafeEnv,1.0,30.327,31.192000000000004,0.865000000000002,3.7
P009,SafeEnv,1.1,30.235,31.192000000000004,0.9570000000000043,3.7
P009,SafeEnv,1.2,30.142,31.192000000000004,1.0500000000000043,3.7
P009,SafeEnv,1.3,30.05,31.192000000000004,1.142000000000003,3.7
P009,SafeEnv,1.4,29.958,31.192000000000004,1.2340000000000053,3.7
P009,SafeEnv,1.5,29.866,31.192000000000004,1.326000000000004,3.7
P009,SafeEnv,1.6,29.774,31.192000000000004,1.4180000000000028,3.7
P009,SafeEnv,1.7,29.683,31.192000000000004,1.509000000000004,3.7
P009,SafeEnv,1.8,29.591,31.192000000000004,1.6010000000000026,3.7
P009,SafeEnv,1.9,29.5,31.192000000000004,1.6920000000000037,3.7
P009,SafeEnv,2.0,29.409,31.192000000000004,1.7830000000000048,3.7
P009,SafeEnv,2.1,29.318,31.192000000000004,1.8740000000000023,3.7
P009,SafeEnv,2.2,29.227,31.192000000000004,1.9650000000000034,3.7
P009,SafeEnv,2.3,29.136,31.192000000000004,2.0560000000000045,3.7
P009,SafeEnv,2.4,29.046,31.192000000000004,2.1460000000000043,3.7
P009,SafeEnv,2.5,28.955,31.192000000000004,2.2370000000000054,3.7
P009,SafeEnv,2.6,28.865,31.192000000000004,2.3270000000000053,3.7
P009,SafeEnv,2.7,28.775,31.192000000000004,2.417000000000005,3.7
P009,SafeEnv,2.8,28.685,31.192000000000004,2.507000000000005,3.7
P009,SafeEnv,2.9,28.595,31.192000000000004,2.597000000000005,3.7
P009,SafeEnv,3.0,28.505,31.192000000000004,2.6870000000000047,3.7
P009,SafeEnv,3.1,28.416,31.192000000000004,2.7760000000000034,3.7
P009,SafeEnv,3.2,28.326,31.192000000000004,2.866000000000003,3.7
P009,SafeEnv,3.3,28.237,31.192000000000004,2.9550000000000054,3.7
P009,SafeEnv,3.4,28.148,31.192000000000004,3.044000000000004,3.7
P009,SafeEnv,3.5,28.059,31.192000000000004,3.1330000000000027,3.7
P009,SafeEnv,3.6,27.967,31.192000000000004,3.225000000000005,3.7
P009,SafeEnv,3.7,27.849,31.192000000000004,3.3430000000000035,3.7
P009,SafeEnv,3.8,27.684,31.192000000000004,3.5080000000000027,3.7
P009,SafeEnv,3.9,27.471,31.192000000000004,3.7210000000000036,3.7
P009,SafeEnv,4.0,27.221,31.192000000000004,3.9710000000000036,3.7
P009,SafeEnv,4.1,26.936,31.192000000000004,4.256000000000004,3.7
P009,SafeEnv,4.2,26.604,31.192000000000004,4.5880000000000045,3.7
P009,SafeEnv,4.3,26.205,31.192000000000004,4.987000000000005,3.7
P009,SafeEnv,4.4,25.739,31.192000000000004,5.453000000000003,3.7
P009,SafeEnv,4.5,25.234,31.192000000000004,5.958000000000002,3.7
P009,SafeEnv,4.6,24.709,31.192000000000004,6.483000000000004,3.7
P009,SafeEnv,4.7,24.171,31.192000000000004,7.021000000000004,3.7
P009,SafeEnv,4.8,23.626,31.192000000000004,7.5660000000000025,3.7
P009,SafeEnv,4.9,23.071,31.192000000000004,8.121000000000002,3.7
P009,SafeEnv,5.0,22.513,31.192000000000004,8.679000000000002,3.7
P009,SafeEnv,5.1,21.957,30.96639668303982,9.00939668303982,3.7
P009,SafeEnv,5.2,21.403,30.292083728732855,8.889083728732857,3.7
P009,SafeEnv,5.3,20.851,29.617937801714422,8.766937801714423,3.7
P009,SafeEnv,5.4,20.307,28.943966460268214,8.636966460268216,3.7
P009,SafeEnv,5.5,19.776,28.270177785406425,8.494177785406425,3.7
P009,SafeEnv,5.6,19.251,27.596580430047133,8.345580430047132,3.7
P009,SafeEnv,5.7,18.719,26.92318367409766,8.20418367409766,3.7
P009,SafeEnv,5.8,18.176,26.249997486314136,8.073997486314138,3.7
P009,SafeEnv,5.9,17.614,25.577032593959437,7.963032593959436,3.7
P009,SafeEnv,6.0,17.037,24.90430056146764,7.867300561467641,3.7
P009,SafeEnv,6.1,16.456,24.231813879544823,7.775813879544824,3.7
P009,SafeEnv,6.2,15.878,23.559586066408833,7.681586066408833,3.7
P009,SafeEnv,6.3,15.285,22.88763178320186,7.602631783201861,3.7
P009,SafeEnv,6.4,14.656,22.215966966018485,7.559966966018484,3.7
P009,SafeEnv,6.5,14.0,21.54460897749562,7.544608977495621,3.7
P009,SafeEnv,6.6,13.329,20.873576781537125,7.544576781537124,3.7
P009,SafeEnv,6.7,12.66,20.202891145529016,7.5428911455290155,3.7
P009,SafeEnv,6.8,12.013,19.53257487538619,7.519574875386189,3.7
P009,SafeEnv,6.9,11.4,18.862653090017904,7.462653090017904,3.7
P009,SafeEnv,7.0,10.814,18.193153543390288,7.379153543390288,3.7
P009,SafeEnv,7.1,10.249,17.524107004407096,7.275107004407095,3.7
P009,SafeEnv,7.2,9.683,16.85554770747568,7.17254770747568,3.7
P009,SafeEnv,7.3,9.09,16.1875138900822,7.097513890082201,3.7
P009,SafeEnv,7.4,8.466,15.520048438255639,7.05404843825564,3.7
P009,SafeEnv,7.5,7.837,14.85319966686349,7.016199666863491,3.7
P009,SafeEnv,7.6,7.229,14.187022269836806,6.958022269836806,3.7
P009,SafeEnv,7.7,6.658,13.521578486510974,6.863578486510973,3.7
P009,SafeEnv,7.8,6.123,12.856939545533875,6.733939545533874,3.7
P009,SafeEnv,7.9,5.641,12.193187469076488,6.552187469076488,3.7
P009,SafeEnv,8.0,5.239,11.530417350184234,6.291417350184234,3.7
P009,SafeEnv,8.1,4.92,10.868740259334714,5.9487402593347145,3.7
P009,SafeEnv,8.2,4.68,10.208286999397474,5.528286999397475,3.7
P009,SafeEnv,8.3,4.51,9.549213022079343,5.039213022079343,3.7
P009,SafeEnv,8.4,4.413,8.891704961419457,4.4787049614194565,3.7
P009,SafeEnv,8.5,4.356,8.23598946098219,3.8799894609821894,3.7
P009,SafeEnv,8.6,4.309,7.58234532300599,3.27334532300599,3.7
P009,SafeEnv,8.7,4.264,6.931120582572972,2.667120582572972,3.7
P009,SafeEnv,8.8,4.218,6.282757078973026,2.0647570789730256,3.7
P009,SafeEnv,8.9,4.172,5.637826788149958,1.4658267881499585,3.7
P009,SafeEnv,9.0,4.126,4.9970872519990035,0.8710872519990032,3.7
P009,SafeEnv,9.1,4.079,4.361569274757819,0.2825692747578197,3.7
P009,SafeEnv,9.2,4.033,3.7327217230382925,-0.30027827696170784,3.7
P009,SafeEnv,9.3,3.987,3.11266300731683,-0.8743369926831699,3.7
P009,SafeEnv,9.4,3.941,2.5046449091614797,-1.43635509083852,3.7
P009,SafeEnv,9.5,3.896,1.9139711305193992,-1.9820288694806008,3.7
P009,SafeEnv,9.6,3.85,1.3499695830628913,-2.5000304169371086,3.7
P009,SafeEnv,9.7,3.804,0.8305620310425986,-2.973437968957401,3.7
P009,SafeEnv,9.8,3.759,0.3927558363249743,-3.3662441636750255,3.7
P009,SafeEnv,9.9,3.714,0.1050319818242543,-3.6089680181757458,3.7
P009,SafeEnv,10.0,3.669,0.008042492712527318,-3.6609575072874727,3.7
P009,SafeEnv,10.1,3.624,4.743158909167625e-05,-3.6239525684109086,3.7
P009,SafeEnv,10.2,3.58,1.6494926636699927e-09,-3.5799999983505075,3.7
P009,SafeEnv,10.3,3.536,0.0,-3.536,3.7
P009,SafeEnv,10.4,3.492,0.0,-3.492,3.7
P009,SafeEnv,10.5,3.448,0.0,-3.448,3.7
P009,SafeEnv,10.6,3.405,0.0,-3.405,3.7
P009,SafeEnv,10.7,3.362,0.0,-3.362,3.7
P009,SafeEnv,10.8,3.32,0.0,-3.32,3.7
P009,SafeEnv,10.9,3.278,0.0,-3.278,3.7
P009,SafeEnv,11.0,3.237,0.0,-3.237,3.7
P009,SafeEnv,11.1,3.196,0.0,-3.196,3.7
P009,SafeEnv,11.2,3.156,0.0,-3.156,3.7
P009,SafeEnv,11.3,3.116,0.0,-3.116,3.7
P009,SafeEnv,11.4,3.076,0.0,-3.076,3.7
P009,SafeEnv,11.5,3.037,0.0,-3.037,3.7
P009,SafeEnv,11.6,2.999,0.0,-2.999,3.7
P009,SafeEnv,11.7,2.961,0.0,-2.961,3.7
P009,SafeEnv,11.8,2.924,0.0,-2.924,3.7
P009,SafeEnv,11.9,2.887,0.0,-2.887,3.7
P009,SafeEnv,12.0,2.851,0.0,-2.851,3.7
P009,SafeEnv,12.1,2.816,0.0,-2.816,3.7
P009,SafeEnv,12.2,2.781,0.0,-2.781,3.7
P009,SafeEnv,12.3,2.74,0.0,-2.74,3.7
P009,SafeEnv,12.4,2.691,0.0,-2.691,3.7
P009,SafeEnv,12.5,2.634,0.0,-2.634,3.7
P009,SafeEnv,12.6,2.57,0.0,-2.57,3.7
P009,SafeEnv,12.7,2.497,0.0,-2.497,3.7
P009,SafeEnv,12.8,2.441,0.0,-2.441,3.7
P009,SafeEnv,12.9,2.402,0.0,-2.402,3.7
P009,SafeEnv,13.0,2.377,0.0,-2.377,3.7
P009,SafeEnv,13.1,2.363,0.0,-2.363,3.7
P009,SafeEnv,13.2,2.356,0.0,-2.356,3.7
P009,SafeEnv,13.3,2.356,0.0,-2.356,3.7
P009,SafeEnv,13.4,2.36,0.0,-2.36,3.7
P009,SafeEnv,13.5,2.368,0.0,-2.368,3.7
P009,SafeEnv,13.6,2.381,0.0,-2.381,3.7
P009,SafeEnv,13.7,2.399,0.0,-2.399,3.7
P009,SafeEnv,13.8,2.422,0.0,-2.422,3.7
P009,SafeEnv,13.9,2.452,0.0,-2.452,3.7
P009,SafeEnv,14.0,2.487,0.0,-2.487,3.7
P009,SafeEnv,14.1,2.531,0.0,-2.531,3.7
P009,SafeEnv,14.2,2.586,0.0,-2.586,3.7
P009,SafeEnv,14.3,2.653,0.0,-2.653,3.7
P009,SafeEnv,14.4,2.731,0.0,-2.731,3.7
P009,SafeEnv,14.5,2.813,0.0,-2.813,3.7
P009,SafeEnv,14.6,2.881,0.0,-2.881,3.7
P009,SafeEnv,14.7,2.924,0.0,-2.924,3.7
P009,SafeEnv,14.8,2.937,0.0,-2.937,3.7
P009,SafeEnv,14.9,2.927,0.0,-2.927,3.7
P009,SafeEnv,15.0,2.905,0.0,-2.905,3.7
P009,SafeEnv,15.1,2.878,0.0,-2.878,3.7
P009,SafeEnv,15.2,2.848,0.0,-2.848,3.7
P009,SafeEnv,15.3,2.819,0.0,-2.819,3.7
P009,SafeEnv,15.4,2.789,0.0,-2.789,3.7
P009,SafeEnv,15.5,2.76,0.0,-2.76,3.7
P009,SafeEnv,15.6,2.731,0.0,-2.731,3.7
P009,SafeEnv,15.7,2.702,0.0,-2.702,3.7
P009,SafeEnv,15.8,2.674,0.0,-2.674,3.7
P009,SafeEnv,15.9,2.646,0.0,-2.646,3.7
P009,SafeEnv,16.0,2.618,0.0,-2.618,3.7
P009,SafeEnv,16.1,2.59,0.0,-2.59,3.7
P009,SafeEnv,16.2,2.563,0.0,-2.563,3.7
P009,SafeEnv,16.3,2.537,0.0,-2.537,3.7
P009,SafeEnv,16.4,2.51,0.0,-2.51,3.7
P009,SafeEnv,16.5,2.484,0.0,-2.484,3.7
P009,SafeEnv,16.6,2.458,0.0,-2.458,3.7
P009,SafeEnv,16.7,2.433,0.0,-2.433,3.7
P009,SafeEnv,16.8,2.407,0.0,-2.407,3.7
P009,SafeEnv,16.9,2.382,0.0,-2.382,3.7
P009,SafeEnv,17.0,2.357,0.0,-2.357,3.7
P009,SafeEnv,17.1,2.333,0.0,-2.333,3.7
P009,SafeEnv,17.2,2.309,0.0,-2.309,3.7
P009,SafeEnv,17.3,2.285,0.0,-2.285,3.7
P009,SafeEnv,17.4,2.262,0.0,-2.262,3.7
P009,SafeEnv,17.5,2.24,0.0,-2.24,3.7
P009,SafeEnv,17.6,2.218,0.0,-2.218,3.7
P009,SafeEnv,17.7,2.196,0.0,-2.196,3.7
P009,SafeEnv,17.8,2.18,0.0,-2.18,3.7
P009,SafeEnv,17.9,2.173,0.0,-2.173,3.7
P009,CGP,0.0,31.192,31.192000000000004,3.552713678800501e-15,3.7
P009,CGP,0.1,31.122,31.12293181818182,0.0009318181818187554,3.7
P009,CGP,0.2,31.05,31.053863636363637,0.0038636363636364024,3.7
P009,CGP,0.3,30.97,30.984795454545452,0.014795454545453168,3.7
P009,CGP,0.4,30.883,30.91572727272727,0.032727272727271384,3.7
P009,CGP,0.5,30.791,30.846659090909085,0.05565909090908505,3.7
P009,CGP,0.6,30.698,30.777590909090904,0.0795909090909035,3.7
P009,CGP,0.7,30.605,30.70852272727272,0.10352272727271838,3.7
P009,CGP,0.8,30.512,30.639454545454537,0.12745454545453683,3.7
P009,CGP,0.9,30.42,30.570386363636352,0.1503863636363505,3.7
P009,CGP,1.0,30.327,30.50131818181817,0.17431818181816894,3.7
P009,CGP,1.1,30.235,30.43224999999999,0.1972499999999897,3.7
P009,CGP,1.2,30.142,30.363181818181804,0.2211818181818046,3.7
P009,CGP,1.3,30.05,30.294113636363623,0.24411363636362182,3.7
P009,CGP,1.4,29.958,30.225045454545437,0.26704545454543904,3.7
P009,CGP,1.5,29.866,30.155977272727256,0.28997727272725626,3.7
P009,CGP,1.6,29.774,30.08690909090907,0.31290909090906993,3.7
P009,CGP,1.7,29.683,30.01784090909089,0.3348409090908895,3.7
P009,CGP,1.8,29.591,29.948772727272704,0.35777272727270315,3.7
P009,CGP,1.9,29.5,29.879704545454523,0.3797045454545227,3.7
P009,CGP,2.0,29.409,29.810636363636338,0.4016363636363387,3.7
P009,CGP,2.1,29.318,29.741568181818156,0.4235681818181547,3.7
P009,CGP,2.2,29.227,29.672499999999975,0.44549999999997425,3.7
P009,CGP,2.3,29.136,29.60343181818179,0.46743181818179025,3.7
P009,CGP,2.4,29.046,29.534363636363608,0.4883636363636086,3.7
P009,CGP,2.5,28.955,29.465295454545423,0.5102954545454246,3.7
P009,CGP,2.6,28.865,29.39622727272724,0.5312272727272429,3.7
P009,CGP,2.7,28.775,29.327159090909056,0.5521590909090577,3.7
P009,CGP,2.8,28.685,29.258090909090875,0.573090909090876,3.7
P009,CGP,2.9,28.595,29.18902272727269,0.5940227272726908,3.7
P009,CGP,3.0,28.505,29.119954545454508,0.6149545454545091,3.7
P009,CGP,3.1,28.416,29.050886363636323,0.6348863636363227,3.7
P009,CGP,3.2,28.326,28.98181818181814,0.655818181818141,3.7
P009,CGP,3.3,28.237,28.91274999999996,0.6757499999999617,3.7
P009,CGP,3.4,28.148,28.843681818181775,0.6956818181817752,3.7
P009,CGP,3.5,28.059,28.774613636363593,0.7156136363635923,3.7
P009,CGP,3.6,27.967,28.70554545454541,0.7385454545454095,3.7
P009,CGP,3.7,27.849,28.636477272727227,0.7874772727272266,3.7
P009,CGP,3.8,27.684,28.22649999999995,0.5424999999999507,3.7
P009,CGP,3.9,27.471,27.753569397874873,0.2825693978748731,3.7
P009,CGP,4.0,27.221,27.280638795749798,0.059638795749798135,3.7
P009,CGP,4.1,26.936,26.80770819362472,-0.12829180637528026,3.7
P009,CGP,4.2,26.604,26.33477759149964,-0.26922240850035806,3.7
P009,CGP,4.3,26.205,25.861846989374563,-0.3431530106254357,3.7
P009,CGP,4.4,25.739,25.388916387249488,-0.35008361275051314,3.7
P009,CGP,4.5,25.234,24.91598578512441,-0.31801421487559267,3.7
P009,CGP,4.6,24.709,24.44305518299933,-0.2659448170006691,3.7
P009,CGP,4.7,24.171,23.970124580874252,-0.20087541912574736,3.7
P009,CGP,4.8,23.626,23.497193978749177,-0.1288060212508242,3.7
P009,CGP,4.9,23.071,23.0242633766241,-0.04673662337590301,3.7
P009,CGP,5.0,22.513,22.55133277449902,0.038332774499018285,3.7
P009,CGP,5.1,21.957,22.07840217237394,0.12140217237394069,3.7
P009,CGP,5.2,21.403,21.605471570248866,0.20247157024886775,3.7
P009,CGP,5.3,20.851,21.132540968123788,0.2815409681237888,3.7
P009,CGP,5.4,20.307,20.65961036599871,0.35261036599871076,3.7
P009,CGP,5.5,19.776,20.18667976387363,0.41067976387363103,3.7
P009,CGP,5.6,19.251,19.713749161748556,0.4627491617485546,3.7
P009,CGP,5.7,18.719,19.240818559623477,0.5218185596234761,3.7
P009,CGP,5.8,18.176,18.7678879574984,0.5918879574984004,3.7
P009,CGP,5.9,17.614,18.29495735537332,0.6809573553733195,3.7
P009,CGP,6.0,17.037,17.822026753248245,0.7850267532482462,3.7
P009,CGP,6.1,16.456,17.349096151123167,0.8930961511231672,3.7
P009,CGP,6.2,15.878,16.876165548998088,0.9981655489980881,3.7
P009,CGP,6.3,15.285,16.403234946873013,1.118234946873013,3.7
P009,CGP,6.4,14.656,15.930304344747935,1.274304344747934,3.7
P009,CGP,6.5,14.0,15.457373742622856,1.4573737426228561,3.7
P009,CGP,6.6,13.329,14.98444314049778,1.6554431404977787,3.7
P009,CGP,6.7,12.66,14.5115125383727,1.8515125383727007,3.7
P009,CGP,6.8,12.013,14.038581936247624,2.025581936247624,3.7
P009,CGP,6.9,11.4,13.565651334122546,2.165651334122545,3.7
P009,CGP,7.0,10.814,13.092720731997469,2.2787207319974687,3.7
P009,CGP,7.1,10.249,12.61979012987239,2.3707901298723897,3.7
P009,CGP,7.2,9.683,12.146859527747313,2.4638595277473136,3.7
P009,CGP,7.3,9.09,11.673928925622235,2.583928925622235,3.7
P009,CGP,7.4,8.466,11.200998323497158,2.734998323497159,3.7
P009,CGP,7.5,7.837,10.72806772137208,2.89106772137208,3.7
P009,CGP,7.6,7.229,10.255137119247003,3.026137119247003,3.7
P009,CGP,7.7,6.658,9.782206517121924,3.124206517121924,3.7
P009,CGP,7.8,6.123,9.309275914996848,3.1862759149968474,3.7
P009,CGP,7.9,5.641,8.836345312871769,3.195345312871769,3.7
P009,CGP,8.0,5.239,8.363414710746692,3.1244147107466924,3.7
P009,CGP,8.1,4.92,7.890484108621615,2.9704841086216147,3.7
P009,CGP,8.2,4.68,7.417553506496537,2.7375535064965373,3.7
P009,CGP,8.3,4.51,6.944622904371459,2.4346229043714596,3.7
P009,CGP,8.4,4.413,6.471692302246382,2.0586923022463814,3.7
P009,CGP,8.5,4.356,5.998761700121304,1.6427617001213042,3.7
P009,CGP,8.6,4.309,5.525831097996226,1.2168310979962262,3.7
P009,CGP,8.7,4.264,5.052900495871149,0.7889004958711485,3.7
P009,CGP,8.8,4.218,4.579969893746071,0.36196989374607114,3.7
P009,CGP,8.9,4.172,4.1070392916209935,-0.06496070837900625,3.7
P009,CGP,9.0,4.126,3.634108689495916,-0.4918913105040845,3.7
P009,CGP,9.1,4.079,3.161178087370838,-0.9178219126291616,3.7
P009,CGP,9.2,4.033,2.688247485245761,-1.3447525147542394,3.7
P009,CGP,9.3,3.987,2.2153168831206833,-1.7716831168793168,3.7
P009,CGP,9.4,3.941,1.7423862809956054,-2.1986137190043946,3.7
P009,CGP,9.5,3.896,1.269455678870528,-2.626544321129472,3.7
P009,CGP,9.6,3.85,0.7965250767454506,-3.0534749232545497,3.7
P009,CGP,9.7,3.804,0.32359447462037316,-3.4804055253796267,3.7
P009,CGP,9.8,3.759,0.0,-3.759,3.7
P009,CGP,9.9,3.714,0.0,-3.714,3.7
P009,CGP,10.0,3.669,0.0,-3.669,3.7
P009,CGP,10.1,3.624,0.0,-3.624,3.7
P009,CGP,10.2,3.58,0.0,-3.58,3.7
P009,CGP,10.3,3.536,0.0,-3.536,3.7
P009,CGP,10.4,3.492,0.0,-3.492,3.7
P009,CGP,10.5,3.448,0.0,-3.448,3.7
P009,CGP,10.6,3.405,0.0,-3.405,3.7
P009,CGP,10.7,3.362,0.0,-3.362,3.7
P009,CGP,10.8,3.32,0.0,-3.32,3.7
P009,CGP,10.9,3.278,0.0,-3.278,3.7
P009,CGP,11.0,3.237,0.0,-3.237,3.7
P009,CGP,11.1,3.196,0.0,-3.196,3.7
P009,CGP,11.2,3.156,0.0,-3.156,3.7
P009,CGP,11.3,3.116,0.0,-3.116,3.7
P009,CGP,11.4,3.076,0.0,-3.076,3.7
P009,CGP,11.5,3.037,0.0,-3.037,3.7
P009,CGP,11.6,2.999,0.0,-2.999,3.7
P009,CGP,11.7,2.961,0.0,-2.961,3.7
P009,CGP,11.8,2.924,0.0,-2.924,3.7
P009,CGP,11.9,2.887,0.0,-2.887,3.7
P009,CGP,12.0,2.851,0.0,-2.851,3.7
P009,CGP,12.1,2.816,0.0,-2.816,3.7
P009,CGP,12.2,2.781,0.0,-2.781,3.7
P009,CGP,12.3,2.74,0.0,-2.74,3.7
P009,CGP,12.4,2.691,0.0,-2.691,3.7
P009,CGP,12.5,2.634,0.0,-2.634,3.7
P009,CGP,12.6,2.57,0.0,-2.57,3.7
P009,CGP,12.7,2.497,0.0,-2.497,3.7
P009,CGP,12.8,2.441,0.0,-2.441,3.7
P009,CGP,12.9,2.402,0.0,-2.402,3.7
P009,CGP,13.0,2.377,0.0,-2.377,3.7
P009,CGP,13.1,2.363,0.0,-2.363,3.7
P009,CGP,13.2,2.356,0.0,-2.356,3.7
P009,CGP,13.3,2.356,0.0,-2.356,3.7
P009,CGP,13.4,2.36,0.0,-2.36,3.7
P009,CGP,13.5,2.368,0.0,-2.368,3.7
P009,CGP,13.6,2.381,0.0,-2.381,3.7
P009,CGP,13.7,2.399,0.0,-2.399,3.7
P009,CGP,13.8,2.422,0.0,-2.422,3.7
P009,CGP,13.9,2.452,0.0,-2.452,3.7
P009,CGP,14.0,2.487,0.0,-2.487,3.7
P009,CGP,14.1,2.531,0.0,-2.531,3.7
P009,CGP,14.2,2.586,0.0,-2.586,3.7
P009,CGP,14.3,2.653,0.0,-2.653,3.7
P009,CGP,14.4,2.731,0.0,-2.731,3.7
P009,CGP,14.5,2.813,0.0,-2.813,3.7
P009,CGP,14.6,2.881,0.0,-2.881,3.7
P009,CGP,14.7,2.924,0.0,-2.924,3.7
P009,CGP,14.8,2.937,0.0,-2.937,3.7
P009,CGP,14.9,2.927,0.0,-2.927,3.7
P009,CGP,15.0,2.905,0.0,-2.905,3.7
P009,CGP,15.1,2.878,0.0,-2.878,3.7
P009,CGP,15.2,2.848,0.0,-2.848,3.7
P009,CGP,15.3,2.819,0.0,-2.819,3.7
P009,CGP,15.4,2.789,0.0,-2.789,3.7
P009,CGP,15.5,2.76,0.0,-2.76,3.7
P009,CGP,15.6,2.731,0.0,-2.731,3.7
P009,CGP,15.7,2.702,0.0,-2.702,3.7
P009,CGP,15.8,2.674,0.0,-2.674,3.7
P009,CGP,15.9,2.646,0.0,-2.646,3.7
P009,CGP,16.0,2.618,0.0,-2.618,3.7
P009,CGP,16.1,2.59,0.0,-2.59,3.7
P009,CGP,16.2,2.563,0.0,-2.563,3.7
P009,CGP,16.3,2.537,0.0,-2.537,3.7
P009,CGP,16.4,2.51,0.0,-2.51,3.7
P009,CGP,16.5,2.484,0.0,-2.484,3.7
P009,CGP,16.6,2.458,0.0,-2.458,3.7
P009,CGP,16.7,2.433,0.0,-2.433,3.7
P009,CGP,16.8,2.407,0.0,-2.407,3.7
P009,CGP,16.9,2.382,0.0,-2.382,3.7
P009,CGP,17.0,2.357,0.0,-2.357,3.7
P009,CGP,17.1,2.333,0.0,-2.333,3.7
P009,CGP,17.2,2.309,0.0,-2.309,3.7
P009,CGP,17.3,2.285,0.0,-2.285,3.7
P009,CGP,17.4,2.262,0.0,-2.262,3.7
P009,CGP,17.5,2.24,0.0,-2.24,3.7
P009,CGP,17.6,2.218,0.0,-2.218,3.7
P009,CGP,17.7,2.196,0.0,-2.196,3.7
P009,CGP,17.8,2.18,0.0,-2.18,3.7
P009,CGP,17.9,2.173,0.0,-2.173,3.7
P010,ConstDecel,0.0,30.349,30.349,0.0,3.7
P010,ConstDecel,0.1,30.257,30.147708614736935,-0.10929138526306659,3.7
P010,ConstDecel,0.2,30.165,29.946417229473866,-0.21858277052613317,3.7
P010,ConstDecel,0.3,30.072,29.7451258442108,-0.32687415578919854,3.7
P010,ConstDecel,0.4,29.98,29.543834458947735,-0.4361655410522651,3.7
P010,ConstDecel,0.5,29.888,29.34254307368467,-0.5454569263153317,3.7
P010,ConstDecel,0.6,29.797,29.141251688421608,-0.6557483115783924,3.7
P010,ConstDecel,0.7,29.705,28.93996030315854,-0.765039696841459,3.7
P010,ConstDecel,0.8,29.613,28.738668917895474,-0.8743310821045256,3.7
P010,ConstDecel,0.9,29.522,28.53737753263241,-0.9846224673675898,3.7
P010,ConstDecel,1.0,29.431,28.336086147369343,-1.0949138526306577,3.7
P010,ConstDecel,1.1,29.34,28.134794762106274,-1.2052052378937255,3.7
P010,ConstDecel,1.2,29.249,27.93350337684321,-1.3154966231567897,3.7
P010,ConstDecel,1.3,29.158,27.732211991580144,-1.4257880084198575,3.7
P010,ConstDecel,1.4,29.068,27.530920606317075,-1.5370793936829266,3.7
P010,ConstDecel,1.5,28.977,27.329629221054017,-1.6473707789459837,3.7
P010,ConstDecel,1.6,28.887,27.128337835790948,-1.7586621642090527,3.7
P010,ConstDecel,1.7,28.797,26.927046450527882,-1.8699535494721182,3.7
P010,ConstDecel,1.8,28.707,26.725755065264817,-1.9812449347351837,3.7
P010,ConstDecel,1.9,28.617,26.524463680001748,-2.0925363199982527,3.7
P010,ConstDecel,2.0,28.527,26.323172294738683,-2.203827705261318,3.7
P010,ConstDecel,2.1,28.437,26.121880909475617,-2.3151190905243837,3.7
P010,ConstDecel,2.2,28.348,25.920589524212552,-2.427410475787447,3.7
P010,ConstDecel,2.3,28.259,25.719298138949483,-2.539701861050517,3.7
P010,ConstDecel,2.4,28.169,25.518006753686418,-2.6509932463135826,3.7
P010,ConstDecel,2.5,28.08,25.316715368423353,-2.7632846315766457,3.7
P010,ConstDecel,2.6,27.991,25.11542398316029,-2.875576016839709,3.7
P010,ConstDecel,2.7,27.903,24.914132597897225,-2.9888674021027732,3.7
P010,ConstDecel,2.8,27.814,24.712841212634157,-3.1011587873658435,3.7
P010,ConstDecel,2.9,27.726,24.51154982737109,-3.214450172628908,3.7
P010,ConstDecel,3.0,27.637,24.310258442108026,-3.3267415578919746,3.7
P010,ConstDecel,3.1,27.549,24.108967056844957,-3.4400329431550425,3.7
P010,ConstDecel,3.2,27.461,23.90767567158189,-3.553324328418107,3.7
P010,ConstDecel,3.3,27.373,23.706384286318826,-3.666615713681175,3.7
P010,ConstDecel,3.4,27.285,23.505092901055765,-3.7799070989442356,3.7
P010,ConstDecel,3.5,27.197,23.3038015157927,-3.8931984842073,3.7
P010,ConstDecel,3.6,27.104,23.10251013052963,-4.001489869470369,3.7
P010,ConstDecel,3.7,26.968,22.901218745266565,-4.066781254733435,3.7
P010,ConstDecel,3.8,26.765,22.6999273600035,-4.065072639996501,3.7
P010,ConstDecel,3.9,26.493,22.498635974740434,-3.9943640252595642,3.7
P010,ConstDecel,4.0,26.163,22.297344589477365,-3.865655410522635,3.7
P010,ConstDecel,4.1,25.784,22.0960532042143,-3.687946795785699,3.7
P010,ConstDecel,4.2,25.36,21.894761818951235,-3.4652381810487647,3.7
P010,ConstDecel,4.3,24.894,21.693470433688166,-3.2005295663118325,3.7
P010,ConstDecel,4.4,24.398,21.4921790484251,-2.905820951574899,3.7
P010,ConstDecel,4.5,23.882,21.29088766316204,-2.5911123368379627,3.7
P010,ConstDecel,4.6,23.346,21.089596277898973,-2.2564037221010267,3.7
P010,ConstDecel,4.7,22.794,20.888304892635908,-1.9056951073640924,3.7
P010,ConstDecel,4.8,22.234,20.68701350737284,-1.5469864926271626,3.7
P010,ConstDecel,4.9,21.67,20.485722122109774,-1.1842778778902279,3.7
P010,ConstDecel,5.0,21.102,20.28443073684671,-0.8175692631532918,3.7
P010,ConstDecel,5.1,20.531,20.083139351583643,-0.44786064841635564,3.7
P010,ConstDecel,5.2,19.97,19.881847966320574,-0.08815203367942459,3.7
P010,ConstDecel,5.3,19.414,19.68055658105751,0.26655658105750746,3.7
P010,ConstDecel,5.4,18.86,19.479265195794444,0.6192651957944442,3.7
P010,ConstDecel,5.5,18.306,19.27797381053138,0.9719738105313773,3.7
P010,ConstDecel,5.6,17.75,19.076682425268313,1.326682425268313,3.7
P010,ConstDecel,5.7,17.193,18.875391040005248,1.6823910400052462,3.7
P010,ConstDecel,5.8,16.634,18.674099654742182,2.040099654742182,3.7
P010,ConstDecel,5.9,16.075,18.472808269479117,2.3978082694791176,3.7
P010,ConstDecel,6.0,15.515,18.271516884216048,2.7565168842160475,3.7
P010,ConstDecel,6.1,14.947,18.070225498952983,3.1232254989529835,3.7
P010,ConstDecel,6.2,14.37,17.868934113689917,3.498934113689918,3.7
P010,ConstDecel,6.3,13.789,17.667642728426852,3.8786427284268523,3.7
P010,ConstDecel,6.4,13.207,17.466351343163787,4.259351343163786,3.7
P010,ConstDecel,6.5,12.624,17.26505995790072,4.641059957900721,3.7
P010,ConstDecel,6.6,12.054,17.063768572637652,5.009768572637652,3.7
P010,ConstDecel,6.7,11.498,16.862477187374587,5.364477187374588,3.7
P010,ConstDecel,6.8,10.952,16.661185802111525,5.709185802111525,3.7
P010,ConstDecel,6.9,10.421,16.459894416848456,6.038894416848457,3.7
P010,ConstDecel,7.0,9.912,16.25860303158539,6.34660303158539,3.7
P010,ConstDecel,7.1,9.451,16.057311646322326,6.606311646322325,3.7
P010,ConstDecel,7.2,9.062,15.856020261059259,6.794020261059259,3.7
P010,ConstDecel,7.3,8.737,15.654728875796195,6.917728875796195,3.7
P010,ConstDecel,7.4,8.473,15.453437490533128,6.980437490533127,3.7
P010,ConstDecel,7.5,8.28,15.252146105270063,6.972146105270063,3.7
P010,ConstDecel,7.6,8.157,15.050854720006996,6.8938547200069955,3.7
P010,ConstDecel,7.7,8.06,14.84956333474393,6.78956333474393,3.7
P010,ConstDecel,7.8,7.969,14.648271949480865,6.679271949480865,3.7
P010,ConstDecel,7.9,7.876,14.4469805642178,6.570980564217799,3.7
P010,ConstDecel,8.0,7.795,14.245689178954732,6.4506891789547325,3.7
P010,ConstDecel,8.1,7.724,14.044397793691667,6.320397793691667,3.7
P010,ConstDecel,8.2,7.657,13.843106408428604,6.1861064084286035,3.7
P010,ConstDecel,8.3,7.593,13.641815023165535,6.048815023165535,3.7
P010,ConstDecel,8.4,7.529,13.44052363790247,5.911523637902469,3.7
P010,ConstDecel,8.5,7.466,13.239232252639404,5.773232252639404,3.7
P010,ConstDecel,8.6,7.403,13.037940867376337,5.634940867376337,3.7
P010,ConstDecel,8.7,7.341,12.836649482113273,5.495649482113273,3.7
P010,ConstDecel,8.8,7.278,12.635358096850204,5.357358096850205,3.7
P010,ConstDecel,8.9,7.217,12.43406671158714,5.217066711587141,3.7
P010,ConstDecel,9.0,7.155,12.232775326324074,5.0777753263240735,3.7
P010,ConstDecel,9.1,7.094,12.031483941061008,4.937483941061008,3.7
P010,ConstDecel,9.2,7.033,11.830192555797945,4.7971925557979445,3.7
P010,ConstDecel,9.3,6.972,11.628901170534876,4.6569011705348755,3.7
P010,ConstDecel,9.4,6.912,11.427609785271812,4.5156097852718124,3.7
P010,ConstDecel,9.5,6.852,11.226318400008745,4.374318400008745,3.7
P010,ConstDecel,9.6,6.792,11.025027014745678,4.233027014745678,3.7
P010,ConstDecel,9.7,6.733,10.823735629482615,4.090735629482615,3.7
P010,ConstDecel,9.8,6.674,10.622444244219546,3.9484442442195453,3.7
P010,ConstDecel,9.9,6.615,10.421152858956482,3.806152858956482,3.7
P010,ConstDecel,10.0,6.556,10.219861473693417,3.6638614736934167,3.7
P010,ConstDecel,10.1,6.498,10.01857008843035,3.5205700884303495,3.7
P010,ConstDecel,10.2,6.44,9.817278703167286,3.3772787031672857,3.7
P010,ConstDecel,10.3,6.382,9.615987317904217,3.2339873179042176,3.7
P010,ConstDecel,10.4,6.324,9.414695932641154,3.090695932641154,3.7
P010,ConstDecel,10.5,6.267,9.213404547378087,2.946404547378086,3.7
P010,ConstDecel,10.6,6.21,9.012113162115021,2.8021131621150213,3.7
P010,ConstDecel,10.7,6.153,8.810821776851956,2.6578217768519563,3.7
P010,ConstDecel,10.8,6.097,8.609530391588889,2.5125303915888884,3.7
P010,ConstDecel,10.9,6.04,8.408239006325823,2.3682390063258234,3.7
P010,ConstDecel,11.0,5.984,8.206947621062758,2.222947621062758,3.7
P010,ConstDecel,11.1,5.929,8.005656235799691,2.0766562357996907,3.7
P010,ConstDecel,11.2,5.873,7.804364850536625,1.9313648505366245,3.7
P010,ConstDecel,11.3,5.818,7.6030734652735585,1.785073465273559,3.7
P010,ConstDecel,11.4,5.763,7.401782080010492,1.6387820800104924,3.7
P010,ConstDecel,11.5,5.708,7.2004906947474305,1.4924906947474303,3.7
P010,ConstDecel,11.6,5.654,6.999199309484364,1.3451993094843644,3.7
P010,ConstDecel,11.7,5.6,6.797907924221298,1.1979079242212984,3.7
P010,ConstDecel,11.8,5.546,6.596616538958232,1.0506165389582316,3.7
P010,ConstDecel,11.9,5.492,6.395325153695166,0.9033251536951656,3.7
P010,ConstDecel,12.0,5.439,6.194033768432099,0.7550337684320994,3.7
P010,ConstDecel,12.1,5.386,5.992742383169033,0.6067423831690331,3.7
P010,ConstDecel,12.2,5.333,5.791450997905967,0.4584509979059668,3.7
P010,ConstDecel,12.3,5.281,5.590159612642901,0.30915961264290104,3.7
P010,ConstDecel,12.4,5.229,5.388868227379834,0.15986822737983353,3.7
P010,ConstDecel,12.5,5.177,5.187576842116767,0.010576842116767793,3.7
P010,ConstDecel,12.6,5.126,4.9862854568537065,-0.13971454314629383,3.7
P010,ConstDecel,12.7,5.075,4.78499407159064,-0.2900059284093599,3.7
P010,ConstDecel,12.8,5.024,4.583702686327573,-0.44029731367242686,3.7
P010,ConstDecel,12.9,4.974,4.382411301064507,-0.5915886989354933,3.7
P010,ConstDecel,13.0,4.923,4.181119915801441,-0.7418800841985593,3.7
P010,ConstDecel,13.1,4.874,3.9798285305383745,-0.8941714694616252,3.7
P010,ConstDecel,13.2,4.824,3.7785371452753083,-1.0454628547246916,3.7
P010,ConstDecel,13.3,4.774,3.577245760012242,-1.196754239987758,3.7
P010,ConstDecel,13.4,4.725,3.375954374749176,-1.3490456252508238,3.7
P010,ConstDecel,13.5,4.676,3.174662989486114,-1.5013370105138861,3.7
P010,ConstDecel,13.6,4.627,2.973371604223048,-1.653628395776952,3.7
P010,ConstDecel,13.7,4.579,2.7720802189599816,-1.8069197810400182,3.7
P010,ConstDecel,13.8,4.531,2.5707888336969154,-1.9602111663030843,3.7
P010,ConstDecel,13.9,4.482,2.3694974484338487,-2.1125025515661515,3.7
P010,ConstDecel,14.0,4.435,2.1682060631707825,-2.266793936829217,3.7
P010,ConstDecel,14.1,4.387,1.9669146779077162,-2.4200853220922833,3.7
P010,ConstDecel,14.2,4.339,1.7656232926446498,-2.573376707355351,3.7
P010,ConstDecel,14.3,4.292,1.5643319073815836,-2.7276680926184165,3.7
P010,ConstDecel,14.4,4.245,1.3630405221185173,-2.881959477881483,3.7
P010,ConstDecel,14.5,4.198,1.161749136855451,-3.0362508631445495,3.7
P010,ConstDecel,14.6,4.151,0.9604577515923894,-3.1905422484076102,3.7
P010,ConstDecel,14.7,4.105,0.7591663663293231,-3.3458336336706775,3.7
P010,ConstDecel,14.8,4.058,0.5578749810662568,-3.500125018933743,3.7
P010,ConstDecel,14.9,4.012,0.3565835958031905,-3.655416404196809,3.7
P010,ConstDecel,15.0,3.966,0.15529221054012415,-3.810707789459876,3.7
P010,ConstDecel,15.1,3.92,0.0,-3.92,3.7
P010,ConstDecel,15.2,3.874,0.0,-3.874,3.7
P010,ConstDecel,15.3,3.828,0.0,-3.828,3.7
P010,ConstDecel,15.4,3.783,0.0,-3.783,3.7
P010,ConstDecel,15.5,3.738,0.0,-3.738,3.7
P010,ConstDecel,15.6,3.693,0.0,-3.693,3.7
P010,ConstDecel,15.7,3.648,0.0,-3.648,3.7
P010,ConstDecel,15.8,3.604,0.0,-3.604,3.7
P010,ConstDecel,15.9,3.561,0.0,-3.561,3.7
P010,ConstDecel,16.0,3.517,0.0,-3.517,3.7
P010,ConstDecel,16.1,3.479,0.0,-3.479,3.7
P010,ConstDecel,16.2,3.475,0.0,-3.475,3.7
P010,SafeEnv,0.0,30.349,30.349,0.0,3.7
P010,SafeEnv,0.1,30.257,30.349,0.09199999999999875,3.7
P010,SafeEnv,0.2,30.165,30.349,0.18400000000000105,3.7
P010,SafeEnv,0.3,30.072,30.349,0.277000000000001,3.7
P010,SafeEnv,0.4,29.98,30.349,0.3689999999999998,3.7
P010,SafeEnv,0.5,29.888,30.349,0.4609999999999985,3.7
P010,SafeEnv,0.6,29.797,30.349,0.5519999999999996,3.7
P010,SafeEnv,0.7,29.705,30.349,0.6440000000000019,3.7
P010,SafeEnv,0.8,29.613,30.349,0.7360000000000007,3.7
P010,SafeEnv,0.9,29.522,30.349,0.8270000000000017,3.7
P010,SafeEnv,1.0,29.431,30.349,0.9179999999999993,3.7
P010,SafeEnv,1.1,29.34,30.349,1.0090000000000003,3.7
P010,SafeEnv,1.2,29.249,30.349,1.1000000000000014,3.7
P010,SafeEnv,1.3,29.158,30.349,1.190999999999999,3.7
P010,SafeEnv,1.4,29.068,30.349,1.2809999999999988,3.7
P010,SafeEnv,1.5,28.977,30.349,1.3719999999999999,3.7
P010,SafeEnv,1.6,28.887,30.349,1.4619999999999997,3.7
P010,SafeEnv,1.7,28.797,30.349,1.5519999999999996,3.7
P010,SafeEnv,1.8,28.707,30.349,1.6419999999999995,3.7
P010,SafeEnv,1.9,28.617,30.349,1.7319999999999993,3.7
P010,SafeEnv,2.0,28.527,30.349,1.8219999999999992,3.7
P010,SafeEnv,2.1,28.437,30.349,1.911999999999999,3.7
P010,SafeEnv,2.2,28.348,30.349,2.0010000000000012,3.7
P010,SafeEnv,2.3,28.259,30.349,2.09,3.7
P010,SafeEnv,2.4,28.169,30.349,2.1799999999999997,3.7
P010,SafeEnv,2.5,28.08,30.349,2.269000000000002,3.7
P010,SafeEnv,2.6,27.991,30.349,2.3580000000000005,3.7
P010,SafeEnv,2.7,27.903,30.349,2.4460000000000015,3.7
P010,SafeEnv,2.8,27.814,30.349,2.535,3.7
P010,SafeEnv,2.9,27.726,30.349,2.623000000000001,3.7
P010,SafeEnv,3.0,27.637,30.349,2.7119999999999997,3.7
P010,SafeEnv,3.1,27.549,30.349,2.8000000000000007,3.7
P010,SafeEnv,3.2,27.461,30.349,2.8880000000000017,3.7
P010,SafeEnv,3.3,27.373,30.349,2.975999999999999,3.7
P010,SafeEnv,3.4,27.285,30.349,3.064,3.7
P010,SafeEnv,3.5,27.197,30.349,3.152000000000001,3.7
P010,SafeEnv,3.6,27.104,30.349,3.245000000000001,3.7
P010,SafeEnv,3.7,26.968,30.349,3.3810000000000002,3.7
P010,SafeEnv,3.8,26.765,30.349,3.5839999999999996,3.7
P010,SafeEnv,3.9,26.493,30.349,3.8560000000000016,3.7
P010,SafeEnv,4.0,26.163,30.349,4.186,3.7
P010,SafeEnv,4.1,25.784,30.349,4.565000000000001,3.7
P010,SafeEnv,4.2,25.36,30.349,4.989000000000001,3.7
P010,SafeEnv,4.3,24.894,30.349,5.455000000000002,3.7
P010,SafeEnv,4.4,24.398,30.349,5.9510000000000005,3.7
P010,SafeEnv,4.5,23.882,30.349,6.466999999999999,3.7
P010,SafeEnv,4.6,23.346,30.349,7.003,3.7
P010,SafeEnv,4.7,22.794,30.349,7.555,3.7
P010,SafeEnv,4.8,22.234,30.349,8.114999999999998,3.7
P010,SafeEnv,4.9,21.67,30.349,8.678999999999998,3.7
P010,SafeEnv,5.0,21.102,30.349,9.247,3.7
P010,SafeEnv,5.1,20.531,30.349,9.818000000000001,3.7
P010,SafeEnv,5.2,19.97,30.349,10.379000000000001,3.7
P010,SafeEnv,5.3,19.414,30.349,10.934999999999999,3.7
P010,SafeEnv,5.4,18.86,29.76319321591761,10.90319321591761,3.7
P010,SafeEnv,5.5,18.306,29.08918358905111,10.78318358905111,3.7
P010,SafeEnv,5.6,17.75,28.415354840841218,10.665354840841218,3.7
P010,SafeEnv,5.7,17.193,27.741715496526183,10.548715496526182,3.7
P010,SafeEnv,5.8,16.634,27.068274695922934,10.434274695922934,3.7
P010,SafeEnv,5.9,16.075,26.395042253745594,10.320042253745594,3.7
P010,SafeEnv,6.0,15.515,25.722028727487906,10.207028727487906,3.7
P010,SafeEnv,6.1,14.947,25.04924549403423,10.102245494034232,3.7
P010,SafeEnv,6.2,14.37,24.376704836377687,10.006704836377688,3.7
P010,SafeEnv,6.3,13.789,23.704420042084585,9.915420042084586,3.7
P010,SafeEnv,6.4,13.207,23.032405515461857,9.825405515461856,3.7
P010,SafeEnv,6.5,12.624,22.36067690577458,9.736676905774578,3.7
P010,SafeEnv,6.6,12.054,21.689251254341944,9.635251254341943,3.7
P010,SafeEnv,6.7,11.498,21.018147163938288,9.520147163938288,3.7
P010,SafeEnv,6.8,10.952,20.34738499467012,9.395384994670119,3.7
P010,SafeEnv,6.9,10.421,19.67698709143852,9.25598709143852,3.7
P010,SafeEnv,7.0,9.912,19.006978049279752,9.094978049279751,3.7
P010,SafeEnv,7.1,9.451,18.3373850243853,8.886385024385298,3.7
P010,SafeEnv,7.2,9.062,17.66823810053716,8.60623810053716,3.7
P010,SafeEnv,7.3,8.737,16.99957072319519,8.262570723195191,3.7
P010,SafeEnv,7.4,8.473,16.3314202167341,7.858420216734098,3.7
P010,SafeEnv,7.5,8.28,15.663828404616062,7.383828404616063,3.7
P010,SafeEnv,7.6,8.157,14.996842357982889,6.839842357982889,3.7
P010,SafeEnv,7.7,8.06,14.330515305792838,6.270515305792838,3.7
P010,SafeEnv,7.8,7.969,13.664907749997122,5.695907749997121,3.7
P010,SafeEnv,7.9,7.876,13.00008884348316,5.12408884348316,3.7
P010,SafeEnv,8.0,7.795,12.336138108303297,4.541138108303297,3.7
P010,SafeEnv,8.1,7.724,11.67314759960717,3.949147599607169,3.7
P010,SafeEnv,8.2,7.657,11.011224660627594,3.354224660627594,3.7
P010,SafeEnv,8.3,7.593,10.35049547216535,2.757495472165351,3.7
P010,SafeEnv,8.4,7.529,9.691109686068202,2.1621096860682023,3.7
P010,SafeEnv,8.5,7.466,9.033246562199915,1.567246562199915,3.7
P010,SafeEnv,8.6,7.403,8.377123229105907,0.9741232291059072,3.7
P010,SafeEnv,8.7,7.341,7.723006006032694,0.38200600603269397,3.7
P010,SafeEnv,8.8,7.278,7.071226239715506,-0.20677376028449324,3.7
P010,SafeEnv,8.9,7.217,6.4222029728729595,-0.7947970271270401,3.7
P010,SafeEnv,9.0,7.155,5.776476256950996,-1.378523743049004,3.7
P010,SafeEnv,9.1,7.094,5.1347576132847195,-1.9592423867152808,3.7
P010,SafeEnv,9.2,7.033,4.498009207221369,-2.5349907927786317,3.7
P010,SafeEnv,9.3,6.972,3.8675733007107302,-3.10442669928927,3.7
P010,SafeEnv,9.4,6.912,3.2453944772351093,-3.6666055227648906,3.7
P010,SafeEnv,9.5,6.852,2.6344238699517137,-4.217576130048286,3.7
P010,SafeEnv,9.6,6.792,2.0394067555269224,-4.752593244473077,3.7
P010,SafeEnv,9.7,6.733,1.4685436360035682,-5.264456363996431,3.7
P010,SafeEnv,9.8,6.674,0.9372854108850182,-5.736714589114982,3.7
P010,SafeEnv,9.9,6.615,0.47722451563356594,-6.1377754843664345,3.7
P010,SafeEnv,10.0,6.556,0.15041932717720854,-6.405580672822792,3.7
P010,SafeEnv,10.1,6.498,0.016395257644746607,-6.481604742355254,3.7
P010,SafeEnv,10.2,6.44,0.00019709479231022622,-6.43980290520769,3.7
P010,SafeEnv,10.3,6.382,2.8487853894047663e-08,-6.381999971512146,3.7
P010,SafeEnv,10.4,6.324,0.0,-6.324,3.7
P010,SafeEnv,10.5,6.267,0.0,-6.267,3.7
P010,SafeEnv,10.6,6.21,0.0,-6.21,3.7
P010,SafeEnv,10.7,6.153,0.0,-6.153,3.7
P010,SafeEnv,10.8,6.097,0.0,-6.097,3.7
P010,SafeEnv,10.9,6.04,0.0,-6.04,3.7
P010,SafeEnv,11.0,5.984,0.0,-5.984,3.7
P010,SafeEnv,11.1,5.929,0.0,-5.929,3.7
P010,SafeEnv,11.2,5.873,0.0,-5.873,3.7
P010,SafeEnv,11.3,5.818,0.0,-5.818,3.7
P010,SafeEnv,11.4,5.763,0.0,-5.763,3.7
P010,SafeEnv,11.5,5.708,0.0,-5.708,3.7
P010,SafeEnv,11.6,5.654,0.0,-5.654,3.7
P010,SafeEnv,11.7,5.6,0.0,-5.6,3.7
P010,SafeEnv,11.8,5.546,0.0,-5.546,3.7
P010,SafeEnv,11.9,5.492,0.0,-5.492,3.7
P010,SafeEnv,12.0,5.439,0.0,-5.439,3.7
P010,SafeEnv,12.1,5.386,0.0,-5.386,3.7
P010,SafeEnv,12.2,5.333,0.0,-5.333,3.7
P010,SafeEnv,12.3,5.281,0.0,-5.281,3.7
P010,SafeEnv,12.4,5.229,0.0,-5.229,3.7
P010,SafeEnv,12.5,5.177,0.0,-5.177,3.7
P010,SafeEnv,12.6,5.126,0.0,-5.126,3.7
P010,SafeEnv,12.7,5.075,0.0,-5.075,3.7
P010,SafeEnv,12.8,5.024,0.0,-5.024,3.7
P010,SafeEnv,12.9,4.974,0.0,-4.974,3.7
P010,SafeEnv,13.0,4.923,0.0,-4.923,3.7
P010,SafeEnv,13.1,4.874,0.0,-4.874,3.7
P010,SafeEnv,13.2,4.824,0.0,-4.824,3.7
P010,SafeEnv,13.3,4.774,0.0,-4.774,3.7
P010,SafeEnv,13.4,4.725,0.0,-4.725,3.7
P010,SafeEnv,13.5,4.676,0.0,-4.676,3.7
P010,SafeEnv,13.6,4.627,0.0,-4.627,3.7
P010,SafeEnv,13.7,4.579,0.0,-4.579,3.7
P010,SafeEnv,13.8,4.531,0.0,-4.531,3.7
P010,SafeEnv,13.9,4.482,0.0,-4.482,3.7
P010,SafeEnv,14.0,4.435,0.0,-4.435,3.7
P010,SafeEnv,14.1,4.387,0.0,-4.387,3.7
P010,SafeEnv,14.2,4.339,0.0,-4.339,3.7
P010,SafeEnv,14.3,4.292,0.0,-4.292,3.7
P010,SafeEnv,14.4,4.245,0.0,-4.245,3.7
P010,SafeEnv,14.5,4.198,0.0,-4.198,3.7
P010,SafeEnv,14.6,4.151,0.0,-4.151,3.7
P010,SafeEnv,14.7,4.105,0.0,-4.105,3.7
P010,SafeEnv,14.8,4.058,0.0,-4.058,3.7
P010,SafeEnv,14.9,4.012,0.0,-4.012,3.7
P010,SafeEnv,15.0,3.966,0.0,-3.966,3.7
P010,SafeEnv,15.1,3.92,0.0,-3.92,3.7
P010,SafeEnv,15.2,3.874,0.0,-3.874,3.7
P010,SafeEnv,15.3,3.828,0.0,-3.828,3.7
P010,SafeEnv,15.4,3.783,0.0,-3.783,3.7
P010,SafeEnv,15.5,3.738,0.0,-3.738,3.7
P010,SafeEnv,15.6,3.693,0.0,-3.693,3.7
P010,SafeEnv,15.7,3.648,0.0,-3.648,3.7
P010,SafeEnv,15.8,3.604,0.0,-3.604,3.7
P010,SafeEnv,15.9,3.561,0.0,-3.561,3.7
P010,SafeEnv,16.0,3.517,0.0,-3.517,3.7
P010,SafeEnv,16.1,3.479,0.0,-3.479,3.7
P010,SafeEnv,16.2,3.475,0.0,-3.475,3.7
P010,CGP,0.0,30.349,30.349,0.0,3.7
P010,CGP,0.1,30.257,30.25634090909091,-0.0006590909090924413,3.7
P010,CGP,0.2,30.165,30.163681818181818,-0.0013181818181813298,3.7
P010,CGP,0.3,30.072,30.071022727272727,-0.000977272727272549,3.7
P010,CGP,0.4,29.98,29.97836363636364,-0.0016363636363614376,3.7
P010,CGP,0.5,29.888,29.885704545454548,-0.002295454545453879,3.7
P010,CGP,0.6,29.797,29.793045454545457,-0.0039545454545439895,3.7
P010,CGP,0.7,29.705,29.700386363636365,-0.004613636363632878,3.7
P010,CGP,0.8,29.613,29.607727272727274,-0.005272727272725319,3.7
P010,CGP,0.9,29.522,29.515068181818187,-0.006931818181811877,3.7
P010,CGP,1.0,29.431,29.422409090909095,-0.00859090909090554,3.7
P010,CGP,1.1,29.34,29.329750000000004,-0.010249999999995651,3.7
P010,CGP,1.2,29.249,29.237090909090913,-0.011909090909085762,3.7
P010,CGP,1.3,29.158,29.144431818181822,-0.013568181818179426,3.7
P010,CGP,1.4,29.068,29.05177272727273,-0.01622727272727076,3.7
P010,CGP,1.5,28.977,28.959113636363643,-0.017886363636357316,3.7
P010,CGP,1.6,28.887,28.866454545454552,-0.02054545454544865,3.7
P010,CGP,1.7,28.797,28.77379545454546,-0.023204545454539982,3.7
P010,CGP,1.8,28.707,28.68113636363637,-0.025863636363631315,3.7
P010,CGP,1.9,28.617,28.58847727272728,-0.028522727272722648,3.7
P010,CGP,2.0,28.527,28.49581818181819,-0.031181818181810428,3.7
P010,CGP,2.1,28.437,28.4031590909091,-0.03384090909090176,3.7
P010,CGP,2.2,28.348,28.310500000000008,-0.03749999999999076,3.7
P010,CGP,2.3,28.259,28.217840909090917,-0.04115909090908332,3.7
P010,CGP,2.4,28.169,28.125181818181826,-0.04381818181817465,3.7
P010,CGP,2.5,28.08,28.032522727272735,-0.04747727272726365,3.7
P010,CGP,2.6,27.991,27.939863636363647,-0.051136363636352655,3.7
P010,CGP,2.7,27.903,27.847204545454556,-0.05579545454544288,3.7
P010,CGP,2.8,27.814,27.754545454545465,-0.059454545454535435,3.7
P010,CGP,2.9,27.726,27.661886363636373,-0.06411363636362566,3.7
P010,CGP,3.0,27.637,27.569227272727282,-0.06777272727271821,3.7
P010,CGP,3.1,27.549,27.476568181818195,-0.07243181818180489,3.7
P010,CGP,3.2,27.461,27.383909090909103,-0.07709090909089511,3.7
P010,CGP,3.3,27.373,27.291250000000012,-0.08174999999998889,3.7
P010,CGP,3.4,27.285,27.19859090909092,-0.08640909090907911,3.7
P010,CGP,3.5,27.197,27.10593181818183,-0.09106818181816934,3.7
P010,CGP,3.6,27.104,27.01327272727274,-0.09072727272726056,3.7
P010,CGP,3.7,26.968,26.92061363636365,-0.04738636363634896,3.7
P010,CGP,3.8,26.765,26.53300064401013,-0.23199935598987054,3.7
P010,CGP,3.9,26.493,26.14538765165661,-0.3476123483433895,3.7
P010,CGP,4.0,26.163,25.757774659303088,-0.4052253406969122,3.7
P010,CGP,4.1,25.784,25.370161666949567,-0.41383833305043183,3.7
P010,CGP,4.2,25.36,24.982548674596046,-0.3774513254039533,3.7
P010,CGP,4.3,24.894,24.594935682242525,-0.2990643177574732,3.7
P010,CGP,4.4,24.398,24.207322689889004,-0.19067731011099553,3.7
P010,CGP,4.5,23.882,23.819709697535483,-0.06229030246451828,3.7
P010,CGP,4.6,23.346,23.43209670518196,0.08609670518195855,3.7
P010,CGP,4.7,22.794,23.044483712828438,0.2504837128284372,3.7
P010,CGP,4.8,22.234,22.656870720474917,0.4228707204749149,3.7
P010,CGP,4.9,21.67,22.269257728121396,0.599257728121394,3.7
P010,CGP,5.0,21.102,21.881644735767875,0.7796447357678744,3.7
P010,CGP,5.1,20.531,21.494031743414354,0.9630317434143549,3.7
P010,CGP,5.2,19.97,21.106418751060833,1.136418751060834,3.7
P010,CGP,5.3,19.414,20.718805758707312,1.3048057587073103,3.7
P010,CGP,5.4,18.86,20.33119276635379,1.4711927663537914,3.7
P010,CGP,5.5,18.306,19.94357977400027,1.6375797740002689,3.7
P010,CGP,5.6,17.75,19.55596678164675,1.8059667816467488,3.7
P010,CGP,5.7,17.193,19.168353789293228,1.9753537892932265,3.7
P010,CGP,5.8,16.634,18.780740796939707,2.1467407969397065,3.7
P010,CGP,5.9,16.075,18.393127804586186,2.3181278045861866,3.7
P010,CGP,6.0,15.515,18.005514812232665,2.4905148122326644,3.7
P010,CGP,6.1,14.947,17.617901819879144,2.6709018198791448,3.7
P010,CGP,6.2,14.37,17.230288827525623,2.8602888275256237,3.7
P010,CGP,6.3,13.789,16.842675835172102,3.0536758351721023,3.7
P010,CGP,6.4,13.207,16.45506284281858,3.2480628428185803,3.7
P010,CGP,6.5,12.624,16.06744985046506,3.4434498504650595,3.7
P010,CGP,6.6,12.054,15.67983685811154,3.6258368581115406,3.7
P010,CGP,6.7,11.498,15.29222386575802,3.7942238657580205,3.7
P010,CGP,6.8,10.952,14.904610873404499,3.952610873404499,3.7
P010,CGP,6.9,10.421,14.516997881050978,4.0959978810509785,3.7
P010,CGP,7.0,9.912,14.129384888697457,4.217384888697456,3.7
P010,CGP,7.1,9.451,13.741771896343936,4.290771896343935,3.7
P010,CGP,7.2,9.062,13.354158903990413,4.292158903990414,3.7
P010,CGP,7.3,8.737,12.966545911636892,4.229545911636892,3.7
P010,CGP,7.4,8.473,12.578932919283371,4.1059329192833705,3.7
P010,CGP,7.5,8.28,12.19131992692985,3.911319926929851,3.7
P010,CGP,7.6,8.157,11.80370693457633,3.646706934576329,3.7
P010,CGP,7.7,8.06,11.416093942222808,3.3560939422228078,3.7
P010,CGP,7.8,7.969,11.028480949869287,3.059480949869287,3.7
P010,CGP,7.9,7.876,10.640867957515768,2.7648679575157677,3.7
P010,CGP,8.0,7.795,10.253254965162249,2.458254965162249,3.7
P010,CGP,8.1,7.724,9.865641972808728,2.1416419728087277,3.7
P010,CGP,8.2,7.657,9.478028980455209,1.8210289804552087,3.7
P010,CGP,8.3,7.593,9.09041598810169,1.4974159881016895,3.7
P010,CGP,8.4,7.529,8.702802995748169,1.1738029957481686,3.7
P010,CGP,8.5,7.466,8.31519000339465,0.8491900033946491,3.7
P010,CGP,8.6,7.403,7.927577011041129,0.5245770110411296,3.7
P010,CGP,8.7,7.341,7.53996401868761,0.19896401868760982,3.7
P010,CGP,8.8,7.278,7.15235102633409,-0.12564897366590966,3.7
P010,CGP,8.9,7.217,6.76473803398057,-0.4522619660194298,3.7
P010,CGP,9.0,7.155,6.377125041627051,-0.7778749583729496,3.7
P010,CGP,9.1,7.094,5.9895120492735305,-1.1044879507264698,3.7
P010,CGP,9.2,7.033,5.6018990569200104,-1.43110094307999,3.7
P010,CGP,9.3,6.972,5.21428606456649,-1.75771393543351,3.7
P010,CGP,9.4,6.912,4.82667307221297,-2.0853269277870297,3.7
P010,CGP,9.5,6.852,4.439060079859449,-2.412939920140551,3.7
P010,CGP,9.6,6.792,4.051447087505929,-2.7405529124940706,3.7
P010,CGP,9.7,6.733,3.6638340951524087,-3.069165904847591,3.7
P010,CGP,9.8,6.674,3.276221102798888,-3.3977788972011123,3.7
P010,CGP,9.9,6.615,2.888608110445368,-3.726391889554632,3.7
P010,CGP,10.0,6.556,2.5009951180918475,-4.055004881908152,3.7
P010,CGP,10.1,6.498,2.113382125738327,-4.384617874261673,3.7
P010,CGP,10.2,6.44,1.7257691333848066,-4.7142308666151935,3.7
P010,CGP,10.3,6.382,1.338156141031286,-5.043843858968714,3.7
P010,CGP,10.4,6.324,0.9505431486777658,-5.373456851322234,3.7
P010,CGP,10.5,6.267,0.5629301563242455,-5.704069843675755,3.7
P010,CGP,10.6,6.21,0.17531716397072514,-6.034682836029275,3.7
P010,CGP,10.7,6.153,0.0,-6.153,3.7
P010,CGP,10.8,6.097,0.0,-6.097,3.7
P010,CGP,10.9,6.04,0.0,-6.04,3.7
P010,CGP,11.0,5.984,0.0,-5.984,3.7
P010,CGP,11.1,5.929,0.0,-5.929,3.7
P010,CGP,11.2,5.873,0.0,-5.873,3.7
P010,CGP,11.3,5.818,0.0,-5.818,3.7
P010,CGP,11.4,5.763,0.0,-5.763,3.7
P010,CGP,11.5,5.708,0.0,-5.708,3.7
P010,CGP,11.6,5.654,0.0,-5.654,3.7
P010,CGP,11.7,5.6,0.0,-5.6,3.7
P010,CGP,11.8,5.546,0.0,-5.546,3.7
P010,CGP,11.9,5.492,0.0,-5.492,3.7
P010,CGP,12.0,5.439,0.0,-5.439,3.7
P010,CGP,12.1,5.386,0.0,-5.386,3.7
P010,CGP,12.2,5.333,0.0,-5.333,3.7
P010,CGP,12.3,5.281,0.0,-5.281,3.7
P010,CGP,12.4,5.229,0.0,-5.229,3.7
P010,CGP,12.5,5.177,0.0,-5.177,3.7
P010,CGP,12.6,5.126,0.0,-5.126,3.7
P010,CGP,12.7,5.075,0.0,-5.075,3.7
P010,CGP,12.8,5.024,0.0,-5.024,3.7
P010,CGP,12.9,4.974,0.0,-4.974,3.7
P010,CGP,13.0,4.923,0.0,-4.923,3.7
P010,CGP,13.1,4.874,0.0,-4.874,3.7
P010,CGP,13.2,4.824,0.0,-4.824,3.7
P010,CGP,13.3,4.774,0.0,-4.774,3.7
P010,CGP,13.4,4.725,0.0,-4.725,3.7
P010,CGP,13.5,4.676,0.0,-4.676,3.7
P010,CGP,13.6,4.627,0.0,-4.627,3.7
P010,CGP,13.7,4.579,0.0,-4.579,3.7
P010,CGP,13.8,4.531,0.0,-4.531,3.7
P010,CGP,13.9,4.482,0.0,-4.482,3.7
P010,CGP,14.0,4.435,0.0,-4.435,3.7
P010,CGP,14.1,4.387,0.0,-4.387,3.7
P010,CGP,14.2,4.339,0.0,-4.339,3.7
P010,CGP,14.3,4.292,0.0,-4.292,3.7
P010,CGP,14.4,4.245,0.0,-4.245,3.7
P010,CGP,14.5,4.198,0.0,-4.198,3.7
P010,CGP,14.6,4.151,0.0,-4.151,3.7
P010,CGP,14.7,4.105,0.0,-4.105,3.7
P010,CGP,14.8,4.058,0.0,-4.058,3.7
P010,CGP,14.9,4.012,0.0,-4.012,3.7
P010,CGP,15.0,3.966,0.0,-3.966,3.7
P010,CGP,15.1,3.92,0.0,-3.92,3.7
P010,CGP,15.2,3.874,0.0,-3.874,3.7
P010,CGP,15.3,3.828,0.0,-3.828,3.7
P010,CGP,15.4,3.783,0.0,-3.783,3.7
P010,CGP,15.5,3.738,0.0,-3.738,3.7
P010,CGP,15.6,3.693,0.0,-3.693,3.7
P010,CGP,15.7,3.648,0.0,-3.648,3.7
P010,CGP,15.8,3.604,0.0,-3.604,3.7
P010,CGP,15.9,3.561,0.0,-3.561,3.7
P010,CGP,16.0,3.517,0.0,-3.517,3.7
P010,CGP,16.1,3.479,0.0,-3.479,3.7
P010,CGP,16.2,3.475,0.0,-3.475,3.7
P011,ConstDecel,0.0,34.593,34.593,0.0,7.4
P011,ConstDecel,0.1,34.51,34.33256798275187,-0.17743201724812963,7.4
P011,ConstDecel,0.2,34.427,34.07213596550374,-0.35486403449625925,7.4
P011,ConstDecel,0.3,34.345,33.811703948255605,-0.5332960517443937,7.4
P011,ConstDecel,0.4,34.262,33.55127193100747,-0.7107280689925304,7.4
P011,ConstDecel,0.5,34.18,33.290839913759335,-0.8891600862406648,7.4
P011,ConstDecel,0.6,34.097,33.03040789651121,-1.0665921034887944,7.4
P011,ConstDecel,0.7,34.014,32.76997587926307,-1.2440241207369311,7.4
P011,ConstDecel,0.8,33.928,32.50954386201494,-1.4184561379850606,7.4
P011,ConstDecel,0.9,33.836,32.2491118447668,-1.586888155233197,7.4
P011,ConstDecel,1.0,33.739,31.98867982751867,-1.7503201724813273,7.4
P011,ConstDecel,1.1,33.642,31.728247810270535,-1.9137521897294683,7.4
P011,ConstDecel,1.2,33.544,31.467815793022403,-2.0761842069775938,7.4
P011,ConstDecel,1.3,33.446,31.207383775774268,-2.23861622422573,7.4
P011,ConstDecel,1.4,33.348,30.946951758526136,-2.4010482414738625,7.4
P011,ConstDecel,1.5,33.25,30.686519741278,-2.5634802587219987,7.4
P011,ConstDecel,1.6,33.153,30.42608772402987,-2.726912275970129,7.4
P011,ConstDecel,1.7,33.056,30.165655706781735,-2.890344293218263,7.4
P011,ConstDecel,1.8,32.959,29.905223689533603,-3.0537763104664,7.4
P011,ConstDecel,1.9,32.862,29.644791672285468,-3.217208327714534,7.4
P011,ConstDecel,2.0,32.765,29.384359655037336,-3.3806403449626643,7.4
P011,ConstDecel,2.1,32.669,29.1239276377892,-3.545072362210796,7.4
P011,ConstDecel,2.2,32.572,28.86349562054107,-3.708504379458933,7.4
P011,ConstDecel,2.3,32.476,28.60306360329294,-3.8729363967070576,7.4
P011,ConstDecel,2.4,32.38,28.342631586044803,-4.0373684139552,7.4
P011,ConstDecel,2.5,32.284,28.082199568796668,-4.201800431203331,7.4
P011,ConstDecel,2.6,32.188,27.821767551548536,-4.366232448451466,7.4
P011,ConstDecel,2.7,32.093,27.5613355343004,-4.531664465699603,7.4
P011,ConstDecel,2.8,31.997,27.30090351705227,-4.6960964829477305,7.4
P011,ConstDecel,2.9,31.902,27.040471499804134,-4.861528500195867,7.4
P011,ConstDecel,3.0,31.807,26.780039482556003,-5.026960517443996,7.4
P011,ConstDecel,3.1,31.712,26.519607465307867,-5.192392534692132,7.4
P011,ConstDecel,3.2,31.617,26.259175448059736,-5.357824551940265,7.4
P011,ConstDecel,3.3,31.523,25.9987434308116,-5.524256569188399,7.4
P011,ConstDecel,3.4,31.428,25.73831141356347,-5.689688586436532,7.4
P011,ConstDecel,3.5,31.334,25.477879396315334,-5.856120603684666,7.4
P011,ConstDecel,3.6,31.24,25.217447379067202,-6.022552620932796,7.4
P011,ConstDecel,3.7,31.146,24.957015361819067,-6.1889846381809335,7.4
P011,ConstDecel,3.8,31.052,24.696583344570936,-6.355416655429064,7.4
P011,ConstDecel,3.9,30.958,24.4361513273228,-6.521848672677198,7.4
P011,ConstDecel,4.0,30.865,24.17571931007467,-6.689280689925329,7.4
P011,ConstDecel,4.1,30.771,23.915287292826534,-6.855712707173467,7.4
P011,ConstDecel,4.2,30.678,23.6548552755784,-7.023144724421602,7.4
P011,ConstDecel,4.3,30.585,23.39442325833027,-7.19057674166973,7.4
P011,ConstDecel,4.4,30.492,23.133991241082136,-7.358008758917865,7.4
P011,ConstDecel,4.5,30.399,22.873559223834,-7.5254407761660005,7.4
P011,ConstDecel,4.6,30.307,22.61312720658587,-7.69387279341413,7.4
P011,ConstDecel,4.7,30.214,22.352695189337734,-7.861304810662265,7.4
P011,ConstDecel,4.8,30.122,22.092263172089602,-8.029736827910398,7.4
P011,ConstDecel,4.9,30.03,21.831831154841467,-8.198168845158534,7.4
P011,ConstDecel,5.0,29.938,21.571399137593332,-8.366600862406667,7.4
P011,ConstDecel,5.1,29.846,21.310967120345204,-8.535032879654796,7.4
P011,ConstDecel,5.2,29.754,21.050535103097065,-8.703464896902936,7.4
P011,ConstDecel,5.3,29.663,20.790103085848937,-8.872896914151063,7.4
P011,ConstDecel,5.4,29.571,20.5296710686008,-9.041328931399203,7.4
P011,ConstDecel,5.5,29.48,20.269239051352667,-9.210760948647334,7.4
P011,ConstDecel,5.6,29.389,20.008807034104535,-9.380192965895464,7.4
P011,ConstDecel,5.7,29.298,19.7483750168564,-9.549624983143598,7.4
P011,ConstDecel,5.8,29.207,19.487942999608265,-9.719057000391736,7.4
P011,ConstDecel,5.9,29.116,19.227510982360133,-9.888489017639866,7.4
P011,ConstDecel,6.0,29.026,18.967078965111998,-10.058921034888002,7.4
P011,ConstDecel,6.1,28.935,18.70664694786387,-10.228353052136129,7.4
P011,ConstDecel,6.2,28.845,18.44621493061573,-10.398785069384267,7.4
P011,ConstDecel,6.3,28.755,18.1857829133676,-10.5692170866324,7.4
P011,ConstDecel,6.4,28.665,17.925350896119465,-10.739649103880534,7.4
P011,ConstDecel,6.5,28.575,17.664918878871333,-10.910081121128666,7.4
P011,ConstDecel,6.6,28.486,17.4044868616232,-11.081513138376799,7.4
P011,ConstDecel,6.7,28.396,17.144054844375066,-11.251945155624934,7.4
P011,ConstDecel,6.8,28.307,16.88362282712693,-11.423377172873067,7.4
P011,ConstDecel,6.9,28.217,16.6231908098788,-11.593809190121199,7.4
P011,ConstDecel,7.0,28.128,16.362758792630665,-11.765241207369336,7.4
P011,ConstDecel,7.1,28.039,16.102326775382533,-11.936673224617468,7.4
P011,ConstDecel,7.2,27.901,15.8418947581344,-12.0591052418656,7.4
P011,ConstDecel,7.3,27.551,15.581462740886266,-11.969537259113732,7.4
P011,ConstDecel,7.4,26.836,15.321030723638133,-11.514969276361866,7.4
P011,ConstDecel,7.5,25.697,15.06059870639,-10.63640129361,7.4
P011,ConstDecel,7.6,24.189,14.800166689141866,-9.388833310858134,7.4
P011,ConstDecel,7.7,22.411,14.539734671893733,-7.8712653281062686,7.4
P011,ConstDecel,7.8,20.479,14.2793026546456,-6.1996973453544,7.4
P011,ConstDecel,7.9,18.443,14.018870637397466,-4.424129362602535,7.4
P011,ConstDecel,8.0,16.319,13.758438620149333,-2.5605613798506663,7.4
P011,ConstDecel,8.1,14.121,13.4980066029012,-0.6229933970988011,7.4
P011,ConstDecel,8.2,11.869,13.237574585653068,1.368574585653068,7.4
P011,ConstDecel,8.3,9.618,12.977142568404929,3.3591425684049288,7.4
P011,ConstDecel,8.4,7.433,12.716710551156796,5.283710551156796,7.4
P011,ConstDecel,8.5,5.404,12.456278533908666,7.052278533908666,7.4
P011,ConstDecel,8.6,3.707,12.195846516660534,8.488846516660534,7.4
P011,ConstDecel,8.7,2.103,11.9354144994124,9.8324144994124,7.4
P011,ConstDecel,8.8,0.516,11.674982482164262,11.158982482164262,7.4
P011,ConstDecel,8.9,0.351,11.41455046491613,11.06355046491613,7.4
P011,SafeEnv,0.0,34.593,34.593,0.0,7.4
P011,SafeEnv,0.1,34.51,34.593,0.08300000000000551,7.4
P011,SafeEnv,0.2,34.427,34.593,0.16600000000000392,7.4
P011,SafeEnv,0.3,34.345,34.593,0.24800000000000466,7.4
P011,SafeEnv,0.4,34.262,34.593,0.33100000000000307,7.4
P011,SafeEnv,0.5,34.18,34.593,0.4130000000000038,7.4
P011,SafeEnv,0.6,34.097,34.593,0.4960000000000022,7.4
P011,SafeEnv,0.7,34.014,34.593,0.5790000000000006,7.4
P011,SafeEnv,0.8,33.928,34.593,0.6650000000000063,7.4
P011,SafeEnv,0.9,33.836,34.593,0.757000000000005,7.4
P011,SafeEnv,1.0,33.739,34.593,0.8540000000000063,7.4
P011,SafeEnv,1.1,33.642,34.593,0.9510000000000005,7.4
P011,SafeEnv,1.2,33.544,34.593,1.0490000000000066,7.4
P011,SafeEnv,1.3,33.446,34.593,1.1470000000000056,7.4
P011,SafeEnv,1.4,33.348,34.593,1.2450000000000045,7.4
P011,SafeEnv,1.5,33.25,34.593,1.3430000000000035,7.4
P011,SafeEnv,1.6,33.153,34.593,1.4400000000000048,7.4
P011,SafeEnv,1.7,33.056,34.593,1.5370000000000061,7.4
P011,SafeEnv,1.8,32.959,34.593,1.6340000000000003,7.4
P011,SafeEnv,1.9,32.862,34.593,1.7310000000000016,7.4
P011,SafeEnv,2.0,32.765,34.593,1.828000000000003,7.4
P011,SafeEnv,2.1,32.669,34.593,1.9240000000000066,7.4
P011,SafeEnv,2.2,32.572,34.593,2.021000000000001,7.4
P011,SafeEnv,2.3,32.476,34.593,2.1170000000000044,7.4
P011,SafeEnv,2.4,32.38,34.593,2.213000000000001,7.4
P011,SafeEnv,2.5,32.284,34.593,2.3090000000000046,7.4
P011,SafeEnv,2.6,32.188,34.593,2.405000000000001,7.4
P011,SafeEnv,2.7,32.093,34.593,2.5,7.4
P011,SafeEnv,2.8,31.997,34.593,2.5960000000000036,7.4
P011,SafeEnv,2.9,31.902,34.593,2.6910000000000025,7.4
P011,SafeEnv,3.0,31.807,34.593,2.786000000000005,7.4
P011,SafeEnv,3.1,31.712,34.593,2.881000000000004,7.4
P011,SafeEnv,3.2,31.617,34.593,2.9760000000000026,7.4
P011,SafeEnv,3.3,31.523,34.593,3.070000000000004,7.4
P011,SafeEnv,3.4,31.428,34.593,3.1650000000000027,7.4
P011,SafeEnv,3.5,31.334,34.593,3.259000000000004,7.4
P011,SafeEnv,3.6,31.24,34.593,3.353000000000005,7.4
P011,SafeEnv,3.7,31.146,34.593,3.4470000000000027,7.4
P011,SafeEnv,3.8,31.052,34.593,3.541000000000004,7.4
P011,SafeEnv,3.9,30.958,34.593,3.635000000000005,7.4
P011,SafeEnv,4.0,30.865,34.593,3.728000000000005,7.4
P011,SafeEnv,4.1,30.771,34.593,3.8220000000000027,7.4
P011,SafeEnv,4.2,30.678,33.949546883407955,3.2715468834079537,7.4
P011,SafeEnv,4.3,30.585,33.27457458334126,2.689574583341262,7.4
P011,SafeEnv,4.4,30.492,32.59974112262844,2.107741122628436,7.4
P011,SafeEnv,4.5,30.399,31.92505221838199,1.526052218381988,7.4
P011,SafeEnv,4.6,30.307,31.25051394691107,0.9435139469110716,7.4
P011,SafeEnv,4.7,30.214,30.5761327743648,0.3621327743648024,7.4
P011,SafeEnv,4.8,30.122,29.901915590706103,-0.2200844092938965,7.4
P011,SafeEnv,4.9,30.03,29.227869747459366,-0.8021302525406355,7.4
P011,SafeEnv,5.0,29.938,28.554003099745096,-1.3839969002549033,7.4
P011,SafeEnv,5.1,29.846,27.88032405319828,-1.9656759468017206,7.4
P011,SafeEnv,5.2,29.754,27.206841616465486,-2.5471583835345157,7.4
P011,SafeEnv,5.3,29.663,26.53356546009466,-3.12943453990534,7.4
P011,SafeEnv,5.4,29.571,25.860505982771972,-3.7104940172280294,7.4
P011,SafeEnv,5.5,29.48,25.187674386031752,-4.292325613968249,7.4
P011,SafeEnv,5.6,29.389,24.515082758770067,-4.8739172412299325,7.4
P011,SafeEnv,5.7,29.298,23.842744173143505,-5.455255826856494,7.4
P011,SafeEnv,5.8,29.207,23.170672793738774,-6.036327206261227,7.4
P011,SafeEnv,5.9,29.116,22.498884002273748,-6.617115997726252,7.4
P011,SafeEnv,6.0,29.026,21.827394540550124,-7.198605459449876,7.4
P011,SafeEnv,6.1,28.935,21.15622267495043,-7.7787773250495675,7.4
P011,SafeEnv,6.2,28.845,20.485388386483304,-8.359611613516694,7.4
P011,SafeEnv,6.3,28.755,19.814913591274898,-8.9400864087251,7.4
P011,SafeEnv,6.4,28.665,19.14482239753233,-9.520177602467669,7.4
P011,SafeEnv,6.5,28.575,18.47514140643886,-10.099858593561141,7.4
P011,SafeEnv,6.6,28.486,17.805900066277488,-10.680099933722513,7.4
P011,SafeEnv,6.7,28.396,17.13713109145036,-11.25886890854964,7.4
P011,SafeEnv,6.8,28.307,16.468870961146703,-11.838129038853296,7.4
P011,SafeEnv,6.9,28.217,15.801160516462021,-12.415839483537978,7.4
P011,SafeEnv,7.0,28.128,15.134045680141938,-12.993954319858062,7.4
P011,SafeEnv,7.1,28.039,14.467578330310001,-13.57142166969,7.4
P011,SafeEnv,7.2,27.901,13.801817369268896,-14.099182630731104,7.4
P011,SafeEnv,7.3,27.551,13.1368300417857,-14.414169958214298,7.4
P011,SafeEnv,7.4,26.836,12.472693575743202,-14.363306424256796,7.4
P011,SafeEnv,7.5,25.697,11.809497244006455,-13.887502755993545,7.4
P011,SafeEnv,7.6,24.189,11.147344983395737,-13.041655016604263,7.4
P011,SafeEnv,7.7,22.411,10.486358760364256,-11.924641239635745,7.4
P011,SafeEnv,7.8,20.479,9.826682952222113,-10.652317047777887,7.4
P011,SafeEnv,7.9,18.443,9.168490131963162,-9.274509868036839,7.4
P011,SafeEnv,8.0,16.319,8.511988827955491,-7.807011172044508,7.4
P011,SafeEnv,8.1,14.121,7.857434118020276,-6.263565881979725,7.4
P011,SafeEnv,8.2,11.869,7.205142383069086,-4.663857616930914,7.4
P011,SafeEnv,8.3,9.618,6.555512320055877,-3.062487679944123,7.4
P011,SafeEnv,8.4,7.433,5.909055645790902,-1.5239443542090978,7.4
P011,SafeEnv,8.5,5.404,5.266443300170561,-0.13755669982943886,7.4
P011,SafeEnv,8.6,3.707,4.628577384142007,0.9215773841420072,7.4
P011,SafeEnv,8.7,2.103,3.996707722144327,1.8937077221443266,7.4
P011,SafeEnv,8.8,0.516,3.3726298261485192,2.8566298261485192,7.4
P011,SafeEnv,8.9,0.351,2.7590404286574324,2.4080404286574324,7.4
P011,CGP,0.0,34.593,34.593,0.0,7.4
P011,CGP,0.1,34.51,34.50961363636364,-0.0003863636363590217,7.4
P011,CGP,0.2,34.427,34.426227272727274,-0.0007727272727251489,7.4
P011,CGP,0.3,34.345,34.34284090909091,-0.0021590909090889454,7.4
P011,CGP,0.4,34.262,34.259454545454545,-0.0025454545454550725,7.4
P011,CGP,0.5,34.18,34.17606818181818,-0.003931818181818869,7.4
P011,CGP,0.6,34.097,34.09268181818181,-0.004318181818192102,7.4
P011,CGP,0.7,34.014,34.009295454545445,-0.004704545454558229,7.4
P011,CGP,0.8,33.928,33.92590909090908,-0.002090909090917137,7.4
P011,CGP,0.9,33.836,33.842522727272716,0.006522727272717077,7.4
P011,CGP,1.0,33.739,33.75913636363635,0.02013636363635385,7.4
P011,CGP,1.1,33.642,33.67574999999999,0.033749999999983515,7.4
P011,CGP,1.2,33.544,33.59236363636362,0.04836363636362506,7.4
P011,CGP,1.3,33.446,33.50897727272725,0.0629772727272524,7.4
P011,CGP,1.4,33.348,33.425590909090886,0.07759090909088684,7.4
P011,CGP,1.5,33.25,33.34220454545452,0.09220454545452128,7.4
P011,CGP,1.6,33.153,33.25881818181816,0.10581818181815805,7.4
P011,CGP,1.7,33.056,33.17543181818179,0.11943181818179482,7.4
P011,CGP,1.8,32.959,33.09204545454543,0.1330454545454245,7.4
P011,CGP,1.9,32.862,33.00865909090906,0.14665909090906126,7.4
P011,CGP,2.0,32.765,32.9252727272727,0.16027272727269803,7.4
P011,CGP,2.1,32.669,32.84188636363633,0.17288636363633003,7.4
P011,CGP,2.2,32.572,32.75849999999996,0.1864999999999597,7.4
P011,CGP,2.3,32.476,32.6751136363636,0.1991136363635988,7.4
P011,CGP,2.4,32.38,32.59172727272723,0.2117272727272308,7.4
P011,CGP,2.5,32.284,32.50834090909087,0.2243409090908699,7.4
P011,CGP,2.6,32.188,32.424954545454504,0.2369545454545019,7.4
P011,CGP,2.7,32.093,32.34156818181814,0.24856818181813622,7.4
P011,CGP,2.8,31.997,32.25818181818177,0.2611818181817682,7.4
P011,CGP,2.9,31.902,32.174795454545404,0.27279545454540255,7.4
P011,CGP,3.0,31.807,32.09140909090904,0.28440909090904043,7.4
P011,CGP,3.1,31.712,32.008022727272675,0.29602272727267476,7.4
P011,CGP,3.2,31.617,31.92463636363631,0.3076363636363091,7.4
P011,CGP,3.3,31.523,31.841249999999942,0.3182499999999422,7.4
P011,CGP,3.4,31.428,31.757863636363577,0.3298636363635765,7.4
P011,CGP,3.5,31.334,31.674477272727213,0.3404772727272132,7.4
P011,CGP,3.6,31.24,31.59109090909085,0.35109090909084983,7.4
P011,CGP,3.7,31.146,31.50770454545448,0.3617045454544794,7.4
P011,CGP,3.8,31.052,31.424318181818116,0.37231818181811605,7.4
P011,CGP,3.9,30.958,31.34093181818175,0.3829318181817527,7.4
P011,CGP,4.0,30.865,31.257545454545387,0.39254545454538814,7.4
P011,CGP,4.1,30.771,31.17415909090902,0.4031590909090177,7.4
P011,CGP,4.2,30.678,31.090772727272654,0.41277272727265313,7.4
P011,CGP,4.3,30.585,31.00738636363629,0.42238636363628856,7.4
P011,CGP,4.4,30.492,30.92399999999992,0.43199999999992045,7.4
P011,CGP,4.5,30.399,30.840613636363557,0.4416136363635559,7.4
P011,CGP,4.6,30.307,30.757227272727192,0.45022727272719365,7.4
P011,CGP,4.7,30.214,30.673840909090828,0.4598409090908291,7.4
P011,CGP,4.8,30.122,30.59045454545446,0.46845454545445975,7.4
P011,CGP,4.9,30.03,30.507068181818095,0.47706818181809396,7.4
P011,CGP,5.0,29.938,30.3221556703851,0.3841556703851019,7.4
P011,CGP,5.1,29.846,29.648002136346012,-0.1979978636539883,7.4
P011,CGP,5.2,29.754,28.973848602306923,-0.7801513976930785,7.4
P011,CGP,5.3,29.663,28.299695068267834,-1.3633049317321664,7.4
P011,CGP,5.4,29.571,27.625541534228745,-1.9454584657712566,7.4
P011,CGP,5.5,29.48,26.951388000189656,-2.5286119998103445,7.4
P011,CGP,5.6,29.389,26.277234466150563,-3.111765533849436,7.4
P011,CGP,5.7,29.298,25.603080932111475,-3.6949190678885238,7.4
P011,CGP,5.8,29.207,24.928927398072386,-4.278072601927615,7.4
P011,CGP,5.9,29.116,24.254773864033297,-4.861226135966703,7.4
P011,CGP,6.0,29.026,23.580620329994208,-5.445379670005792,7.4
P011,CGP,6.1,28.935,22.90646679595512,-6.02853320404488,7.4
P011,CGP,6.2,28.845,22.23231326191603,-6.612686738083969,7.4
P011,CGP,6.3,28.755,21.55815972787694,-7.196840272123058,7.4
P011,CGP,6.4,28.665,20.884006193837852,-7.780993806162147,7.4
P011,CGP,6.5,28.575,20.209852659798763,-8.365147340201236,7.4
P011,CGP,6.6,28.486,19.53569912575967,-8.95030087424033,7.4
P011,CGP,6.7,28.396,18.86154559172058,-9.53445440827942,7.4
P011,CGP,6.8,28.307,18.187392057681492,-10.119607942318506,7.4
P011,CGP,6.9,28.217,17.513238523642404,-10.703761476357595,7.4
P011,CGP,7.0,28.128,16.839084989603315,-11.288915010396686,7.4
P011,CGP,7.1,28.039,16.164931455564226,-11.874068544435776,7.4
P011,CGP,7.2,27.901,15.490777921525137,-12.410222078474863,7.4
P011,CGP,7.3,27.551,14.816624387486046,-12.734375612513952,7.4
P011,CGP,7.4,26.836,14.142470853446957,-12.693529146553042,7.4
P011,CGP,7.5,25.697,13.127408228498776,-12.569591771501223,7.4
P011,CGP,7.6,24.189,11.879465471414262,-12.309534528585738,7.4
P011,CGP,7.7,22.411,10.631522714329748,-11.779477285670254,7.4
P011,CGP,7.8,20.479,9.383579957245232,-11.095420042754768,7.4
P011,CGP,7.9,18.443,8.135637200160716,-10.307362799839286,7.4
P011,CGP,8.0,16.319,6.8876944430762,-9.4313055569238,7.4
P011,CGP,8.1,14.121,5.639751685991685,-8.481248314008315,7.4
P011,CGP,8.2,11.869,4.39180892890717,-7.47719107109283,7.4
P011,CGP,8.3,9.618,3.1438661718226544,-6.4741338281773455,7.4
P011,CGP,8.4,7.433,1.895923414738139,-5.537076585261861,7.4
P011,CGP,8.5,5.404,0.6479806576536234,-4.756019342346376,7.4
P011,CGP,8.6,3.707,0.0,-3.707,7.4
P011,CGP,8.7,2.103,0.0,-2.103,7.4
P011,CGP,8.8,0.516,0.0,-0.516,7.4
P011,CGP,8.9,0.351,0.0,-0.351,7.4
P012,ConstDecel,0.0,37.53,37.53,0.0,3.3
P012,ConstDecel,0.1,37.426,37.221280707522354,-0.2047192924776482,3.3
P012,ConstDecel,0.2,37.325,36.91256141504471,-0.4124385849552894,3.3
P012,ConstDecel,0.3,37.225,36.60384212256707,-0.6211578774329283,3.3
P012,ConstDecel,0.4,37.126,36.295122830089426,-0.8308771699105719,3.3
P012,ConstDecel,0.5,37.027,35.986403537611785,-1.0405964623882156,3.3
P012,ConstDecel,0.6,36.927,35.677684245134145,-1.2493157548658544,3.3
P012,ConstDecel,0.7,36.829,35.3689649526565,-1.4600350473435029,3.3
P012,ConstDecel,0.8,36.73,35.06024566017886,-1.6697543398211394,3.3
P012,ConstDecel,0.9,36.624,34.75152636770121,-1.8724736322987923,3.3
P012,ConstDecel,1.0,36.493,34.44280707522356,-2.0501929247764394,3.3
P012,ConstDecel,1.1,36.327,34.13408778274592,-2.192912217254076,3.3
P012,ConstDecel,1.2,36.126,33.82536849026828,-2.3006315097317156,3.3
P012,ConstDecel,1.3,35.912,33.51664919779064,-2.3953508022093573,3.3
P012,ConstDecel,1.4,35.712,33.207929905312994,-2.504070094687009,3.3
P012,ConstDecel,1.5,35.554,32.899210612835354,-2.654789387164648,3.3
P012,ConstDecel,1.6,35.436,32.59049132035771,-2.8455086796422933,3.3
P012,ConstDecel,1.7,35.334,32.281772027880066,-3.052227972119937,3.3
P012,ConstDecel,1.8,35.235,31.973052735402423,-3.261947264597577,3.3
P012,ConstDecel,1.9,35.139,31.664333442924775,-3.4746665570752278,3.3
P012,ConstDecel,2.0,35.042,31.355614150447135,-3.6863858495528667,3.3
P012,ConstDecel,2.1,34.946,31.046894857969495,-3.8991051420305034,3.3
P012,ConstDecel,2.2,34.85,30.738175565491847,-4.111824434508154,3.3
P012,ConstDecel,2.3,34.754,30.429456273014203,-4.3245437269857945,3.3
P012,ConstDecel,2.4,34.659,30.120736980536563,-4.538263019463436,3.3
P012,ConstDecel,2.5,34.562,29.812017688058916,-4.749982311941082,3.3
P012,ConstDecel,2.6,34.458,29.503298395581275,-4.954701604418723,3.3
P012,ConstDecel,2.7,34.327,29.19457910310363,-5.132420896896367,3.3
P012,ConstDecel,2.8,34.146,28.88585981062599,-5.26014018937401,3.3
P012,ConstDecel,2.9,33.903,28.577140518148344,-5.325859481851655,3.3
P012,ConstDecel,3.0,33.597,28.268421225670703,-5.328578774329298,3.3
P012,ConstDecel,3.1,33.239,27.95970193319306,-5.279298066806938,3.3
P012,ConstDecel,3.2,32.846,27.650982640715412,-5.195017359284584,3.3
P012,ConstDecel,3.3,32.405,27.342263348237772,-5.062736651762229,3.3
P012,ConstDecel,3.4,31.927,27.033544055760128,-4.8934559442398715,3.3
P012,ConstDecel,3.5,31.422,26.724824763282488,-4.697175236717513,3.3
P012,ConstDecel,3.6,30.9,26.41610547080484,-4.483894529195158,3.3
P012,ConstDecel,3.7,30.365,26.107386178327197,-4.257613821672802,3.3
P012,ConstDecel,3.8,29.825,25.798666885849556,-4.026333114150443,3.3
P012,ConstDecel,3.9,29.288,25.489947593371916,-3.7980524066280843,3.3
P012,ConstDecel,4.0,28.751,25.18122830089427,-3.5697716991057327,3.3
P012,ConstDecel,4.1,28.213,24.872509008416625,-3.3404909915833763,3.3
P012,ConstDecel,4.2,27.677,24.563789715938984,-3.113210284061015,3.3
P012,ConstDecel,4.3,27.141,24.25507042346134,-2.8859295765386577,3.3
P012,ConstDecel,4.4,26.604,23.946351130983697,-2.6576488690163025,3.3
P012,ConstDecel,4.5,26.066,23.637631838506053,-2.428368161493946,3.3
P012,ConstDecel,4.6,25.525,23.32891254602841,-2.1960874539715896,3.3
P012,ConstDecel,4.7,24.979,23.020193253550765,-1.958806746449234,3.3
P012,ConstDecel,4.8,24.424,22.711473961073125,-1.7125260389268746,3.3
P012,ConstDecel,4.9,23.849,22.402754668595477,-1.4462453314045227,3.3
P012,ConstDecel,5.0,23.241,22.094035376117834,-1.146964623882166,3.3
P012,ConstDecel,5.1,22.597,21.785316083640193,-0.811683916359808,3.3
P012,ConstDecel,5.2,21.922,21.47659679116255,-0.4454032088374511,3.3
P012,ConstDecel,5.3,21.218,21.167877498684906,-0.050122501315094325,3.3
P012,ConstDecel,5.4,20.494,20.859158206207262,0.365158206207262,3.3
P012,ConstDecel,5.5,19.764,20.55043891372962,0.7864389137296222,3.3
P012,ConstDecel,5.6,19.036,20.241719621251978,1.2057196212519763,3.3
P012,ConstDecel,5.7,18.304,19.93300032877433,1.6290003287743318,3.3
P012,ConstDecel,5.8,17.566,19.62428103629669,2.058281036296691,3.3
P012,ConstDecel,5.9,16.818,19.315561743819046,2.4975617438190447,3.3
P012,ConstDecel,6.0,16.052,19.006842451341402,2.9548424513414027,3.3
P012,ConstDecel,6.1,15.261,18.69812315886376,3.437123158863759,3.3
P012,ConstDecel,6.2,14.431,18.389403866386118,3.958403866386119,3.3
P012,ConstDecel,6.3,13.559,18.080684573908474,4.521684573908475,3.3
P012,ConstDecel,6.4,12.65,17.771965281430827,5.1219652814308265,3.3
P012,ConstDecel,6.5,11.712,17.463245988953187,5.751245988953187,3.3
P012,ConstDecel,6.6,10.754,17.154526696475543,6.400526696475543,3.3
P012,ConstDecel,6.7,9.787,16.8458074039979,7.058807403997898,3.3
P012,ConstDecel,6.8,8.812,16.537088111520255,7.725088111520256,3.3
P012,ConstDecel,6.9,7.818,16.22836881904261,8.410368819042612,3.3
P012,ConstDecel,7.0,6.814,15.91964952656497,9.105649526564969,3.3
P012,ConstDecel,7.1,5.808,15.610930234087327,9.802930234087327,3.3
P012,ConstDecel,7.2,4.81,15.302210941609681,10.492210941609681,3.3
P012,ConstDecel,7.3,3.833,14.993491649132041,11.160491649132041,3.3
P012,ConstDecel,7.4,2.886,14.684772356654396,11.798772356654396,3.3
P012,ConstDecel,7.5,1.969,14.376053064176753,12.407053064176754,3.3
P012,ConstDecel,7.6,1.094,14.06733377169911,12.97333377169911,3.3
P012,ConstDecel,7.7,0.277,13.758614479221468,13.481614479221468,3.3
P012,SafeEnv,0.0,37.53,37.53,0.0,3.3
P012,SafeEnv,0.1,37.426,37.53,0.1039999999999992,3.3
P012,SafeEnv,0.2,37.325,37.53,0.2049999999999983,3.3
P012,SafeEnv,0.3,37.225,37.53,0.3049999999999997,3.3
P012,SafeEnv,0.4,37.126,37.53,0.40400000000000347,3.3
P012,SafeEnv,0.5,37.027,37.53,0.5030000000000001,3.3
P012,SafeEnv,0.6,36.927,37.53,0.6030000000000015,3.3
P012,SafeEnv,0.7,36.829,37.53,0.7010000000000005,3.3
P012,SafeEnv,0.8,36.73,37.53,0.8000000000000043,3.3
P012,SafeEnv,0.9,36.624,37.53,0.9059999999999988,3.3
P012,SafeEnv,1.0,36.493,37.53,1.036999999999999,3.3
P012,SafeEnv,1.1,36.327,37.53,1.203000000000003,3.3
P012,SafeEnv,1.2,36.126,37.53,1.4040000000000035,3.3
P012,SafeEnv,1.3,35.912,37.53,1.618000000000002,3.3
P012,SafeEnv,1.4,35.712,37.53,1.8179999999999978,3.3
P012,SafeEnv,1.5,35.554,37.53,1.975999999999999,3.3
P012,SafeEnv,1.6,35.436,37.53,2.094000000000001,3.3
P012,SafeEnv,1.7,35.334,37.53,2.195999999999998,3.3
P012,SafeEnv,1.8,35.235,37.53,2.2950000000000017,3.3
P012,SafeEnv,1.9,35.139,37.53,2.3909999999999982,3.3
P012,SafeEnv,2.0,35.042,37.53,2.4879999999999995,3.3
P012,SafeEnv,2.1,34.946,37.53,2.584000000000003,3.3
P012,SafeEnv,2.2,34.85,37.53,2.6799999999999997,3.3
P012,SafeEnv,2.3,34.754,37.53,2.7760000000000034,3.3
P012,SafeEnv,2.4,34.659,37.53,2.871000000000002,3.3
P012,SafeEnv,2.5,34.562,37.53,2.9680000000000035,3.3
P012,SafeEnv,2.6,34.458,37.53,3.0720000000000027,3.3
P012,SafeEnv,2.7,34.327,37.53,3.203000000000003,3.3
P012,SafeEnv,2.8,34.146,37.53,3.3840000000000003,3.3
P012,SafeEnv,2.9,33.903,37.53,3.6270000000000024,3.3
P012,SafeEnv,3.0,33.597,37.53,3.933,3.3
P012,SafeEnv,3.1,33.239,37.53,4.291000000000004,3.3
P012,SafeEnv,3.2,32.846,37.53,4.684000000000005,3.3
P012,SafeEnv,3.3,32.405,37.53,5.125,3.3
P012,SafeEnv,3.4,31.927,37.03213346422815,5.105133464228153,3.3
P012,SafeEnv,3.5,31.422,36.35659140803144,4.934591408031441,3.3
P012,SafeEnv,3.6,30.9,35.681165948250175,4.781165948250177,3.3
P012,SafeEnv,3.7,30.365,35.00586147740911,4.640861477409114,3.3
P012,SafeEnv,3.8,29.825,34.33068264015416,4.505682640154159,3.3
P012,SafeEnv,3.9,29.288,33.65563435287111,4.367634352871111,3.3
P012,SafeEnv,4.0,28.751,32.9807218252463,4.229721825246298,3.3
P012,SafeEnv,4.1,28.213,32.30595058400372,4.092950584003717,3.3
P012,SafeEnv,4.2,27.677,31.631326499087567,3.9543264990875677,3.3
P012,SafeEnv,4.3,27.141,30.956855812597826,3.815855812597828,3.3
P012,SafeEnv,4.4,26.604,30.282545170833348,3.678545170833349,3.3
P012,SafeEnv,4.5,26.066,29.60840165985052,3.5424016598505226,3.3
P012,SafeEnv,4.6,25.525,28.934432845009933,3.4094328450099347,3.3
P012,SafeEnv,4.7,24.979,28.26064681505878,3.2816468150587816,3.3
P012,SafeEnv,4.8,24.424,27.58705223138633,3.163052231386331,3.3
P012,SafeEnv,4.9,23.849,26.91365838319686,3.0646583831968606,3.3
P012,SafeEnv,5.0,23.241,26.2404752494718,2.9994752494718,3.3
P012,SafeEnv,5.1,22.597,25.567513568746456,2.970513568746455,3.3
P012,SafeEnv,5.2,21.922,24.89478491791129,2.972784917911291,3.3
P012,SafeEnv,5.3,21.218,24.22230180147216,3.0043018014721596,3.3
P012,SafeEnv,5.4,20.494,23.550077752975266,3.0560777529752663,3.3
P012,SafeEnv,5.5,19.764,22.878127450636875,3.1141274506368752,3.3
P012,SafeEnv,5.6,19.036,22.206466849626228,3.1704668496262265,3.3
P012,SafeEnv,5.7,18.304,21.535113333956144,3.231113333956145,3.3
P012,SafeEnv,5.8,17.566,20.864085891564145,3.2980858915641456,3.3
P012,SafeEnv,5.9,16.818,20.193405316952425,3.375405316952424,3.3
P012,SafeEnv,6.0,16.052,19.52309444674273,3.471094446742729,3.3
P012,SafeEnv,6.1,15.261,18.853178434754213,3.5921784347542136,3.3
P012,SafeEnv,6.2,14.431,18.18368507480709,3.7526850748070917,3.3
P012,SafeEnv,6.3,13.559,17.514645181506598,3.9556451815065987,3.3
P012,SafeEnv,6.4,12.65,16.846093041916685,4.196093041916685,3.3
P012,SafeEnv,6.5,11.712,16.17806695450381,4.466066954503809,3.3
P012,SafeEnv,6.6,10.754,15.510609876304118,4.756609876304118,3.3
P012,SafeEnv,6.7,9.787,14.843770205356089,5.056770205356088,3.3
P012,SafeEnv,6.8,8.812,14.177602733630547,5.365602733630547,3.3
P012,SafeEnv,6.9,7.818,13.512169816827813,5.694169816827813,3.3
P012,SafeEnv,7.0,6.814,12.847542822747013,6.0335428227470125,3.3
P012,SafeEnv,7.1,5.808,12.183803941319757,6.375803941319758,3.3
P012,SafeEnv,7.2,4.81,11.521048469652571,6.711048469652572,3.3
P012,SafeEnv,7.3,3.833,10.859387728880334,7.026387728880334,3.3
P012,SafeEnv,7.4,2.886,10.198952833105992,7.312952833105991,3.3
P012,SafeEnv,7.5,1.969,9.539899625134735,7.570899625134735,3.3
P012,SafeEnv,7.6,1.094,8.882415237055676,7.788415237055676,3.3
P012,SafeEnv,7.7,0.277,8.226726956224105,7.949726956224105,3.3
P012,CGP,0.0,37.53,37.53,0.0,3.3
P012,CGP,0.1,37.426,37.42527272727273,-0.000727272727274908,3.3
P012,CGP,0.2,37.325,37.32054545454546,-0.004454545454542824,3.3
P012,CGP,0.3,37.225,37.215818181818186,-0.009181818181815515,3.3
P012,CGP,0.4,37.126,37.11109090909092,-0.01490909090907877,3.3
P012,CGP,0.5,37.027,37.006363636363645,-0.020636363636356236,3.3
P012,CGP,0.6,36.927,36.90163636363638,-0.025363636363621822,3.3
P012,CGP,0.7,36.829,36.796909090909104,-0.03209090909089696,3.3
P012,CGP,0.8,36.73,36.69218181818184,-0.03781818181816021,3.3
P012,CGP,0.9,36.624,36.58745454545456,-0.03654545454543978,3.3
P012,CGP,1.0,36.493,36.482727272727296,-0.010272727272706561,3.3
P012,CGP,1.1,36.327,36.37800000000002,0.05100000000002325,3.3
P012,CGP,1.2,36.126,36.27327272727275,0.14727272727274965,3.3
P012,CGP,1.3,35.912,36.16854545454548,0.2565454545454813,3.3
P012,CGP,1.4,35.712,36.063818181818206,0.3518181818182029,3.3
P012,CGP,1.5,35.554,35.95909090909094,0.40509090909093715,3.3
P012,CGP,1.6,35.436,35.854363636363665,0.41836363636366514,3.3
P012,CGP,1.7,35.334,35.7496363636364,0.4156363636363949,3.3
P012,CGP,1.8,35.235,35.644909090909124,0.40990909090912453,3.3
P012,CGP,1.9,35.139,35.54018181818186,0.40118181818185406,3.3
P012,CGP,2.0,35.042,35.43545454545458,0.39345454545458125,3.3
P012,CGP,2.1,34.946,35.330727272727316,0.3847272727273179,3.3
P012,CGP,2.2,34.85,35.22600000000004,0.3760000000000403,3.3
P012,CGP,2.3,34.754,35.12127272727277,0.36727272727276983,3.3
P012,CGP,2.4,34.659,35.0165454545455,0.3575454545455017,3.3
P012,CGP,2.5,34.562,34.91181818181823,0.3498181818182289,3.3
P012,CGP,2.6,34.458,34.80709090909096,0.3490909090909611,3.3
P012,CGP,2.7,34.327,34.702363636363685,0.3753636363636872,3.3
P012,CGP,2.8,34.146,34.59763636363642,0.45163636363641757,3.3
P012,CGP,2.9,33.903,34.492909090909144,0.5899090909091456,3.3
P012,CGP,3.0,33.597,34.38818181818188,0.7911818181818759,3.3
P012,CGP,3.1,33.239,34.2834545454546,1.044454545454606,3.3
P012,CGP,3.2,32.846,34.178727272727336,1.3327272727273396,3.3
P012,CGP,3.3,32.405,34.07400000000006,1.6690000000000609,3.3
P012,CGP,3.4,31.927,33.6283636363637,1.701363636363702,3.3
P012,CGP,3.5,31.422,32.95952243403664,1.5375224340366422,3.3
P012,CGP,3.6,30.9,32.29068123170958,1.3906812317095785,3.3
P012,CGP,3.7,30.365,31.62184002938252,1.25684002938252,3.3
P012,CGP,3.8,29.825,30.95299882705546,1.1279988270554604,3.3
P012,CGP,3.9,29.288,30.2841576247284,0.9961576247284007,3.3
P012,CGP,4.0,28.751,29.61531642240134,0.8643164224013375,3.3
P012,CGP,4.1,28.213,28.94647522007428,0.7334752200742791,3.3
P012,CGP,4.2,27.677,28.27763401774722,0.6006340177472218,3.3
P012,CGP,4.3,27.141,27.60879281542016,0.46779281542016093,3.3
P012,CGP,4.4,26.604,26.9399516130931,0.3359516130931013,3.3
P012,CGP,4.5,26.066,26.27111041076604,0.2051104107660393,3.3
P012,CGP,4.6,25.525,25.60226920843898,0.077269208438981,3.3
P012,CGP,4.7,24.979,24.93342800611192,-0.04557199388807831,3.3
P012,CGP,4.8,24.424,24.26458680378486,-0.15941319621514083,3.3
P012,CGP,4.9,23.849,23.5957456014578,-0.2532543985422002,3.3
P012,CGP,5.0,23.241,22.926904399130738,-0.3140956008692619,3.3
P012,CGP,5.1,22.597,22.25806319680368,-0.33893680319632224,3.3
P012,CGP,5.2,21.922,21.58922199447662,-0.3327780055233802,3.3
P012,CGP,5.3,21.218,20.920380792149565,-0.2976192078504347,3.3
P012,CGP,5.4,20.494,20.251539589822507,-0.2424604101774932,3.3
P012,CGP,5.5,19.764,19.582698387495448,-0.18130161250455146,3.3
P012,CGP,5.6,19.036,18.913857185168393,-0.1221428148316086,3.3
P012,CGP,5.7,18.304,18.245015982841334,-0.058984017158664415,3.3
P012,CGP,5.8,17.566,17.576174780514275,0.01017478051427645,3.3
P012,CGP,5.9,16.818,16.90733357818722,0.08933357818721888,3.3
P012,CGP,6.0,16.052,16.23849237586016,0.18649237586016199,3.3
P012,CGP,6.1,15.261,15.569651173533103,0.3086511735331037,3.3
P012,CGP,6.2,14.431,14.900809971206046,0.46980997120604684,3.3
P012,CGP,6.3,13.559,14.231968768878987,0.672968768878988,3.3
P012,CGP,6.4,12.65,13.56312756655193,0.9131275665519301,3.3
P012,CGP,6.5,11.712,12.894286364224874,1.1822863642248738,3.3
P012,CGP,6.6,10.754,12.225445161897815,1.4714451618978153,3.3
P012,CGP,6.7,9.787,11.556603959570758,1.7696039595707571,3.3
P012,CGP,6.8,8.812,10.8877627572437,2.0757627572437,3.3
P012,CGP,6.9,7.818,10.218921554916642,2.4009215549166427,3.3
P012,CGP,7.0,6.814,9.550080352589585,2.7360803525895854,3.3
P012,CGP,7.1,5.808,8.881239150262527,3.073239150262527,3.3
P012,CGP,7.2,4.81,8.21239794793547,3.4023979479354702,3.3
P012,CGP,7.3,3.833,7.543556745608412,3.710556745608412,3.3
P012,CGP,7.4,2.886,6.874715543281354,3.988715543281354,3.3
P012,CGP,7.5,1.969,6.2058743409542965,4.236874340954296,3.3
P012,CGP,7.6,1.094,5.53703313862724,4.443033138627239,3.3
P012,CGP,7.7,0.277,4.868191936300182,4.591191936300182,3.3
P013,ConstDecel,0.0,31.981,31.981000000000005,3.552713678800501e-15,8.0
P013,ConstDecel,0.1,31.886,31.757521175750828,-0.12847882424917145,8.0
P013,ConstDecel,0.2,31.79,31.53404235150165,-0.2559576484983488,8.0
P013,ConstDecel,0.3,31.696,31.31056352725247,-0.3854364727475321,8.0
P013,ConstDecel,0.4,31.601,31.087084703003292,-0.5139152969967071,8.0
P013,ConstDecel,0.5,31.506,30.863605878754115,-0.6423941212458857,8.0
P013,ConstDecel,0.6,31.412,30.640127054504937,-0.7718729454950619,8.0
P013,ConstDecel,0.7,31.318,30.416648230255756,-0.9013517697442452,8.0
P013,ConstDecel,0.8,31.223,30.19316940600658,-1.0298305939934203,8.0
P013,ConstDecel,0.9,31.13,29.969690581757405,-1.1603094182425941,8.0
P013,ConstDecel,1.0,31.036,29.746211757508227,-1.289788242491774,8.0
P013,ConstDecel,1.1,30.942,29.52273293325905,-1.4192670667409502,8.0
P013,ConstDecel,1.2,30.849,29.29925410900987,-1.5497458909901312,8.0
P013,ConstDecel,1.3,30.755,29.07577528476069,-1.6792247152393074,8.0
P013,ConstDecel,1.4,30.662,28.852296460511514,-1.8097035394884848,8.0
P013,ConstDecel,1.5,30.569,28.628817636262337,-1.9401823637376623,8.0
P013,ConstDecel,1.6,30.476,28.405338812013156,-2.0706611879868433,8.0
P013,ConstDecel,1.7,30.383,28.18185998776398,-2.2011400122360207,8.0
P013,ConstDecel,1.8,30.291,27.958381163514805,-2.332618836485196,8.0
P013,ConstDecel,1.9,30.198,27.734902339265627,-2.4630976607343733,8.0
P013,ConstDecel,2.0,30.106,27.51142351501645,-2.594576484983552,8.0
P013,ConstDecel,2.1,30.014,27.28794469076727,-2.7260553092327307,8.0
P013,ConstDecel,2.2,29.922,27.06446586651809,-2.8575341334819093,8.0
P013,ConstDecel,2.3,29.83,26.840987042268914,-2.9890129577310844,8.0
P013,ConstDecel,2.4,29.738,26.617508218019736,-3.120491781980263,8.0
P013,ConstDecel,2.5,29.647,26.394029393770555,-3.252970606229443,8.0
P013,ConstDecel,2.6,29.556,26.170550569521378,-3.385449430478623,8.0
P013,ConstDecel,2.7,29.464,25.9470717452722,-3.516928254727798,8.0
P013,ConstDecel,2.8,29.373,25.723592921023027,-3.6494070789769744,8.0
P013,ConstDecel,2.9,29.282,25.50011409677385,-3.7818859032261507,8.0
P013,ConstDecel,3.0,29.191,25.276635272524672,-3.914364727475327,8.0
P013,ConstDecel,3.1,29.101,25.05315644827549,-4.047843551724508,8.0
P013,ConstDecel,3.2,29.01,24.829677624026314,-4.180322375973688,8.0
P013,ConstDecel,3.3,28.92,24.606198799777136,-4.313801200222866,8.0
P013,ConstDecel,3.4,28.83,24.382719975527955,-4.447280024472043,8.0
P013,ConstDecel,3.5,28.74,24.159241151278778,-4.580758848721221,8.0
P013,ConstDecel,3.6,28.65,23.9357623270296,-4.714237672970398,8.0
P013,ConstDecel,3.7,28.56,23.712283502780423,-4.847716497219576,8.0
P013,ConstDecel,3.8,28.47,23.48880467853125,-4.98119532146875,8.0
P013,ConstDecel,3.9,28.36,23.26532585428207,-5.094674145717928,8.0
P013,ConstDecel,4.0,28.161,23.04184703003289,-5.119152969967111,8.0
P013,ConstDecel,4.1,27.852,22.818368205783713,-5.033631794216287,8.0
P013,ConstDecel,4.2,27.455,22.594889381534536,-4.8601106184654626,8.0
P013,ConstDecel,4.3,27.002,22.37141055728536,-4.630589442714641,8.0
P013,ConstDecel,4.4,26.517,22.147931733036177,-4.369068266963822,8.0
P013,ConstDecel,4.5,26.013,21.924452908787,-4.088547091213002,8.0
P013,ConstDecel,4.6,25.493,21.700974084537823,-3.792025915462176,8.0
P013,ConstDecel,4.7,24.964,21.477495260288645,-3.4865047397113536,8.0
P013,ConstDecel,4.8,24.427,21.254016436039468,-3.172983563960532,8.0
P013,ConstDecel,4.9,23.888,21.030537611790287,-2.857462388209715,8.0
P013,ConstDecel,5.0,23.361,20.807058787541113,-2.553941212458888,8.0
P013,ConstDecel,5.1,22.879,20.583579963291935,-2.295420036708066,8.0
P013,ConstDecel,5.2,22.473,20.360101139042754,-2.1128988609572446,8.0
P013,ConstDecel,5.3,22.148,20.136622314793577,-2.0113776852064227,8.0
P013,ConstDecel,5.4,21.898,19.9131434905444,-1.9848565094556,8.0
P013,ConstDecel,5.5,21.726,19.689664666295222,-2.036335333704777,8.0
P013,ConstDecel,5.6,21.609,19.466185842046045,-2.142814157953957,8.0
P013,ConstDecel,5.7,21.509,19.242707017796867,-2.266292982203133,8.0
P013,ConstDecel,5.8,21.411,19.01922819354769,-2.3917718064523115,8.0
P013,ConstDecel,5.9,21.317,18.79574936929851,-2.5212506307014912,8.0
P013,ConstDecel,6.0,21.229,18.572270545049335,-2.656729454950664,8.0
P013,ConstDecel,6.1,21.143,18.348791720800158,-2.794208279199843,8.0
P013,ConstDecel,6.2,21.058,18.125312896550977,-2.932687103449023,8.0
P013,ConstDecel,6.3,20.974,17.9018340723018,-3.072165927698201,8.0
P013,ConstDecel,6.4,20.891,17.678355248052622,-3.2126447519473764,8.0
P013,ConstDecel,6.5,20.807,17.454876423803444,-3.352123576196554,8.0
P013,ConstDecel,6.6,20.724,17.231397599554267,-3.4926024004457332,8.0
P013,ConstDecel,6.7,20.64,17.00791877530509,-3.632081224694911,8.0
P013,ConstDecel,6.8,20.557,16.78443995105591,-3.77256004894409,8.0
P013,ConstDecel,6.9,20.474,16.56096112680673,-3.913038873193269,8.0
P013,ConstDecel,7.0,20.392,16.337482302557554,-4.054517697442446,8.0
P013,ConstDecel,7.1,20.309,16.114003478308376,-4.194996521691625,8.0
P013,ConstDecel,7.2,20.227,15.890524654059197,-4.336475345940803,8.0
P013,ConstDecel,7.3,20.144,15.667045829810021,-4.476954170189977,8.0
P013,ConstDecel,7.4,20.062,15.443567005560842,-4.618432994439159,8.0
P013,ConstDecel,7.5,19.98,15.220088181311665,-4.759911818688336,8.0
P013,ConstDecel,7.6,19.898,14.996609357062487,-4.901390642937512,8.0
P013,ConstDecel,7.7,19.803,14.773130532813308,-5.029869467186693,8.0
P013,ConstDecel,7.8,19.588,14.549651708564133,-5.038348291435868,8.0
P013,ConstDecel,7.9,19.166,14.326172884314953,-4.839827115685047,8.0
P013,ConstDecel,8.0,18.489,14.102694060065776,-4.386305939934225,8.0
P013,ConstDecel,8.1,17.551,13.879215235816599,-3.6717847641834,8.0
P013,ConstDecel,8.2,16.311,13.655736411567423,-2.655263588432577,8.0
P013,ConstDecel,8.3,14.737,13.43225758731824,-1.30474241268176,8.0
P013,ConstDecel,8.4,12.938,13.208778763069065,0.2707787630690639,8.0
P013,ConstDecel,8.5,11.001,12.985299938819887,1.9842999388198876,8.0
P013,ConstDecel,8.6,8.973,12.76182111457071,3.788821114570709,8.0
P013,ConstDecel,8.7,6.873,12.538342290321534,5.665342290321534,8.0
P013,ConstDecel,8.8,4.713,12.314863466072351,7.601863466072351,8.0
P013,ConstDecel,8.9,2.528,12.091384641823176,9.563384641823175,8.0
P013,ConstDecel,9.0,0.487,11.867905817573998,11.380905817573998,8.0
P013,SafeEnv,0.0,31.981,31.981000000000005,3.552713678800501e-15,8.0
P013,SafeEnv,0.1,31.886,31.981000000000005,0.09500000000000597,8.0
P013,SafeEnv,0.2,31.79,31.981000000000005,0.19100000000000605,8.0
P013,SafeEnv,0.3,31.696,31.981000000000005,0.2850000000000037,8.0
P013,SafeEnv,0.4,31.601,31.981000000000005,0.3800000000000061,8.0
P013,SafeEnv,0.5,31.506,31.981000000000005,0.475000000000005,8.0
P013,SafeEnv,0.6,31.412,31.981000000000005,0.5690000000000062,8.0
P013,SafeEnv,0.7,31.318,31.981000000000005,0.6630000000000038,8.0
P013,SafeEnv,0.8,31.223,31.981000000000005,0.7580000000000062,8.0
P013,SafeEnv,0.9,31.13,31.981000000000005,0.8510000000000062,8.0
P013,SafeEnv,1.0,31.036,31.981000000000005,0.9450000000000038,8.0
P013,SafeEnv,1.1,30.942,31.981000000000005,1.039000000000005,8.0
P013,SafeEnv,1.2,30.849,31.981000000000005,1.132000000000005,8.0
P013,SafeEnv,1.3,30.755,31.981000000000005,1.2260000000000062,8.0
P013,SafeEnv,1.4,30.662,31.981000000000005,1.3190000000000062,8.0
P013,SafeEnv,1.5,30.569,31.981000000000005,1.4120000000000061,8.0
P013,SafeEnv,1.6,30.476,31.981000000000005,1.505000000000006,8.0
P013,SafeEnv,1.7,30.383,31.981000000000005,1.598000000000006,8.0
P013,SafeEnv,1.8,30.291,31.981000000000005,1.6900000000000048,8.0
P013,SafeEnv,1.9,30.198,31.981000000000005,1.7830000000000048,8.0
P013,SafeEnv,2.0,30.106,31.981000000000005,1.8750000000000036,8.0
P013,SafeEnv,2.1,30.014,31.981000000000005,1.9670000000000059,8.0
P013,SafeEnv,2.2,29.922,31.981000000000005,2.0590000000000046,8.0
P013,SafeEnv,2.3,29.83,31.981000000000005,2.151000000000007,8.0
P013,SafeEnv,2.4,29.738,31.981000000000005,2.2430000000000057,8.0
P013,SafeEnv,2.5,29.647,31.981000000000005,2.3340000000000067,8.0
P013,SafeEnv,2.6,29.556,31.981000000000005,2.4250000000000043,8.0
P013,SafeEnv,2.7,29.464,31.981000000000005,2.5170000000000066,8.0
P013,SafeEnv,2.8,29.373,31.981000000000005,2.608000000000004,8.0
P013,SafeEnv,2.9,29.282,31.981000000000005,2.699000000000005,8.0
P013,SafeEnv,3.0,29.191,31.981000000000005,2.7900000000000063,8.0
P013,SafeEnv,3.1,29.101,31.981000000000005,2.880000000000006,8.0
P013,SafeEnv,3.2,29.01,31.981000000000005,2.9710000000000036,8.0
P013,SafeEnv,3.3,28.92,31.981000000000005,3.0610000000000035,8.0
P013,SafeEnv,3.4,28.83,31.981000000000005,3.151000000000007,8.0
P013,SafeEnv,3.5,28.74,31.981000000000005,3.2410000000000068,8.0
P013,SafeEnv,3.6,28.65,31.981000000000005,3.3310000000000066,8.0
P013,SafeEnv,3.7,28.56,31.981000000000005,3.4210000000000065,8.0
P013,SafeEnv,3.8,28.47,31.981000000000005,3.5110000000000063,8.0
P013,SafeEnv,3.9,28.36,31.981000000000005,3.6210000000000058,8.0
P013,SafeEnv,4.0,28.161,31.981000000000005,3.820000000000004,8.0
P013,SafeEnv,4.1,27.852,31.981000000000005,4.129000000000005,8.0
P013,SafeEnv,4.2,27.455,31.981000000000005,4.526000000000007,8.0
P013,SafeEnv,4.3,27.002,31.981000000000005,4.979000000000006,8.0
P013,SafeEnv,4.4,26.517,31.981000000000005,5.464000000000006,8.0
P013,SafeEnv,4.5,26.013,31.981000000000005,5.9680000000000035,8.0
P013,SafeEnv,4.6,25.493,31.981000000000005,6.488000000000007,8.0
P013,SafeEnv,4.7,24.964,31.981000000000005,7.017000000000007,8.0
P013,SafeEnv,4.8,24.427,31.981000000000005,7.554000000000006,8.0
P013,SafeEnv,4.9,23.888,31.37447979017798,7.486479790177977,8.0
P013,SafeEnv,5.0,23.361,30.700069239708007,7.339069239708007,8.0
P013,SafeEnv,5.1,22.879,30.025821378329127,7.1468213783291255,8.0
P013,SafeEnv,5.2,22.473,29.351743469713995,6.878743469713996,8.0
P013,SafeEnv,5.3,22.148,28.67784327305822,6.529843273058219,8.0
P013,SafeEnv,5.4,21.898,28.004129089052064,6.1061290890520645,8.0
P013,SafeEnv,5.5,21.726,27.330609811294973,5.604609811294974,8.0
P013,SafeEnv,5.6,21.609,26.657294983943256,5.048294983943254,8.0
P013,SafeEnv,5.7,21.509,25.9841948665178,4.4751948665178,8.0
P013,SafeEnv,5.8,21.411,25.311320506963288,3.9003205069632862,8.0
P013,SafeEnv,5.9,21.317,24.63868382424952,3.3216838242495186,8.0
P013,SafeEnv,6.0,21.229,23.96629770204589,2.7372977020458897,8.0
P013,SafeEnv,6.1,21.143,23.29417609529467,2.1511760952946695,8.0
P013,SafeEnv,6.2,21.058,22.622334151868117,1.5643341518681169,8.0
P013,SafeEnv,6.3,20.974,21.950788351938314,0.976788351938314,8.0
P013,SafeEnv,6.4,20.891,21.27955666823726,0.38855666823726054,8.0
P013,SafeEnv,6.5,20.807,20.608658751068464,-0.19834124893153415,8.0
P013,SafeEnv,6.6,20.724,19.938116142787422,-0.7858838572125784,8.0
P013,SafeEnv,6.7,20.64,19.26795252754932,-1.3720474724506815,8.0
P013,SafeEnv,6.8,20.557,18.59819402349311,-1.9588059765068877,8.0
P013,SafeEnv,6.9,20.474,17.928869526285265,-2.5451304737147353,8.0
P013,SafeEnv,7.0,20.392,17.260011115207753,-3.1319888847922464,8.0
P013,SafeEnv,7.1,20.309,16.59165453591153,-3.7173454640884707,8.0
P013,SafeEnv,7.2,20.227,15.923839777807869,-4.3031602221921315,8.0
P013,SafeEnv,7.3,20.144,15.256611769163618,-4.887388230836381,8.0
P013,SafeEnv,7.4,20.062,14.59002121977455,-5.4719787802254505,8.0
P013,SafeEnv,7.5,19.98,13.924125650284212,-6.055874349715788,8.0
P013,SafeEnv,7.6,19.898,13.258990659779224,-6.639009340220776,8.0
P013,SafeEnv,7.7,19.803,12.594691500668775,-7.208308499331226,8.0
P013,SafeEnv,7.8,19.588,11.931315054220992,-7.656684945779009,8.0
P013,SafeEnv,7.9,19.166,11.26896233478982,-7.897037665210181,8.0
P013,SafeEnv,8.0,18.489,10.607751700864256,-7.881248299135745,8.0
P013,SafeEnv,8.1,17.551,9.94782302474405,-7.603176975255948,8.0
P013,SafeEnv,8.2,16.311,9.289343183072337,-7.021656816927663,8.0
P013,SafeEnv,8.3,14.737,8.63251339945754,-6.10448660054246,8.0
P013,SafeEnv,8.4,12.938,7.977579235142909,-4.9604207648570915,8.0
P013,SafeEnv,8.5,11.001,7.324844449143702,-3.676155550856297,8.0
P013,SafeEnv,8.6,8.973,6.674690653030658,-2.2983093469693427,8.0
P013,SafeEnv,8.7,6.873,6.027605887855285,-0.8453941121447155,8.0
P013,SafeEnv,8.8,4.713,5.384227381179604,0.6712273811796043,8.0
P013,SafeEnv,8.9,2.528,4.745407677246558,2.2174076772465576,8.0
P013,SafeEnv,9.0,0.487,4.112320954286232,3.6253209542862317,8.0
P013,CGP,0.0,31.981,31.981000000000005,3.552713678800501e-15,8.0
P013,CGP,0.1,31.886,31.885613636363644,-0.000386363636355469,8.0
P013,CGP,0.2,31.79,31.790227272727282,0.0002272727272831787,8.0
P013,CGP,0.3,31.696,31.69484090909092,-0.0011590909090806178,8.0
P013,CGP,0.4,31.601,31.599454545454556,-0.0015454545454431923,8.0
P013,CGP,0.5,31.506,31.504068181818194,-0.0019318181818057667,8.0
P013,CGP,0.6,31.412,31.408681818181833,-0.0033181818181660105,8.0
P013,CGP,0.7,31.318,31.31329545454547,-0.004704545454529807,8.0
P013,CGP,0.8,31.223,31.21790909090911,-0.005090909090888829,8.0
P013,CGP,0.9,31.13,31.12252272727275,-0.007477272727250295,8.0
P013,CGP,1.0,31.036,31.027136363636387,-0.008863636363614091,8.0
P013,CGP,1.1,30.942,30.931750000000026,-0.010249999999974335,8.0
P013,CGP,1.2,30.849,30.836363636363664,-0.012636363636335801,8.0
P013,CGP,1.3,30.755,30.740977272727303,-0.014022727272696045,8.0
P013,CGP,1.4,30.662,30.645590909090938,-0.016409090909061064,8.0
P013,CGP,1.5,30.569,30.550204545454577,-0.01879545454542253,8.0
P013,CGP,1.6,30.476,30.454818181818215,-0.021181818181783996,8.0
P013,CGP,1.7,30.383,30.359431818181854,-0.02356818181814546,8.0
P013,CGP,1.8,30.291,30.264045454545492,-0.02695454545450815,8.0
P013,CGP,1.9,30.198,30.16865909090913,-0.029340909090869616,8.0
P013,CGP,2.0,30.106,30.07327272727277,-0.032727272727232304,8.0
P013,CGP,2.1,30.014,29.977886363636408,-0.03611363636359144,8.0
P013,CGP,2.2,29.922,29.882500000000046,-0.03949999999995413,8.0
P013,CGP,2.3,29.83,29.787113636363685,-0.04288636363631326,8.0
P013,CGP,2.4,29.738,29.691727272727324,-0.04627272727267595,8.0
P013,CGP,2.5,29.647,29.59634090909096,-0.05065909090903986,8.0
P013,CGP,2.6,29.556,29.500954545454597,-0.05504545454540377,8.0
P013,CGP,2.7,29.464,29.405568181818236,-0.05843181818176291,8.0
P013,CGP,2.8,29.373,29.310181818181874,-0.06281818181812682,8.0
P013,CGP,2.9,29.282,29.214795454545513,-0.06720454545448717,8.0
P013,CGP,3.0,29.191,29.11940909090915,-0.07159090909084753,8.0
P013,CGP,3.1,29.101,29.02402272727279,-0.07697727272720911,8.0
P013,CGP,3.2,29.01,28.92863636363643,-0.08136363636357302,8.0
P013,CGP,3.3,28.92,28.833250000000067,-0.0867499999999346,8.0
P013,CGP,3.4,28.83,28.737863636363706,-0.09213636363629263,8.0
P013,CGP,3.5,28.74,28.642477272727344,-0.09752272727265421,8.0
P013,CGP,3.6,28.65,28.54709090909098,-0.10290909090901934,8.0
P013,CGP,3.7,28.56,28.451704545454618,-0.10829545454538092,8.0
P013,CGP,3.8,28.47,28.356318181818256,-0.1136818181817425,8.0
P013,CGP,3.9,28.36,28.260931818181895,-0.0990681818181045,8.0
P013,CGP,4.0,28.161,28.165545454545533,0.004545454545532124,8.0
P013,CGP,4.1,27.852,28.070159090909172,0.21815909090917174,8.0
P013,CGP,4.2,27.455,27.97477272727281,0.5197727272728123,8.0
P013,CGP,4.3,27.002,27.87938636363645,0.8773863636364503,8.0
P013,CGP,4.4,26.517,27.784000000000088,1.2670000000000883,8.0
P013,CGP,4.5,26.013,27.688613636363726,1.6756136363637246,8.0
P013,CGP,4.6,25.493,27.593227272727365,2.1002272727273663,8.0
P013,CGP,4.7,24.964,27.497840909091,2.5338409090910012,8.0
P013,CGP,4.8,24.427,27.40245454545464,2.975454545454639,8.0
P013,CGP,4.9,23.888,27.307068181818277,3.4190681818182753,8.0
P013,CGP,5.0,23.361,27.211681818181916,3.850681818181915,8.0
P013,CGP,5.1,22.879,27.116295454545554,4.237295454545553,8.0
P013,CGP,5.2,22.473,27.020909090909193,4.547909090909194,8.0
P013,CGP,5.3,22.148,26.92552272727283,4.777522727272832,8.0
P013,CGP,5.4,21.898,26.83013636363647,4.93213636363647,8.0
P013,CGP,5.5,21.726,26.73475000000011,5.008750000000109,8.0
P013,CGP,5.6,21.609,26.639363636363747,5.030363636363745,8.0
P013,CGP,5.7,21.509,26.543977272727382,5.034977272727382,8.0
P013,CGP,5.8,21.411,26.44859090909102,5.037590909091019,8.0
P013,CGP,5.9,21.317,26.35320454545466,5.036204545454659,8.0
P013,CGP,6.0,21.229,26.257818181818298,5.028818181818298,8.0
P013,CGP,6.1,21.143,26.162431818181936,5.0194318181819355,8.0
P013,CGP,6.2,21.058,25.900827970254007,4.842827970254007,8.0
P013,CGP,6.3,20.974,25.227982388192977,4.253982388192977,8.0
P013,CGP,6.4,20.891,24.555136806131948,3.6641368061319497,8.0
P013,CGP,6.5,20.807,23.882291224070922,3.0752912240709236,8.0
P013,CGP,6.6,20.724,23.209445642009893,2.4854456420098927,8.0
P013,CGP,6.7,20.64,22.536600059948864,1.896600059948863,8.0
P013,CGP,6.8,20.557,21.863754477887834,1.3067544778878357,8.0
P013,CGP,6.9,20.474,21.190908895826805,0.7169088958268048,8.0
P013,CGP,7.0,20.392,20.518063313765776,0.12606331376577629,8.0
P013,CGP,7.1,20.309,19.845217731704746,-0.4637822682952546,8.0
P013,CGP,7.2,20.227,19.172372149643717,-1.0546278503562831,8.0
P013,CGP,7.3,20.144,18.499526567582688,-1.6444734324173105,8.0
P013,CGP,7.4,20.062,17.82668098552166,-2.2353190144783426,8.0
P013,CGP,7.5,19.98,17.15383540346063,-2.826164596539371,8.0
P013,CGP,7.6,19.898,16.4809898213996,-3.4170101786003997,8.0
P013,CGP,7.7,19.803,15.808144239338572,-3.9948557606614283,8.0
P013,CGP,7.8,19.588,15.135298657277543,-4.452701342722458,8.0
P013,CGP,7.9,19.166,14.462453075216514,-4.7035469247834865,8.0
P013,CGP,8.0,18.489,13.789607493155485,-4.699392506844516,8.0
P013,CGP,8.1,17.551,12.775852820185365,-4.775147179814633,8.0
P013,CGP,8.2,16.311,11.506428009037114,-4.804571990962886,8.0
P013,CGP,8.3,14.737,10.237003197888864,-4.499996802111136,8.0
P013,CGP,8.4,12.938,8.967578386740612,-3.970421613259388,8.0
P013,CGP,8.5,11.001,7.698153575592363,-3.3028464244076368,8.0
P013,CGP,8.6,8.973,6.428728764444112,-2.5442712355558887,8.0
P013,CGP,8.7,6.873,5.159303953295862,-1.713696046704138,8.0
P013,CGP,8.8,4.713,3.8898791421476115,-0.8231208578523885,8.0
P013,CGP,8.9,2.528,2.6204543309993613,0.09245433099936129,8.0
P013,CGP,9.0,0.487,1.3510295198511104,0.8640295198511104,8.0
P014,ConstDecel,0.0,36.605,36.605,0.0,3.9
P014,ConstDecel,0.1,36.506,36.314980426041416,-0.1910195739585845,3.9
P014,ConstDecel,0.2,36.407,36.024960852082835,-0.38203914791716187,3.9
P014,ConstDecel,0.3,36.308,35.73494127812425,-0.5730587218757464,3.9
P014,ConstDecel,0.4,36.21,35.44492170416567,-0.7650782958343285,3.9
P014,ConstDecel,0.5,36.111,35.154902130207084,-0.956097869792913,3.9
P014,ConstDecel,0.6,36.014,34.8648825562485,-1.1491174437515,3.9
P014,ConstDecel,0.7,35.916,34.57486298228992,-1.341137017710075,3.9
P014,ConstDecel,0.8,35.819,34.28484340833134,-1.534156591668662,3.9
P014,ConstDecel,0.9,35.721,33.99482383437276,-1.726176165627237,3.9
P014,ConstDecel,1.0,35.624,33.70480426041418,-1.919195739585824,3.9
P014,ConstDecel,1.1,35.527,33.4147846864556,-2.1122153135444037,3.9
P014,ConstDecel,1.2,35.431,33.12476511249701,-2.3062348875029883,3.9
P014,ConstDecel,1.3,35.334,32.83474553853843,-2.4992544614615753,3.9
P014,ConstDecel,1.4,35.238,32.54472596457985,-2.6932740354201528,3.9
P014,ConstDecel,1.5,35.141,32.254706390621266,-2.8862936093787326,3.9
P014,ConstDecel,1.6,35.045,31.96468681666268,-3.0803131833373207,3.9
P014,ConstDecel,1.7,34.949,31.6746672427041,-3.2743327572958982,3.9
P014,ConstDecel,1.8,34.854,31.384647668745515,-3.469352331254484,3.9
P014,ConstDecel,1.9,34.758,31.094628094786934,-3.6633719052130687,3.9
P014,ConstDecel,2.0,34.662,30.804608520828353,-3.857391479171646,3.9
P014,ConstDecel,2.1,34.567,30.514588946869768,-4.052411053130232,3.9
P014,ConstDecel,2.2,34.472,30.224569372911187,-4.247430627088814,3.9
P014,ConstDecel,2.3,34.376,29.934549798952606,-4.441450201047392,3.9
P014,ConstDecel,2.4,34.282,29.64453022499402,-4.637469775005975,3.9
P014,ConstDecel,2.5,34.187,29.35451065103544,-4.8324893489645575,3.9
P014,ConstDecel,2.6,34.092,29.06449107707686,-5.02750892292314,3.9
P014,ConstDecel,2.7,33.997,28.774471503118274,-5.222528496881726,3.9
P014,ConstDecel,2.8,33.903,28.484451929159693,-5.4185480708403055,3.9
P014,ConstDecel,2.9,33.808,28.194432355201112,-5.613567644798888,3.9
P014,ConstDecel,3.0,33.714,27.904412781242527,-5.809587218757471,3.9
P014,ConstDecel,3.1,33.62,27.614393207283946,-6.005606792716051,3.9
P014,ConstDecel,3.2,33.524,27.324373633325365,-6.199626366674636,3.9
P014,ConstDecel,3.3,33.417,27.034354059366784,-6.382645940633218,3.9
P014,ConstDecel,3.4,33.281,26.744334485408203,-6.536665514591796,3.9
P014,ConstDecel,3.5,33.093,26.454314911449618,-6.638685088550385,3.9
P014,ConstDecel,3.6,32.861,26.164295337491037,-6.69670466250896,3.9
P014,ConstDecel,3.7,32.564,25.87427576353245,-6.689724236467551,3.9
P014,ConstDecel,3.8,32.206,25.58425618957387,-6.621743810426132,3.9
P014,ConstDecel,3.9,31.799,25.29423661561529,-6.5047633843847095,3.9
P014,ConstDecel,4.0,31.341,25.00421704165671,-6.336782958343292,3.9
P014,ConstDecel,4.1,30.832,24.71419746769812,-6.11780253230188,3.9
P014,ConstDecel,4.2,30.289,24.424177893739543,-5.864822106260458,3.9
P014,ConstDecel,4.3,29.736,24.134158319780962,-5.601841680219039,3.9
P014,ConstDecel,4.4,29.181,23.844138745822374,-5.336861254177627,3.9
P014,ConstDecel,4.5,28.626,23.554119171863793,-5.071880828136209,3.9
P014,ConstDecel,4.6,28.07,23.26409959790521,-4.805900402094789,3.9
P014,ConstDecel,4.7,27.515,22.974080023946627,-4.540919976053374,3.9
P014,ConstDecel,4.8,26.962,22.684060449988046,-4.277939550011954,3.9
P014,ConstDecel,4.9,26.412,22.394040876029464,-4.017959123970535,3.9
P014,ConstDecel,5.0,25.861,22.10402130207088,-3.756978697929121,3.9
P014,ConstDecel,5.1,25.301,21.814001728112302,-3.486998271887696,3.9
P014,ConstDecel,5.2,24.729,21.523982154153718,-3.2050178458462817,3.9
P014,ConstDecel,5.3,24.137,21.233962580195136,-2.903037419804864,3.9
P014,ConstDecel,5.4,23.52,20.94394300623655,-2.576056993763448,3.9
P014,ConstDecel,5.5,22.876,20.65392343227797,-2.2220765677220307,3.9
P014,ConstDecel,5.6,22.215,20.36390385831939,-1.8510961416806104,3.9
P014,ConstDecel,5.7,21.543,20.073884284360805,-1.4691157156391945,3.9
P014,ConstDecel,5.8,20.864,19.783864710402224,-1.0801352895977772,3.9
P014,ConstDecel,5.9,20.182,19.49384513644364,-0.6881548635563597,3.9
P014,ConstDecel,6.0,19.508,19.203825562485058,-0.30417443751494133,3.9
P014,ConstDecel,6.1,18.839,18.913805988526477,0.07480598852647802,3.9
P014,ConstDecel,6.2,18.169,18.623786414567892,0.4547864145678915,3.9
P014,ConstDecel,6.3,17.498,18.33376684060931,0.8357668406093097,3.9
P014,ConstDecel,6.4,16.819,18.04374726665073,1.2247472666507306,3.9
P014,ConstDecel,6.5,16.121,17.753727692692145,1.6327276926921463,3.9
P014,ConstDecel,6.6,15.406,17.463708118733564,2.0577081187335633,3.9
P014,ConstDecel,6.7,14.663,17.173688544774983,2.5106885447749825,3.9
P014,ConstDecel,6.8,13.885,16.8836689708164,2.998668970816402,3.9
P014,ConstDecel,6.9,13.076,16.593649396857817,3.5176493968578164,3.9
P014,ConstDecel,7.0,12.24,16.303629822899236,4.063629822899236,3.9
P014,ConstDecel,7.1,11.371,16.013610248940655,4.642610248940654,3.9
P014,ConstDecel,7.2,10.471,15.72359067498207,5.25259067498207,3.9
P014,ConstDecel,7.3,9.536,15.433571101023489,5.897571101023489,3.9
P014,ConstDecel,7.4,8.547,15.143551527064904,6.5965515270649036,3.9
P014,ConstDecel,7.5,7.49,14.853531953106323,7.363531953106323,3.9
P014,ConstDecel,7.6,6.378,14.56351237914774,8.18551237914774,3.9
P014,ConstDecel,7.7,5.219,14.273492805189159,9.05449280518916,3.9
P014,ConstDecel,7.8,4.026,13.983473231230578,9.957473231230578,3.9
P014,ConstDecel,7.9,2.823,13.693453657271993,10.870453657271993,3.9
P014,ConstDecel,8.0,1.623,13.403434083313412,11.780434083313413,3.9
P014,ConstDecel,8.1,0.444,13.11341450935483,12.66941450935483,3.9
P014,SafeEnv,0.0,36.605,36.605,0.0,3.9
P014,SafeEnv,0.1,36.506,36.605,0.09899999999999665,3.9
P014,SafeEnv,0.2,36.407,36.605,0.1980000000000004,3.9
P014,SafeEnv,0.3,36.308,36.605,0.29699999999999704,3.9
P014,SafeEnv,0.4,36.21,36.605,0.394999999999996,3.9
P014,SafeEnv,0.5,36.111,36.605,0.4939999999999998,3.9
P014,SafeEnv,0.6,36.014,36.605,0.590999999999994,3.9
P014,SafeEnv,0.7,35.916,36.605,0.6890000000000001,3.9
P014,SafeEnv,0.8,35.819,36.605,0.7859999999999943,3.9
P014,SafeEnv,0.9,35.721,36.605,0.8840000000000003,3.9
P014,SafeEnv,1.0,35.624,36.605,0.9809999999999945,3.9
P014,SafeEnv,1.1,35.527,36.605,1.0779999999999959,3.9
P014,SafeEnv,1.2,35.431,36.605,1.1739999999999995,3.9
P014,SafeEnv,1.3,35.334,36.605,1.2709999999999937,3.9
P014,SafeEnv,1.4,35.238,36.605,1.3669999999999973,3.9
P014,SafeEnv,1.5,35.141,36.605,1.4639999999999986,3.9
P014,SafeEnv,1.6,35.045,36.605,1.5599999999999952,3.9
P014,SafeEnv,1.7,34.949,36.605,1.6559999999999988,3.9
P014,SafeEnv,1.8,34.854,36.605,1.7509999999999977,3.9
P014,SafeEnv,1.9,34.758,36.605,1.8469999999999942,3.9
P014,SafeEnv,2.0,34.662,36.605,1.9429999999999978,3.9
P014,SafeEnv,2.1,34.567,36.605,2.0379999999999967,3.9
P014,SafeEnv,2.2,34.472,36.605,2.1329999999999956,3.9
P014,SafeEnv,2.3,34.376,36.605,2.228999999999999,3.9
P014,SafeEnv,2.4,34.282,36.605,2.3230000000000004,3.9
P014,SafeEnv,2.5,34.187,36.605,2.4179999999999993,3.9
P014,SafeEnv,2.6,34.092,36.605,2.512999999999998,3.9
P014,SafeEnv,2.7,33.997,36.605,2.607999999999997,3.9
P014,SafeEnv,2.8,33.903,36.605,2.701999999999998,3.9
P014,SafeEnv,2.9,33.808,36.605,2.796999999999997,3.9
P014,SafeEnv,3.0,33.714,36.605,2.8909999999999982,3.9
P014,SafeEnv,3.1,33.62,36.605,2.9849999999999994,3.9
P014,SafeEnv,3.2,33.524,36.605,3.080999999999996,3.9
P014,SafeEnv,3.3,33.417,36.605,3.1879999999999953,3.9
P014,SafeEnv,3.4,33.281,36.605,3.323999999999998,3.9
P014,SafeEnv,3.5,33.093,36.605,3.5119999999999933,3.9
P014,SafeEnv,3.6,32.861,36.605,3.7439999999999998,3.9
P014,SafeEnv,3.7,32.564,36.10915661426887,3.545156614268869,3.9
P014,SafeEnv,3.8,32.206,35.43377495226803,3.227774952268028,3.9
P014,SafeEnv,3.9,31.799,34.75851595036848,2.959515950368484,3.9
P014,SafeEnv,4.0,31.341,34.083384350384584,2.742384350384583,3.9
P014,SafeEnv,4.1,30.832,33.408385173531556,2.5763851735315555,3.9
P014,SafeEnv,4.2,30.289,32.73352374275445,2.4445237427544484,3.9
P014,SafeEnv,4.3,29.736,32.05880570732795,2.322805707327948,3.9
P014,SafeEnv,4.4,29.181,31.384237070009437,2.203237070009436,3.9
P014,SafeEnv,4.5,28.626,30.709824217069006,2.0838242170690044,3.9
P014,SafeEnv,4.6,28.07,30.03557395156996,1.965573951569958,3.9
P014,SafeEnv,4.7,27.515,29.361493530329742,1.8464935303297416,3.9
P014,SafeEnv,4.8,26.962,28.687590705060224,1.725590705060224,3.9
P014,SafeEnv,4.9,26.412,28.013873768265814,1.6018737682658148,3.9
P014,SafeEnv,5.0,25.861,27.340351604573982,1.4793516045739814,3.9
P014,SafeEnv,5.1,25.301,26.66703374828649,1.3660337482864904,3.9
P014,SafeEnv,5.2,24.729,25.99393044807615,1.26493044807615,3.9
P014,SafeEnv,5.3,24.137,25.321052739918105,1.184052739918105,3.9
P014,SafeEnv,5.4,23.52,24.648412529542735,1.1284125295427359,3.9
P014,SafeEnv,5.5,22.876,23.976022685937796,1.1000226859377946,3.9
P014,SafeEnv,5.6,22.215,23.303897147720388,1.0888971477203881,3.9
P014,SafeEnv,5.7,21.543,22.632051044558363,1.0890510445583637,3.9
P014,SafeEnv,5.8,20.864,21.96050083626285,1.096500836262848,3.9
P014,SafeEnv,5.9,20.182,21.289264472720255,1.1072644727202565,3.9
P014,SafeEnv,6.0,19.508,20.618361578514495,1.110361578514496,3.9
P014,SafeEnv,6.1,18.839,19.947813666942956,1.1088136669429574,3.9
P014,SafeEnv,6.2,18.169,19.277644389206465,1.1086443892064644,3.9
P014,SafeEnv,6.3,17.498,18.60787982592058,1.1098798259205793,3.9
P014,SafeEnv,6.4,16.819,17.93854882984299,1.1195488298429908,3.9
P014,SafeEnv,6.5,16.121,17.269683430963966,1.1486834309639669,3.9
P014,SafeEnv,6.6,15.406,16.601319318033212,1.1953193180332118,3.9
P014,SafeEnv,6.7,14.663,15.933496414431861,1.270496414431861,3.9
P014,SafeEnv,6.8,13.885,15.26625957137108,1.3812595713710802,3.9
P014,SafeEnv,6.9,13.076,14.599659408177388,1.5236594081773873,3.9
P014,SafeEnv,7.0,12.24,13.933753338578814,1.693753338578814,3.9
P014,SafeEnv,7.1,11.371,13.268606834410322,1.8976068344103219,3.9
P014,SafeEnv,7.2,10.471,12.604294995451442,2.1332949954514415,3.9
P014,SafeEnv,7.3,9.536,11.940904518353133,2.404904518353133,3.9
P014,SafeEnv,7.4,8.547,11.278536192090828,2.731536192090827,3.9
P014,SafeEnv,7.5,7.49,10.617308097207152,3.127308097207152,3.9
P014,SafeEnv,7.6,6.378,9.957359759361216,3.579359759361216,3.9
P014,SafeEnv,7.7,5.219,9.298857617465382,4.079857617465382,3.9
P014,SafeEnv,7.8,4.026,8.64200233463061,4.616002334630609,3.9
P014,SafeEnv,7.9,2.823,7.987038743106776,5.164038743106776,3.9
P014,SafeEnv,8.0,1.623,7.3342696368716425,5.711269636871642,3.9
P014,SafeEnv,8.1,0.444,6.68407532402314,6.24007532402314,3.9
P014,CGP,0.0,36.605,36.605,0.0,3.9
P014,CGP,0.1,36.506,36.505863636363635,-0.00013636363636493343,3.9
P014,CGP,0.2,36.407,36.40672727272727,-0.00027272727272986685,3.9
P014,CGP,0.3,36.308,36.307590909090905,-0.0004090909090948003,3.9
P014,CGP,0.4,36.21,36.208454545454536,-0.0015454545454645086,3.9
P014,CGP,0.5,36.111,36.109318181818175,-0.0016818181818223366,3.9
P014,CGP,0.6,36.014,36.010181818181806,-0.0038181818181968197,3.9
P014,CGP,0.7,35.916,35.911045454545444,-0.004954545454552317,3.9
P014,CGP,0.8,35.819,35.811909090909076,-0.0070909090909268,3.9
P014,CGP,0.9,35.721,35.712772727272714,-0.008227272727282298,3.9
P014,CGP,1.0,35.624,35.613636363636346,-0.01036363636365678,3.9
P014,CGP,1.1,35.527,35.514499999999984,-0.012500000000017053,3.9
P014,CGP,1.2,35.431,35.415363636363615,-0.0156363636363821,3.9
P014,CGP,1.3,35.334,35.316227272727254,-0.017772727272749478,3.9
P014,CGP,1.4,35.238,35.217090909090885,-0.020909090909114525,3.9
P014,CGP,1.5,35.141,35.11795454545452,-0.023045454545474797,3.9
P014,CGP,1.6,35.045,35.018818181818155,-0.02618181818184695,3.9
P014,CGP,1.7,34.949,34.91968181818179,-0.02931818181820489,3.9
P014,CGP,1.8,34.854,34.820545454545424,-0.03345454545457471,3.9
P014,CGP,1.9,34.758,34.72140909090906,-0.03659090909093976,3.9
P014,CGP,2.0,34.662,34.622272727272694,-0.03972727272730481,3.9
P014,CGP,2.1,34.567,34.52313636363633,-0.043863636363667524,3.9
P014,CGP,2.2,34.472,34.423999999999964,-0.048000000000037346,3.9
P014,CGP,2.3,34.376,34.3248636363636,-0.05113636363639529,3.9
P014,CGP,2.4,34.282,34.225727272727234,-0.05627272727276278,3.9
P014,CGP,2.5,34.187,34.12659090909087,-0.060409090909125496,3.9
P014,CGP,2.6,34.092,34.0274545454545,-0.06454545454549532,3.9
P014,CGP,2.7,33.997,33.92831818181814,-0.06868181818185803,3.9
P014,CGP,2.8,33.903,33.82918181818177,-0.07381818181822553,3.9
P014,CGP,2.9,33.808,33.73004545454541,-0.07795454545458824,3.9
P014,CGP,3.0,33.714,33.63090909090904,-0.08309090909095573,3.9
P014,CGP,3.1,33.62,33.53177272727268,-0.08822727272731612,3.9
P014,CGP,3.2,33.524,33.43263636363631,-0.09136363636368827,3.9
P014,CGP,3.3,33.417,33.33349999999995,-0.08350000000005053,3.9
P014,CGP,3.4,33.281,33.23436363636358,-0.046636363636416434,3.9
P014,CGP,3.5,33.093,33.13522727272722,0.04222727272721727,3.9
P014,CGP,3.6,32.861,33.03609090909085,0.175090909090855,3.9
P014,CGP,3.7,32.564,32.93695454545449,0.37295454545449047,3.9
P014,CGP,3.8,32.206,32.83781818181812,0.6318181818181188,3.9
P014,CGP,3.9,31.799,32.73868181818176,0.9396818181817608,3.9
P014,CGP,4.0,31.341,32.298636363636305,0.9576363636363041,3.9
P014,CGP,4.1,30.832,31.571484632136727,0.7394846321367261,3.9
P014,CGP,4.2,30.289,30.844332900637152,0.5553329006371506,3.9
P014,CGP,4.3,29.736,30.117181169137574,0.38118116913757305,3.9
P014,CGP,4.4,29.181,29.390029437638,0.20902943763799797,3.9
P014,CGP,4.5,28.626,28.66287770613842,0.03687770613841934,3.9
P014,CGP,4.6,28.07,27.935725974638846,-0.13427402536115451,3.9
P014,CGP,4.7,27.515,27.20857424313927,-0.3064257568607296,3.9
P014,CGP,4.8,26.962,26.481422511639693,-0.4805774883603071,3.9
P014,CGP,4.9,26.412,25.754270780140118,-0.6577292198598812,3.9
P014,CGP,5.0,25.861,25.027119048640543,-0.8338809513594576,3.9
P014,CGP,5.1,25.301,24.299967317140965,-1.0010326828590337,3.9
P014,CGP,5.2,24.729,23.57281558564139,-1.1561844143586093,3.9
P014,CGP,5.3,24.137,22.84566385414181,-1.291336145858189,3.9
P014,CGP,5.4,23.52,22.118512122642237,-1.4014878773577628,3.9
P014,CGP,5.5,22.876,21.39136039114266,-1.4846396088573428,3.9
P014,CGP,5.6,22.215,20.66420865964308,-1.5507913403569198,3.9
P014,CGP,5.7,21.543,19.9370569281435,-1.6059430718564975,3.9
P014,CGP,5.8,20.864,19.209905196643923,-1.6540948033560774,3.9
P014,CGP,5.9,20.182,18.482753465144345,-1.6992465348556536,3.9
P014,CGP,6.0,19.508,17.755601733644767,-1.7523982663552324,3.9
P014,CGP,6.1,18.839,17.02845000214519,-1.8105499978548103,3.9
P014,CGP,6.2,18.169,16.301298270645606,-1.867701729354394,3.9
P014,CGP,6.3,17.498,15.57414653914603,-1.9238534608539712,3.9
P014,CGP,6.4,16.819,14.846994807646452,-1.9720051923535475,3.9
P014,CGP,6.5,16.121,14.119843076146873,-2.0011569238531255,3.9
P014,CGP,6.6,15.406,13.392691344647293,-2.0133086553527075,3.9
P014,CGP,6.7,14.663,12.665539613147715,-1.9974603868522856,3.9
P014,CGP,6.8,13.885,11.938387881648136,-1.9466121183518634,3.9
P014,CGP,6.9,13.076,11.211236150148558,-1.8647638498514425,3.9
P014,CGP,7.0,12.24,10.484084418648981,-1.7559155813510188,3.9
P014,CGP,7.1,11.371,9.756932687149403,-1.6140673128505973,3.9
P014,CGP,7.2,10.471,9.029780955649827,-1.4412190443501736,3.9
P014,CGP,7.3,9.536,8.302629224150248,-1.2333707758497514,3.9
P014,CGP,7.4,8.547,7.575477492650672,-0.971522507349329,3.9
P014,CGP,7.5,7.49,6.848325761151094,-0.6416742388489061,3.9
P014,CGP,7.6,6.378,6.121174029651517,-0.2568259703484834,3.9
P014,CGP,7.7,5.219,5.394022298151939,0.17502229815193893,3.9
P014,CGP,7.8,4.026,4.666870566652362,0.640870566652362,3.9
P014,CGP,7.9,2.823,3.9397188351527848,1.1167188351527848,3.9
P014,CGP,8.0,1.623,3.2125671036532073,1.5895671036532073,3.9
P014,CGP,8.1,0.444,2.4854153721536294,2.0414153721536294,3.9
P015,ConstDecel,0.0,17.511,17.511,0.0,11.8
P015,ConstDecel,0.1,17.528,17.444693541610764,-0.08330645838923445,11.8
P015,ConstDecel,0.2,17.545,17.378387083221526,-0.166612916778476,11.8
P015,ConstDecel,0.3,17.561,17.31208062483229,-0.24891937516770923,11.8
P015,ConstDecel,0.4,17.576,17.245774166443056,-0.3302258335569448,11.8
P015,ConstDecel,0.5,17.591,17.17946770805382,-0.41153229194618035,11.8
P015,ConstDecel,0.6,17.605,17.113161249664586,-0.4918387503354147,11.8
P015,ConstDecel,0.7,17.618,17.046854791275347,-0.5711452087246514,11.8
P015,ConstDecel,0.8,17.631,16.980548332886112,-0.650451667113888,11.8
P015,ConstDecel,0.9,17.644,16.914241874496874,-0.7297581255031247,11.8
P015,ConstDecel,1.0,17.657,16.84793541610764,-0.8090645838923614,11.8
P015,ConstDecel,1.1,17.671,16.781628957718404,-0.8893710422815957,11.8
P015,ConstDecel,1.2,17.685,16.715322499329165,-0.9696775006708336,11.8
P015,ConstDecel,1.3,17.699,16.649016040939934,-1.049983959060068,11.8
P015,ConstDecel,1.4,17.714,16.582709582550695,-1.1312904174493035,11.8
P015,ConstDecel,1.5,17.728,16.51640312416146,-1.2115968758385414,11.8
P015,ConstDecel,1.6,17.741,16.450096665772225,-1.2909033342277745,11.8
P015,ConstDecel,1.7,17.754,16.383790207382987,-1.3702097926170147,11.8
P015,ConstDecel,1.8,17.767,16.31748374899375,-1.4495162510062478,11.8
P015,ConstDecel,1.9,17.782,16.251177290604513,-1.530822709395487,11.8
P015,ConstDecel,2.0,17.803,16.18487083221528,-1.6181291677847192,11.8
P015,ConstDecel,2.1,17.824,16.118564373826043,-1.7054356261739585,11.8
P015,ConstDecel,2.2,17.835,16.052257915436808,-1.7827420845631927,11.8
P015,ConstDecel,2.3,17.835,15.985951457047571,-1.8490485429524295,11.8
P015,ConstDecel,2.4,17.824,15.919644998658336,-1.9043550013416652,11.8
P015,ConstDecel,2.5,17.798,15.8533385402691,-1.9446614597308987,11.8
P015,ConstDecel,2.6,17.752,15.787032081879863,-1.964967918120136,11.8
P015,ConstDecel,2.7,17.685,15.720725623490626,-1.9642743765093726,11.8
P015,ConstDecel,2.8,17.605,15.654419165101391,-1.9505808348986093,11.8
P015,ConstDecel,2.9,17.52,15.588112706712156,-1.9318872932878435,11.8
P015,ConstDecel,3.0,17.434,15.521806248322921,-1.91219375167708,11.8
P015,ConstDecel,3.1,17.349,15.455499789933684,-1.8935002100663159,11.8
P015,ConstDecel,3.2,17.263,15.389193331544448,-1.873806668455554,11.8
P015,ConstDecel,3.3,17.178,15.32288687315521,-1.85511312684479,11.8
P015,ConstDecel,3.4,17.094,15.256580414765976,-1.8374195852340254,11.8
P015,ConstDecel,3.5,17.009,15.190273956376739,-1.8187260436232613,11.8
P015,ConstDecel,3.6,16.924,15.123967497987506,-1.8000325020124937,11.8
P015,ConstDecel,3.7,16.84,15.057661039598269,-1.7823389604017308,11.8
P015,ConstDecel,3.8,16.756,14.991354581209032,-1.764645418790968,11.8
P015,ConstDecel,3.9,16.673,14.925048122819796,-1.7479518771802027,11.8
P015,ConstDecel,4.0,16.589,14.85874166443056,-1.730258335569438,11.8
P015,ConstDecel,4.1,16.506,14.792435206041324,-1.7135647939586764,11.8
P015,ConstDecel,4.2,16.423,14.726128747652087,-1.6968712523479113,11.8
P015,ConstDecel,4.3,16.34,14.65982228926285,-1.6801777107371496,11.8
P015,ConstDecel,4.4,16.257,14.593515830873615,-1.6634841691263862,11.8
P015,ConstDecel,4.5,16.175,14.527209372484378,-1.6477906275156222,11.8
P015,ConstDecel,4.6,16.093,14.460902914095145,-1.6320970859048547,11.8
P015,ConstDecel,4.7,16.011,14.394596455705909,-1.6164035442940907,11.8
P015,ConstDecel,4.8,15.929,14.328289997316672,-1.6007100026833285,11.8
P015,ConstDecel,4.9,15.848,14.261983538927435,-1.5860164610725658,11.8
P015,ConstDecel,5.0,15.767,14.1956770805382,-1.5713229194617995,11.8
P015,ConstDecel,5.1,15.686,14.129370622148965,-1.556629377851035,11.8
P015,ConstDecel,5.2,15.605,14.06306416375973,-1.5419358362402704,11.8
P015,ConstDecel,5.3,15.524,13.996757705370493,-1.527242294629506,11.8
P015,ConstDecel,5.4,15.444,13.930451246981256,-1.5135487530187444,11.8
P015,ConstDecel,5.5,15.364,13.86414478859202,-1.499855211407981,11.8
P015,ConstDecel,5.6,15.284,13.797838330202785,-1.486161669797216,11.8
P015,ConstDecel,5.7,15.204,13.731531871813548,-1.4724681281864527,11.8
P015,ConstDecel,5.8,15.125,13.665225413424311,-1.4597745865756888,11.8
P015,ConstDecel,5.9,15.046,13.598918955035074,-1.447081044964925,11.8
P015,ConstDecel,6.0,14.967,13.53261249664584,-1.434387503354161,11.8
P015,ConstDecel,6.1,14.888,13.466306038256604,-1.4216939617433955,11.8
P015,ConstDecel,6.2,14.809,13.39999957986737,-1.4090004201326298,11.8
P015,ConstDecel,6.3,14.731,13.333693121478133,-1.3973068785218672,11.8
P015,ConstDecel,6.4,14.653,13.267386663088896,-1.3856133369111046,11.8
P015,ConstDecel,6.5,14.575,13.20108020469966,-1.3739197953003401,11.8
P015,ConstDecel,6.6,14.497,13.134773746310424,-1.3622262536895757,11.8
P015,ConstDecel,6.7,14.419,13.068467287921187,-1.350532712078813,11.8
P015,ConstDecel,6.8,14.342,13.002160829531954,-1.3398391704680463,11.8
P015,ConstDecel,6.9,14.265,12.935854371142717,-1.3291456288572832,11.8
P015,ConstDecel,7.0,14.188,12.86954791275348,-1.31845208724652,11.8
P015,ConstDecel,7.1,14.111,12.803241454364244,-1.3077585456357568,11.8
P015,ConstDecel,7.2,14.035,12.736934995975009,-1.2980650040249913,11.8
P015,ConstDecel,7.3,13.958,12.670628537585772,-1.287371462414228,11.8
P015,ConstDecel,7.4,13.882,12.604322079196535,-1.2776779208034643,11.8
P015,ConstDecel,7.5,13.806,12.5380156208073,-1.2679843791926988,11.8
P015,ConstDecel,7.6,13.731,12.471709162418064,-1.2592908375819363,11.8
P015,ConstDecel,7.7,13.655,12.405402704028827,-1.2495972959711725,11.8
P015,ConstDecel,7.8,13.58,12.339096245639594,-1.2409037543604065,11.8
P015,ConstDecel,7.9,13.505,12.272789787250357,-1.232210212749644,11.8
P015,ConstDecel,8.0,13.43,12.20648332886112,-1.2235166711388796,11.8
P015,ConstDecel,8.1,13.355,12.140176870471885,-1.2148231295281153,11.8
P015,ConstDecel,8.2,13.281,12.07387041208265,-1.2071295879173505,11.8
P015,ConstDecel,8.3,13.206,12.007563953693412,-1.198436046306588,11.8
P015,ConstDecel,8.4,13.132,11.941257495304178,-1.1907425046958213,11.8
P015,ConstDecel,8.5,13.058,11.874951036914942,-1.1830489630850582,11.8
P015,ConstDecel,8.6,12.985,11.808644578525705,-1.1763554214742946,11.8
P015,ConstDecel,8.7,12.911,11.742338120136468,-1.1686618798635315,11.8
P015,ConstDecel,8.8,12.838,11.676031661747233,-1.1619683382527661,11.8
P015,ConstDecel,8.9,12.765,11.609725203357996,-1.1552747966420043,11.8
P015,ConstDecel,9.0,12.692,11.54341874496876,-1.1485812550312406,11.8
P015,ConstDecel,9.1,12.619,11.477112286579525,-1.1418877134204752,11.8
P015,ConstDecel,9.2,12.546,11.410805828190288,-1.1351941718097116,11.8
P015,ConstDecel,9.3,12.474,11.344499369801051,-1.1295006301989492,11.8
P015,ConstDecel,9.4,12.402,11.278192911411814,-1.123807088588185,11.8
P015,ConstDecel,9.5,12.33,11.211886453022581,-1.118113546977419,11.8
P015,ConstDecel,9.6,12.258,11.145579994633344,-1.1124200053666549,11.8
P015,ConstDecel,9.7,12.186,11.079273536244111,-1.106726463755889,11.8
P015,ConstDecel,9.8,12.115,11.012967077854872,-1.1020329221451277,11.8
P015,ConstDecel,9.9,12.043,10.946660619465638,-1.0963393805343618,11.8
P015,ConstDecel,10.0,11.972,10.8803541610764,-1.0916458389235988,11.8
P015,ConstDecel,10.1,11.901,10.814047702687164,-1.0869522973128358,11.8
P015,ConstDecel,10.2,11.831,10.747741244297929,-1.0832587557020705,11.8
P015,ConstDecel,10.3,11.76,10.681434785908692,-1.0785652140913076,11.8
P015,ConstDecel,10.4,11.69,10.615128327519457,-1.0748716724805423,11.8
P015,ConstDecel,10.5,11.62,10.54882186913022,-1.0711781308697788,11.8
P015,ConstDecel,10.6,11.55,10.482515410740985,-1.0674845892590152,11.8
P015,ConstDecel,10.7,11.48,10.416208952351749,-1.0637910476482517,11.8
P015,ConstDecel,10.8,11.41,10.349902493962514,-1.0600975060374864,11.8
P015,ConstDecel,10.9,11.341,10.283596035573277,-1.0574039644267224,11.8
P015,ConstDecel,11.0,11.271,10.217289577184042,-1.0537104228159588,11.8
P015,ConstDecel,11.1,11.202,10.150983118794805,-1.0510168812051948,11.8
P015,ConstDecel,11.2,11.133,10.084676660405568,-1.0483233395944307,11.8
P015,ConstDecel,11.3,11.064,10.018370202016333,-1.0456297979836666,11.8
P015,ConstDecel,11.4,10.996,9.952063743627097,-1.0439362563729038,11.8
P015,ConstDecel,11.5,10.927,9.885757285237862,-1.041242714762138,11.8
P015,ConstDecel,11.6,10.859,9.819450826848625,-1.039549173151375,11.8
P015,ConstDecel,11.7,10.784,9.75314436845939,-1.0308556315406108,11.8
P015,ConstDecel,11.8,10.68,9.686837910070153,-0.9931620899298466,11.8
P015,ConstDecel,11.9,10.526,9.620531451680918,-0.9054685483190816,11.8
P015,ConstDecel,12.0,10.319,9.554224993291681,-0.7647750067083194,11.8
P015,ConstDecel,12.1,10.06,9.487918534902445,-0.5720814650975559,11.8
P015,ConstDecel,12.2,9.758,9.42161207651321,-0.3363879234867895,11.8
P015,ConstDecel,12.3,9.419,9.355305618123973,-0.0636943818760276,11.8
P015,ConstDecel,12.4,9.047,9.288999159734738,0.2419991597347373,11.8
P015,ConstDecel,12.5,8.633,9.222692701345501,0.589692701345502,11.8
P015,ConstDecel,12.6,8.188,9.156386242956266,0.9683862429562655,11.8
P015,ConstDecel,12.7,7.723,9.09007978456703,1.3670797845670295,11.8
P015,ConstDecel,12.8,7.244,9.023773326177793,1.7797733261777928,11.8
P015,ConstDecel,12.9,6.772,8.957466867788558,2.1854668677885574,11.8
P015,ConstDecel,13.0,6.33,8.89116040939932,2.5611604093993208,11.8
P015,ConstDecel,13.1,5.922,8.824853951010086,2.902853951010086,11.8
P015,ConstDecel,13.2,5.546,8.758547492620849,3.212547492620849,11.8
P015,ConstDecel,13.3,5.196,8.692241034231612,3.4962410342316126,11.8
P015,ConstDecel,13.4,4.871,8.625934575842377,3.754934575842377,11.8
P015,ConstDecel,13.5,4.573,8.559628117453142,3.986628117453142,11.8
P015,ConstDecel,13.6,4.305,8.493321659063906,4.188321659063906,11.8
P015,ConstDecel,13.7,4.07,8.42701520067467,4.35701520067467,11.8
P015,ConstDecel,13.8,3.871,8.360708742285432,4.489708742285432,11.8
P015,ConstDecel,13.9,3.707,8.294402283896197,4.587402283896197,11.8
P015,ConstDecel,14.0,3.587,8.228095825506962,4.641095825506962,11.8
P015,ConstDecel,14.1,3.508,8.161789367117725,4.653789367117725,11.8
P015,ConstDecel,14.2,3.456,8.09548290872849,4.639482908728491,11.8
P015,ConstDecel,14.3,3.414,8.029176450339252,4.615176450339252,11.8
P015,ConstDecel,14.4,3.373,7.962869991950018,4.589869991950017,11.8
P015,ConstDecel,14.5,3.333,7.896563533560781,4.563563533560781,11.8
P015,ConstDecel,14.6,3.293,7.830257075171546,4.537257075171546,11.8
P015,ConstDecel,14.7,3.252,7.76395061678231,4.51195061678231,11.8
P015,ConstDecel,14.8,3.212,7.697644158393073,4.4856441583930735,11.8
P015,ConstDecel,14.9,3.171,7.631337700003837,4.460337700003837,11.8
P015,ConstDecel,15.0,3.131,7.565031241614602,4.434031241614603,11.8
P015,ConstDecel,15.1,3.091,7.498724783225366,4.407724783225365,11.8
P015,ConstDecel,15.2,3.051,7.43241832483613,4.38141832483613,11.8
P015,ConstDecel,15.3,3.012,7.366111866446893,4.3541118664468925,11.8
P015,ConstDecel,15.4,2.973,7.299805408057657,4.326805408057657,11.8
P015,ConstDecel,15.5,2.934,7.233498949668422,4.299498949668422,11.8
P015,ConstDecel,15.6,2.895,7.167192491279185,4.272192491279185,11.8
P015,ConstDecel,15.7,2.857,7.10088603288995,4.24388603288995,11.8
P015,ConstDecel,15.8,2.819,7.034579574500713,4.215579574500713,11.8
P015,ConstDecel,15.9,2.781,6.968273116111478,4.187273116111477,11.8
P015,ConstDecel,16.0,2.744,6.901966657722242,4.157966657722241,11.8
P015,ConstDecel,16.1,2.707,6.835660199333004,4.128660199333004,11.8
P015,ConstDecel,16.2,2.671,6.76935374094377,4.09835374094377,11.8
P015,ConstDecel,16.3,2.632,6.703047282554532,4.071047282554533,11.8
P015,ConstDecel,16.4,2.588,6.636740824165299,4.048740824165299,11.8
P015,ConstDecel,16.5,2.537,6.570434365776062,4.0334343657760625,11.8
P015,ConstDecel,16.6,2.48,6.504127907386824,4.0241279073868235,11.8
P015,ConstDecel,16.7,2.419,6.43782144899759,4.01882144899759,11.8
P015,ConstDecel,16.8,2.359,6.371514990608354,4.012514990608354,11.8
P015,ConstDecel,16.9,2.319,6.30520853221912,3.98620853221912,11.8
P015,ConstDecel,17.0,2.302,6.238902073829881,3.936902073829881,11.8
P015,SafeEnv,0.0,17.511,17.511,0.0,11.8
P015,SafeEnv,0.1,17.528,17.511,-0.01699999999999946,11.8
P015,SafeEnv,0.2,17.545,17.511,-0.03400000000000247,11.8
P015,SafeEnv,0.3,17.561,17.511,-0.05000000000000071,11.8
P015,SafeEnv,0.4,17.576,17.511,-0.06500000000000128,11.8
P015,SafeEnv,0.5,17.591,17.511,-0.08000000000000185,11.8
P015,SafeEnv,0.6,17.605,17.511,-0.0940000000000012,11.8
P015,SafeEnv,0.7,17.618,17.511,-0.10699999999999932,11.8
P015,SafeEnv,0.8,17.631,17.511,-0.120000000000001,11.8
P015,SafeEnv,0.9,17.644,17.511,-0.13299999999999912,11.8
P015,SafeEnv,1.0,17.657,17.511,-0.1460000000000008,11.8
P015,SafeEnv,1.1,17.671,17.511,-0.16000000000000014,11.8
P015,SafeEnv,1.2,17.685,17.511,-0.1739999999999995,11.8
P015,SafeEnv,1.3,17.699,17.511,-0.1880000000000024,11.8
P015,SafeEnv,1.4,17.714,17.511,-0.2029999999999994,11.8
P015,SafeEnv,1.5,17.728,17.511,-0.2170000000000023,11.8
P015,SafeEnv,1.6,17.741,17.511,-0.23000000000000043,11.8
P015,SafeEnv,1.7,17.754,17.511,-0.2430000000000021,11.8
P015,SafeEnv,1.8,17.767,17.511,-0.2560000000000002,11.8
P015,SafeEnv,1.9,17.782,17.511,-0.2710000000000008,11.8
P015,SafeEnv,2.0,17.803,17.511,-0.2920000000000016,11.8
P015,SafeEnv,2.1,17.824,17.511,-0.3130000000000024,11.8
P015,SafeEnv,2.2,17.835,17.511,-0.3240000000000016,11.8
P015,SafeEnv,2.3,17.835,17.511,-0.3240000000000016,11.8
P015,SafeEnv,2.4,17.824,17.511,-0.3130000000000024,11.8
P015,SafeEnv,2.5,17.798,17.511,-0.28699999999999903,11.8
P015,SafeEnv,2.6,17.752,17.511,-0.24099999999999966,11.8
P015,SafeEnv,2.7,17.685,17.511,-0.1739999999999995,11.8
P015,SafeEnv,2.8,17.605,17.511,-0.0940000000000012,11.8
P015,SafeEnv,2.9,17.52,17.511,-0.009000000000000341,11.8
P015,SafeEnv,3.0,17.434,17.511,0.07699999999999818,11.8
P015,SafeEnv,3.1,17.349,17.511,0.16199999999999903,11.8
P015,SafeEnv,3.2,17.263,17.511,0.24799999999999756,11.8
P015,SafeEnv,3.3,17.178,17.511,0.3329999999999984,11.8
P015,SafeEnv,3.4,17.094,17.511,0.41699999999999804,11.8
P015,SafeEnv,3.5,17.009,17.511,0.5019999999999989,11.8
P015,SafeEnv,3.6,16.924,17.511,0.5869999999999997,11.8
P015,SafeEnv,3.7,16.84,17.511,0.6709999999999994,11.8
P015,SafeEnv,3.8,16.756,17.511,0.754999999999999,11.8
P015,SafeEnv,3.9,16.673,17.511,0.838000000000001,11.8
P015,SafeEnv,4.0,16.589,17.511,0.9220000000000006,11.8
P015,SafeEnv,4.1,16.506,17.511,1.004999999999999,11.8
P015,SafeEnv,4.2,16.423,17.511,1.088000000000001,11.8
P015,SafeEnv,4.3,16.34,17.511,1.1709999999999994,11.8
P015,SafeEnv,4.4,16.257,17.511,1.2539999999999978,11.8
P015,SafeEnv,4.5,16.175,17.511,1.3359999999999985,11.8
P015,SafeEnv,4.6,16.093,17.511,1.4179999999999993,11.8
P015,SafeEnv,4.7,16.011,17.511,1.5,11.8
P015,SafeEnv,4.8,15.929,17.511,1.581999999999999,11.8
P015,SafeEnv,4.9,15.848,17.511,1.6629999999999985,11.8
P015,SafeEnv,5.0,15.767,17.511,1.7439999999999998,11.8
P015,SafeEnv,5.1,15.686,17.511,1.8249999999999993,11.8
P015,SafeEnv,5.2,15.605,17.511,1.9059999999999988,11.8
P015,SafeEnv,5.3,15.524,17.511,1.987,11.8
P015,SafeEnv,5.4,15.444,17.511,2.0669999999999984,11.8
P015,SafeEnv,5.5,15.364,17.511,2.1469999999999985,11.8
P015,SafeEnv,5.6,15.284,17.511,2.2269999999999985,11.8
P015,SafeEnv,5.7,15.204,17.511,2.3069999999999986,11.8
P015,SafeEnv,5.8,15.125,17.511,2.3859999999999992,11.8
P015,SafeEnv,5.9,15.046,17.511,2.465,11.8
P015,SafeEnv,6.0,14.967,17.511,2.5439999999999987,11.8
P015,SafeEnv,6.1,14.888,17.511,2.6229999999999993,11.8
P015,SafeEnv,6.2,14.809,17.511,2.702,11.8
P015,SafeEnv,6.3,14.731,17.511,2.7799999999999994,11.8
P015,SafeEnv,6.4,14.653,17.511,2.8579999999999988,11.8
P015,SafeEnv,6.5,14.575,17.511,2.936,11.8
P015,SafeEnv,6.6,14.497,17.511,3.0139999999999993,11.8
P015,SafeEnv,6.7,14.419,17.511,3.0919999999999987,11.8
P015,SafeEnv,6.8,14.342,17.511,3.1689999999999987,11.8
P015,SafeEnv,6.9,14.265,17.511,3.2459999999999987,11.8
P015,SafeEnv,7.0,14.188,17.511,3.3229999999999986,11.8
P015,SafeEnv,7.1,14.111,17.511,3.3999999999999986,11.8
P015,SafeEnv,7.2,14.035,17.511,3.475999999999999,11.8
P015,SafeEnv,7.3,13.958,17.511,3.552999999999999,11.8
P015,SafeEnv,7.4,13.882,17.511,3.6289999999999996,11.8
P015,SafeEnv,7.5,13.806,17.511,3.705,11.8
P015,SafeEnv,7.6,13.731,17.511,3.7799999999999994,11.8
P015,SafeEnv,7.7,13.655,17.511,3.856,11.8
P015,SafeEnv,7.8,13.58,17.511,3.930999999999999,11.8
P015,SafeEnv,7.9,13.505,17.511,4.0059999999999985,11.8
P015,SafeEnv,8.0,13.43,17.511,4.0809999999999995,11.8
P015,SafeEnv,8.1,13.355,17.511,4.155999999999999,11.8
P015,SafeEnv,8.2,13.281,17.511,4.229999999999999,11.8
P015,SafeEnv,8.3,13.206,17.511,4.305,11.8
P015,SafeEnv,8.4,13.132,17.511,4.379,11.8
P015,SafeEnv,8.5,13.058,17.511,4.452999999999999,11.8
P015,SafeEnv,8.6,12.985,17.511,4.526,11.8
P015,SafeEnv,8.7,12.911,17.511,4.6,11.8
P015,SafeEnv,8.8,12.838,17.511,4.673,11.8
P015,SafeEnv,8.9,12.765,17.511,4.745999999999999,11.8
P015,SafeEnv,9.0,12.692,17.511,4.818999999999999,11.8
P015,SafeEnv,9.1,12.619,17.511,4.8919999999999995,11.8
P015,SafeEnv,9.2,12.546,17.511,4.965,11.8
P015,SafeEnv,9.3,12.474,17.511,5.036999999999999,11.8
P015,SafeEnv,9.4,12.402,17.511,5.109,11.8
P015,SafeEnv,9.5,12.33,17.511,5.180999999999999,11.8
P015,SafeEnv,9.6,12.258,17.511,5.253,11.8
P015,SafeEnv,9.7,12.186,17.511,5.324999999999999,11.8
P015,SafeEnv,9.8,12.115,17.511,5.395999999999999,11.8
P015,SafeEnv,9.9,12.043,17.511,5.468,11.8
P015,SafeEnv,10.0,11.972,17.511,5.539,11.8
P015,SafeEnv,10.1,11.901,17.511,5.609999999999999,11.8
P015,SafeEnv,10.2,11.831,17.511,5.68,11.8
P015,SafeEnv,10.3,11.76,17.511,5.7509999999999994,11.8
P015,SafeEnv,10.4,11.69,17.511,5.821,11.8
P015,SafeEnv,10.5,11.62,17.511,5.891,11.8
P015,SafeEnv,10.6,11.55,17.511,5.9609999999999985,11.8
P015,SafeEnv,10.7,11.48,17.511,6.030999999999999,11.8
P015,SafeEnv,10.8,11.41,17.511,6.100999999999999,11.8
P015,SafeEnv,10.9,11.341,17.511,6.17,11.8
P015,SafeEnv,11.0,11.271,17.511,6.239999999999998,11.8
P015,SafeEnv,11.1,11.202,17.511,6.308999999999999,11.8
P015,SafeEnv,11.2,11.133,17.511,6.378,11.8
P015,SafeEnv,11.3,11.064,17.511,6.446999999999999,11.8
P015,SafeEnv,11.4,10.996,17.511,6.514999999999999,11.8
P015,SafeEnv,11.5,10.927,17.511,6.584,11.8
P015,SafeEnv,11.6,10.859,17.511,6.651999999999999,11.8
P015,SafeEnv,11.7,10.784,17.511,6.7269999999999985,11.8
P015,SafeEnv,11.8,10.68,17.511,6.8309999999999995,11.8
P015,SafeEnv,11.9,10.526,17.511,6.984999999999999,11.8
P015,SafeEnv,12.0,10.319,16.981268414222157,6.662268414222156,11.8
P015,SafeEnv,12.1,10.06,16.313132626846045,6.253132626846044,11.8
P015,SafeEnv,12.2,9.758,15.64555674908011,5.887556749080112,11.8
P015,SafeEnv,12.3,9.419,14.978588007733341,5.559588007733341,11.8
P015,SafeEnv,12.4,9.047,14.3122798150095,5.2652798150094995,11.8
P015,SafeEnv,12.5,8.633,13.646692890033835,5.013692890033836,11.8
P015,SafeEnv,12.6,8.188,12.98189664497608,4.79389664497608,11.8
P015,SafeEnv,12.7,7.723,12.317970913928654,4.5949709139286545,11.8
P015,SafeEnv,12.8,7.244,11.655008130870598,4.411008130870599,11.8
P015,SafeEnv,12.9,6.772,10.993116103380963,4.221116103380963,11.8
P015,SafeEnv,13.0,6.33,10.332421587474638,4.002421587474638,11.8
P015,SafeEnv,13.1,5.922,9.673074955938965,3.7510749559389653,11.8
P015,SafeEnv,13.2,5.546,9.015256384063552,3.4692563840635513,11.8
P015,SafeEnv,13.3,5.196,8.359184179837106,3.1631841798371063,11.8
P015,SafeEnv,13.4,4.871,7.705126207260392,2.8341262072603914,11.8
P015,SafeEnv,13.5,4.573,7.053415874296068,2.4804158742960674,11.8
P015,SafeEnv,13.6,4.305,6.4044750331730125,2.0994750331730128,11.8
P015,SafeEnv,13.7,4.07,5.758847659816056,1.688847659816056,11.8
P015,SafeEnv,13.8,3.871,5.117250916065186,1.2462509160651858,11.8
P015,SafeEnv,13.9,3.707,4.480655350416871,0.7736553504168713,11.8
P015,SafeEnv,14.0,3.587,3.850416190130843,0.26341619013084294,11.8
P015,SafeEnv,14.1,3.508,3.228499052151447,-0.27950094784855306,11.8
P015,SafeEnv,14.2,3.456,2.617891223993344,-0.8381087760066559,11.8
P015,SafeEnv,14.3,3.414,2.0234046359400537,-1.3905953640599464,11.8
P015,SafeEnv,14.4,3.373,1.453373227353575,-1.9196267726464251,11.8
P015,SafeEnv,14.5,3.333,0.9235384050636709,-2.4094615949363294,11.8
P015,SafeEnv,14.6,3.293,0.46613618081386093,-2.8268638191861393,11.8
P015,SafeEnv,14.7,3.252,0.1441109750238138,-3.107889024976186,11.8
P015,SafeEnv,14.8,3.212,0.01506344814487758,-3.1969365518551225,11.8
P015,SafeEnv,14.9,3.171,0.00016637851076134976,-3.1708336214892383,11.8
P015,SafeEnv,15.0,3.131,2.0299301330759727e-08,-3.1309999797006984,11.8
P015,SafeEnv,15.1,3.091,0.0,-3.091,11.8
P015,SafeEnv,15.2,3.051,0.0,-3.051,11.8
P015,SafeEnv,15.3,3.012,0.0,-3.012,11.8
P015,SafeEnv,15.4,2.973,0.0,-2.973,11.8
P015,SafeEnv,15.5,2.934,0.0,-2.934,11.8
P015,SafeEnv,15.6,2.895,0.0,-2.895,11.8
P015,SafeEnv,15.7,2.857,0.0,-2.857,11.8
P015,SafeEnv,15.8,2.819,0.0,-2.819,11.8
P015,SafeEnv,15.9,2.781,0.0,-2.781,11.8
P015,SafeEnv,16.0,2.744,0.0,-2.744,11.8
P015,SafeEnv,16.1,2.707,0.0,-2.707,11.8
P015,SafeEnv,16.2,2.671,0.0,-2.671,11.8
P015,SafeEnv,16.3,2.632,0.0,-2.632,11.8
P015,SafeEnv,16.4,2.588,0.0,-2.588,11.8
P015,SafeEnv,16.5,2.537,0.0,-2.537,11.8
P015,SafeEnv,16.6,2.48,0.0,-2.48,11.8
P015,SafeEnv,16.7,2.419,0.0,-2.419,11.8
P015,SafeEnv,16.8,2.359,0.0,-2.359,11.8
P015,SafeEnv,16.9,2.319,0.0,-2.319,11.8
P015,SafeEnv,17.0,2.302,0.0,-2.302,11.8
P015,CGP,0.0,17.511,17.511,0.0,11.8
P015,CGP,0.1,17.528,17.511,-0.01699999999999946,11.8
P015,CGP,0.2,17.545,17.511,-0.03400000000000247,11.8
P015,CGP,0.3,17.561,17.511,-0.05000000000000071,11.8
P015,CGP,0.4,17.576,17.511,-0.06500000000000128,11.8
P015,CGP,0.5,17.591,17.511,-0.08000000000000185,11.8
P015,CGP,0.6,17.605,17.511,-0.0940000000000012,11.8
P015,CGP,0.7,17.618,17.511,-0.10699999999999932,11.8
P015,CGP,0.8,17.631,17.511,-0.120000000000001,11.8
P015,CGP,0.9,17.644,17.511,-0.13299999999999912,11.8
P015,CGP,1.0,17.657,17.511,-0.1460000000000008,11.8
P015,CGP,1.1,17.671,17.511,-0.16000000000000014,11.8
P015,CGP,1.2,17.685,17.511,-0.1739999999999995,11.8
P015,CGP,1.3,17.699,17.511,-0.1880000000000024,11.8
P015,CGP,1.4,17.714,17.511,-0.2029999999999994,11.8
P015,CGP,1.5,17.728,17.511,-0.2170000000000023,11.8
P015,CGP,1.6,17.741,17.511,-0.23000000000000043,11.8
P015,CGP,1.7,17.754,17.511,-0.2430000000000021,11.8
P015,CGP,1.8,17.767,17.511,-0.2560000000000002,11.8
P015,CGP,1.9,17.782,17.511,-0.2710000000000008,11.8
P015,CGP,2.0,17.803,17.511,-0.2920000000000016,11.8
P015,CGP,2.1,17.824,17.511,-0.3130000000000024,11.8
P015,CGP,2.2,17.835,17.511,-0.3240000000000016,11.8
P015,CGP,2.3,17.835,17.511,-0.3240000000000016,11.8
P015,CGP,2.4,17.824,17.511,-0.3130000000000024,11.8
P015,CGP,2.5,17.798,17.511,-0.28699999999999903,11.8
P015,CGP,2.6,17.752,17.511,-0.24099999999999966,11.8
P015,CGP,2.7,17.685,17.511,-0.1739999999999995,11.8
P015,CGP,2.8,17.605,17.511,-0.0940000000000012,11.8
P015,CGP,2.9,17.52,17.511,-0.009000000000000341,11.8
P015,CGP,3.0,17.434,17.511,0.07699999999999818,11.8
P015,CGP,3.1,17.349,17.511,0.16199999999999903,11.8
P015,CGP,3.2,17.263,17.511,0.24799999999999756,11.8
P015,CGP,3.3,17.178,17.511,0.3329999999999984,11.8
P015,CGP,3.4,17.094,17.511,0.41699999999999804,11.8
P015,CGP,3.5,17.009,17.511,0.5019999999999989,11.8
P015,CGP,3.6,16.924,17.511,0.5869999999999997,11.8
P015,CGP,3.7,16.84,17.511,0.6709999999999994,11.8
P015,CGP,3.8,16.756,17.511,0.754999999999999,11.8
P015,CGP,3.9,16.673,17.511,0.838000000000001,11.8
P015,CGP,4.0,16.589,17.511,0.9220000000000006,11.8
P015,CGP,4.1,16.506,17.511,1.004999999999999,11.8
P015,CGP,4.2,16.423,17.511,1.088000000000001,11.8
P015,CGP,4.3,16.34,17.511,1.1709999999999994,11.8
P015,CGP,4.4,16.257,17.511,1.2539999999999978,11.8
P015,CGP,4.5,16.175,17.511,1.3359999999999985,11.8
P015,CGP,4.6,16.093,17.511,1.4179999999999993,11.8
P015,CGP,4.7,16.011,17.511,1.5,11.8
P015,CGP,4.8,15.929,17.511,1.581999999999999,11.8
P015,CGP,4.9,15.848,17.511,1.6629999999999985,11.8
P015,CGP,5.0,15.767,17.511,1.7439999999999998,11.8
P015,CGP,5.1,15.686,17.511,1.8249999999999993,11.8
P015,CGP,5.2,15.605,17.511,1.9059999999999988,11.8
P015,CGP,5.3,15.524,17.511,1.987,11.8
P015,CGP,5.4,15.444,17.511,2.0669999999999984,11.8
P015,CGP,5.5,15.364,17.511,2.1469999999999985,11.8
P015,CGP,5.6,15.284,17.511,2.2269999999999985,11.8
P015,CGP,5.7,15.204,17.511,2.3069999999999986,11.8
P015,CGP,5.8,15.125,17.511,2.3859999999999992,11.8
P015,CGP,5.9,15.046,17.511,2.465,11.8
P015,CGP,6.0,14.967,17.511,2.5439999999999987,11.8
P015,CGP,6.1,14.888,17.511,2.6229999999999993,11.8
P015,CGP,6.2,14.809,17.511,2.702,11.8
P015,CGP,6.3,14.731,17.511,2.7799999999999994,11.8
P015,CGP,6.4,14.653,17.511,2.8579999999999988,11.8
P015,CGP,6.5,14.575,17.511,2.936,11.8
P015,CGP,6.6,14.497,17.511,3.0139999999999993,11.8
P015,CGP,6.7,14.419,17.511,3.0919999999999987,11.8
P015,CGP,6.8,14.342,17.511,3.1689999999999987,11.8
P015,CGP,6.9,14.265,17.511,3.2459999999999987,11.8
P015,CGP,7.0,14.188,17.511,3.3229999999999986,11.8
P015,CGP,7.1,14.111,17.511,3.3999999999999986,11.8
P015,CGP,7.2,14.035,17.511,3.475999999999999,11.8
P015,CGP,7.3,13.958,17.511,3.552999999999999,11.8
P015,CGP,7.4,13.882,17.511,3.6289999999999996,11.8
P015,CGP,7.5,13.806,17.511,3.705,11.8
P015,CGP,7.6,13.731,17.511,3.7799999999999994,11.8
P015,CGP,7.7,13.655,17.511,3.856,11.8
P015,CGP,7.8,13.58,17.511,3.930999999999999,11.8
P015,CGP,7.9,13.505,17.511,4.0059999999999985,11.8
P015,CGP,8.0,13.43,17.511,4.0809999999999995,11.8
P015,CGP,8.1,13.355,17.511,4.155999999999999,11.8
P015,CGP,8.2,13.281,17.511,4.229999999999999,11.8
P015,CGP,8.3,13.206,17.511,4.305,11.8
P015,CGP,8.4,13.132,17.511,4.379,11.8
P015,CGP,8.5,13.058,17.511,4.452999999999999,11.8
P015,CGP,8.6,12.985,17.511,4.526,11.8
P015,CGP,8.7,12.911,17.511,4.6,11.8
P015,CGP,8.8,12.838,17.511,4.673,11.8
P015,CGP,8.9,12.765,17.511,4.745999999999999,11.8
P015,CGP,9.0,12.692,17.511,4.818999999999999,11.8
P015,CGP,9.1,12.619,17.511,4.8919999999999995,11.8
P015,CGP,9.2,12.546,17.511,4.965,11.8
P015,CGP,9.3,12.474,17.511,5.036999999999999,11.8
P015,CGP,9.4,12.402,17.511,5.109,11.8
P015,CGP,9.5,12.33,17.511,5.180999999999999,11.8
P015,CGP,9.6,12.258,17.511,5.253,11.8
P015,CGP,9.7,12.186,17.511,5.324999999999999,11.8
P015,CGP,9.8,12.115,17.511,5.395999999999999,11.8
P015,CGP,9.9,12.043,17.511,5.468,11.8
P015,CGP,10.0,11.972,17.511,5.539,11.8
P015,CGP,10.1,11.901,17.511,5.609999999999999,11.8
P015,CGP,10.2,11.831,17.511,5.68,11.8
P015,CGP,10.3,11.76,17.511,5.7509999999999994,11.8
P015,CGP,10.4,11.69,17.511,5.821,11.8
P015,CGP,10.5,11.62,17.511,5.891,11.8
P015,CGP,10.6,11.55,17.511,5.9609999999999985,11.8
P015,CGP,10.7,11.48,17.511,6.030999999999999,11.8
P015,CGP,10.8,11.41,17.511,6.100999999999999,11.8
P015,CGP,10.9,11.341,17.511,6.17,11.8
P015,CGP,11.0,11.271,17.511,6.239999999999998,11.8
P015,CGP,11.1,11.202,17.511,6.308999999999999,11.8
P015,CGP,11.2,11.133,17.511,6.378,11.8
P015,CGP,11.3,11.064,17.511,6.446999999999999,11.8
P015,CGP,11.4,10.996,17.511,6.514999999999999,11.8
P015,CGP,11.5,10.927,17.511,6.584,11.8
P015,CGP,11.6,10.859,17.511,6.651999999999999,11.8
P015,CGP,11.7,10.784,17.511,6.7269999999999985,11.8
P015,CGP,11.8,10.68,17.511,6.8309999999999995,11.8
P015,CGP,11.9,10.526,17.17009090909091,6.6440909090909095,11.8
P015,CGP,12.0,10.319,16.488272727272726,6.169272727272725,11.8
P015,CGP,12.1,10.06,15.465545454545454,5.405545454545454,11.8
P015,CGP,12.2,9.758,14.319281230684766,4.5612812306847665,11.8
P015,CGP,12.3,9.419,13.173017006824079,3.7540170068240784,11.8
P015,CGP,12.4,9.047,12.02675278296339,2.9797527829633896,11.8
P015,CGP,12.5,8.633,10.880488559102703,2.2474885591027043,11.8
P015,CGP,12.6,8.188,9.734224335242015,1.5462243352420142,11.8
P015,CGP,12.7,7.723,8.587960111381328,0.8649601113813281,11.8
P015,CGP,12.8,7.244,7.441695887520639,0.1976958875206396,11.8
P015,CGP,12.9,6.772,6.295431663659952,-0.4765683363400486,11.8
P015,CGP,13.0,6.33,5.149167439799263,-1.180832560200737,11.8
P015,CGP,13.1,5.922,4.002903215938575,-1.9190967840614244,11.8
P015,CGP,13.2,5.546,2.8566389920778867,-2.6893610079221135,11.8
P015,CGP,13.3,5.196,1.7103747682171984,-3.4856252317828016,11.8
P015,CGP,13.4,4.871,0.5641105443565101,-4.30688945564349,11.8
P015,CGP,13.5,4.573,0.0,-4.573,11.8
P015,CGP,13.6,4.305,0.0,-4.305,11.8
P015,CGP,13.7,4.07,0.0,-4.07,11.8
P015,CGP,13.8,3.871,0.0,-3.871,11.8
P015,CGP,13.9,3.707,0.0,-3.707,11.8
P015,CGP,14.0,3.587,0.0,-3.587,11.8
P015,CGP,14.1,3.508,0.0,-3.508,11.8
P015,CGP,14.2,3.456,0.0,-3.456,11.8
P015,CGP,14.3,3.414,0.0,-3.414,11.8
P015,CGP,14.4,3.373,0.0,-3.373,11.8
P015,CGP,14.5,3.333,0.0,-3.333,11.8
P015,CGP,14.6,3.293,0.0,-3.293,11.8
P015,CGP,14.7,3.252,0.0,-3.252,11.8
P015,CGP,14.8,3.212,0.0,-3.212,11.8
P015,CGP,14.9,3.171,0.0,-3.171,11.8
P015,CGP,15.0,3.131,0.0,-3.131,11.8
P015,CGP,15.1,3.091,0.0,-3.091,11.8
P015,CGP,15.2,3.051,0.0,-3.051,11.8
P015,CGP,15.3,3.012,0.0,-3.012,11.8
P015,CGP,15.4,2.973,0.0,-2.973,11.8
P015,CGP,15.5,2.934,0.0,-2.934,11.8
P015,CGP,15.6,2.895,0.0,-2.895,11.8
P015,CGP,15.7,2.857,0.0,-2.857,11.8
P015,CGP,15.8,2.819,0.0,-2.819,11.8
P015,CGP,15.9,2.781,0.0,-2.781,11.8
P015,CGP,16.0,2.744,0.0,-2.744,11.8
P015,CGP,16.1,2.707,0.0,-2.707,11.8
P015,CGP,16.2,2.671,0.0,-2.671,11.8
P015,CGP,16.3,2.632,0.0,-2.632,11.8
P015,CGP,16.4,2.588,0.0,-2.588,11.8
P015,CGP,16.5,2.537,0.0,-2.537,11.8
P015,CGP,16.6,2.48,0.0,-2.48,11.8
P015,CGP,16.7,2.419,0.0,-2.419,11.8
P015,CGP,16.8,2.359,0.0,-2.359,11.8
P015,CGP,16.9,2.319,0.0,-2.319,11.8
P015,CGP,17.0,2.302,0.0,-2.302,11.8
P016,ConstDecel,0.0,39.024,39.024,0.0,12.1
P016,ConstDecel,0.1,38.922,38.693825234258824,-0.2281747657411728,12.1
P016,ConstDecel,0.2,38.819,38.36365046851764,-0.4553495314823621,12.1
P016,ConstDecel,0.3,38.717,38.03347570277646,-0.683524297223542,12.1
P016,ConstDecel,0.4,38.615,37.70330093703527,-0.911699062964729,12.1
P016,ConstDecel,0.5,38.514,37.373126171294096,-1.1408738287059066,12.1
P016,ConstDecel,0.6,38.412,37.04295140555292,-1.3690485944470794,12.1
P016,ConstDecel,0.7,38.311,36.712776639811736,-1.598223360188264,12.1
P016,ConstDecel,0.8,38.21,36.38260187407055,-1.8273981259294487,12.1
P016,ConstDecel,0.9,38.106,36.05242710832937,-2.0535728916706333,12.1
P016,ConstDecel,1.0,37.967,35.72225234258819,-2.244747657411807,12.1
P016,ConstDecel,1.1,37.765,35.39207757684701,-2.3729224231529926,12.1
P016,ConstDecel,1.2,37.5,35.061902811105824,-2.438097188894176,12.1
P016,ConstDecel,1.3,37.178,34.73172804536464,-2.446271954635357,12.1
P016,ConstDecel,1.4,36.807,34.401553279623464,-2.4054467203765384,12.1
P016,ConstDecel,1.5,36.376,34.07137851388228,-2.3046214861177177,12.1
P016,ConstDecel,1.6,35.889,33.741203748141096,-2.1477962518589067,12.1
P016,ConstDecel,1.7,35.367,33.41102898239992,-1.9559710176000777,12.1
P016,ConstDecel,1.8,34.825,33.080854216658736,-1.744145783341267,12.1
P016,ConstDecel,1.9,34.271,32.75067945091756,-1.5203205490824416,12.1
P016,ConstDecel,2.0,33.704,32.420504685176375,-1.2834953148236252,12.1
P016,ConstDecel,2.1,33.12,32.09032991943519,-1.0296700805648058,12.1
P016,ConstDecel,2.2,32.526,31.76015515369401,-0.7658448463059919,12.1
P016,ConstDecel,2.3,31.903,31.42998038795283,-0.47301961204716747,12.1
P016,ConstDecel,2.4,31.259,31.099805622211647,-0.15919437778835288,12.1
P016,ConstDecel,2.5,30.597,30.769630856470467,0.17263085647046594,12.1
P016,ConstDecel,2.6,29.92,30.439456090729283,0.5194560907292818,12.1
P016,ConstDecel,2.7,29.239,30.109281324988103,0.8702813249881025,12.1
P016,ConstDecel,2.8,28.561,29.779106559246927,1.2181065592469267,12.1
P016,ConstDecel,2.9,27.883,29.448931793505743,1.5659317935057437,12.1
P016,ConstDecel,3.0,27.202,29.118757027764563,1.916757027764561,12.1
P016,ConstDecel,3.1,26.519,28.78858226202338,2.2695822620233805,12.1
P016,ConstDecel,3.2,25.835,28.4584074962822,2.623407496282198,12.1
P016,ConstDecel,3.3,25.15,28.128232730541015,2.9782327305410163,12.1
P016,ConstDecel,3.4,24.465,27.798057964799835,3.333057964799835,12.1
P016,ConstDecel,3.5,23.78,27.46788319905865,3.68788319905865,12.1
P016,ConstDecel,3.6,23.085,27.13770843331747,4.05270843331747,12.1
P016,ConstDecel,3.7,22.381,26.807533667576287,4.426533667576287,12.1
P016,ConstDecel,3.8,21.669,26.477358901835107,4.808358901835106,12.1
P016,ConstDecel,3.9,20.952,26.147184136093927,5.195184136093925,12.1
P016,ConstDecel,4.0,20.231,25.817009370352743,5.586009370352741,12.1
P016,ConstDecel,4.1,19.519,25.486834604611566,5.967834604611568,12.1
P016,ConstDecel,4.2,18.816,25.15665983887038,6.34065983887038,12.1
P016,ConstDecel,4.3,18.112,24.826485073129202,6.714485073129204,12.1
P016,ConstDecel,4.4,17.406,24.496310307388015,7.090310307388016,12.1
P016,ConstDecel,4.5,16.699,24.166135541646838,7.467135541646837,12.1
P016,ConstDecel,4.6,15.997,23.83596077590566,7.838960775905662,12.1
P016,ConstDecel,4.7,15.298,23.505786010164474,8.207786010164474,12.1
P016,ConstDecel,4.8,14.601,23.175611244423298,8.574611244423297,12.1
P016,ConstDecel,4.9,13.91,22.84543647868211,8.93543647868211,12.1
P016,ConstDecel,5.0,13.234,22.515261712940934,9.281261712940934,12.1
P016,ConstDecel,5.1,12.579,22.185086947199753,9.606086947199753,12.1
P016,ConstDecel,5.2,11.955,21.85491218145857,9.89991218145857,12.1
P016,ConstDecel,5.3,11.378,21.52473741571739,10.14673741571739,12.1
P016,ConstDecel,5.4,10.836,21.194562649976206,10.358562649976205,12.1
P016,ConstDecel,5.5,10.324,20.864387884235025,10.540387884235026,12.1
P016,ConstDecel,5.6,9.858,20.53421311849384,10.676213118493841,12.1
P016,ConstDecel,5.7,9.468,20.20403835275266,10.736038352752661,12.1
P016,ConstDecel,5.8,9.154,19.873863587011478,10.719863587011478,12.1
P016,ConstDecel,5.9,8.901,19.543688821270297,10.642688821270298,12.1
P016,ConstDecel,6.0,8.708,19.213514055529117,10.505514055529117,12.1
P016,ConstDecel,6.1,8.583,18.883339289787937,10.300339289787937,12.1
P016,ConstDecel,6.2,8.487,18.553164524046753,10.066164524046753,12.1
P016,ConstDecel,6.3,8.396,18.222989758305573,9.826989758305572,12.1
P016,ConstDecel,6.4,8.308,17.89281499256439,9.58481499256439,12.1
P016,ConstDecel,6.5,8.219,17.56264022682321,9.34364022682321,12.1
P016,ConstDecel,6.6,8.126,17.23246546108203,9.10646546108203,12.1
P016,ConstDecel,6.7,8.04,16.90229069534085,8.86229069534085,12.1
P016,ConstDecel,6.8,7.969,16.572115929599665,8.603115929599664,12.1
P016,ConstDecel,6.9,7.907,16.241941163858485,8.334941163858485,12.1
P016,ConstDecel,7.0,7.852,15.911766398117303,8.059766398117302,12.1
P016,ConstDecel,7.1,7.806,15.58159163237612,7.775591632376121,12.1
P016,ConstDecel,7.2,7.774,15.251416866634939,7.477416866634939,12.1
P016,ConstDecel,7.3,7.782,14.921242100893762,7.139242100893762,12.1
P016,ConstDecel,7.4,7.871,14.591067335152575,6.720067335152574,12.1
P016,ConstDecel,7.5,8.087,14.260892569411398,6.173892569411398,12.1
P016,ConstDecel,7.6,8.452,13.930717803670216,5.478717803670216,12.1
P016,ConstDecel,7.7,8.944,13.600543037929034,4.656543037929033,12.1
P016,ConstDecel,7.8,9.535,13.270368272187852,3.735368272187852,12.1
P016,ConstDecel,7.9,10.211,12.94019350644667,2.72919350644667,12.1
P016,ConstDecel,8.0,10.945,12.610018740705488,1.665018740705488,12.1
P016,ConstDecel,8.1,11.693,12.279843974964306,0.5868439749643066,12.1
P016,ConstDecel,8.2,12.431,11.94966920922313,-0.4813307907768696,12.1
P016,ConstDecel,8.3,13.15,11.619494443481942,-1.530505556518058,12.1
P016,ConstDecel,8.4,13.848,11.28931967774076,-2.5586803222592405,12.1
P016,ConstDecel,8.5,14.525,10.959144911999578,-3.565855088000422,12.1
P016,ConstDecel,8.6,15.177,10.628970146258402,-4.548029853741598,12.1
P016,ConstDecel,8.7,15.771,10.29879538051722,-5.472204619482781,12.1
P016,ConstDecel,8.8,16.266,9.968620614776034,-6.297379385223964,12.1
P016,ConstDecel,8.9,16.601,9.638445849034856,-6.962554150965143,12.1
P016,ConstDecel,9.0,16.759,9.308271083293675,-7.450728916706325,12.1
P016,ConstDecel,9.1,16.818,8.978096317552493,-7.839903682447508,12.1
P016,ConstDecel,9.2,16.831,8.647921551811315,-8.183078448188684,12.1
P016,ConstDecel,9.3,16.82,8.31774678607013,-8.50225321392987,12.1
P016,ConstDecel,9.4,16.775,7.9875720203289475,-8.787427979671051,12.1
P016,ConstDecel,9.5,16.704,7.6573972545877655,-9.046602745412235,12.1
P016,ConstDecel,9.6,16.625,7.327222488846588,-9.297777511153413,12.1
P016,ConstDecel,9.7,16.543,6.997047723105407,-9.545952276894592,12.1
P016,ConstDecel,9.8,16.46,6.66687295736422,-9.793127042635781,12.1
P016,ConstDecel,9.9,16.376,6.336698191623038,-10.039301808376964,12.1
P016,ConstDecel,10.0,16.293,6.006523425881861,-10.286476574118138,12.1
P016,ConstDecel,10.1,16.211,5.676348660140679,-10.53465133985932,12.1
P016,ConstDecel,10.2,16.129,5.346173894399497,-10.782826105600504,12.1
P016,ConstDecel,10.3,16.047,5.015999128658316,-11.031000871341686,12.1
P016,ConstDecel,10.4,15.965,4.685824362917134,-11.279175637082865,12.1
P016,ConstDecel,10.5,15.884,4.355649597175952,-11.52835040282405,12.1
P016,ConstDecel,10.6,15.802,4.025474831434774,-11.776525168565225,12.1
P016,ConstDecel,10.7,15.721,3.695300065693593,-12.025699934306408,12.1
P016,ConstDecel,10.8,15.64,3.365125299952406,-12.274874700047594,12.1
P016,ConstDecel,10.9,15.56,3.0349505342112244,-12.525049465788776,12.1
P016,ConstDecel,11.0,15.479,2.7047757684700473,-12.774224231529953,12.1
P016,ConstDecel,11.1,15.399,2.3746010027288653,-13.024398997271135,12.1
P016,ConstDecel,11.2,15.319,2.0444262369876838,-13.274573763012317,12.1
P016,ConstDecel,11.3,15.239,1.714251471246497,-13.524748528753504,12.1
P016,ConstDecel,11.4,15.16,1.3840767055053198,-13.77592329449468,12.1
P016,ConstDecel,11.5,15.08,1.053901939764138,-14.026098060235862,12.1
P016,ConstDecel,11.6,14.992,0.7237271740229562,-14.268272825977045,12.1
P016,ConstDecel,11.7,14.825,0.3935524082817792,-14.43144759171822,12.1
P016,ConstDecel,11.8,14.541,0.06337764254059247,-14.477622357459408,12.1
P016,ConstDecel,11.9,14.152,0.0,-14.152,12.1
P016,ConstDecel,12.0,13.69,0.0,-13.69,12.1
P016,ConstDecel,12.1,13.185,0.0,-13.185,12.1
P016,ConstDecel,12.2,12.635,0.0,-12.635,12.1
P016,ConstDecel,12.3,12.02,0.0,-12.02,12.1
P016,ConstDecel,12.4,11.341,0.0,-11.341,12.1
P016,ConstDecel,12.5,10.622,0.0,-10.622,12.1
P016,ConstDecel,12.6,9.87,0.0,-9.87,12.1
P016,ConstDecel,12.7,9.085,0.0,-9.085,12.1
P016,ConstDecel,12.8,8.26,0.0,-8.26,12.1
P016,ConstDecel,12.9,7.402,0.0,-7.402,12.1
P016,ConstDecel,13.0,6.519,0.0,-6.519,12.1
P016,ConstDecel,13.1,5.618,0.0,-5.618,12.1
P016,ConstDecel,13.2,4.709,0.0,-4.709,12.1
P016,ConstDecel,13.3,3.802,0.0,-3.802,12.1
P016,ConstDecel,13.4,2.895,0.0,-2.895,12.1
P016,ConstDecel,13.5,1.99,0.0,-1.99,12.1
P016,ConstDecel,13.6,1.096,0.0,-1.096,12.1
P016,ConstDecel,13.7,0.233,0.0,-0.233,12.1
P016,SafeEnv,0.0,39.024,39.024,0.0,12.1
P016,SafeEnv,0.1,38.922,39.024,0.10200000000000387,12.1
P016,SafeEnv,0.2,38.819,39.024,0.2049999999999983,12.1
P016,SafeEnv,0.3,38.717,39.024,0.30700000000000216,12.1
P016,SafeEnv,0.4,38.615,39.024,0.4089999999999989,12.1
P016,SafeEnv,0.5,38.514,39.024,0.509999999999998,12.1
P016,SafeEnv,0.6,38.412,39.024,0.6120000000000019,12.1
P016,SafeEnv,0.7,38.311,39.024,0.713000000000001,12.1
P016,SafeEnv,0.8,38.21,39.024,0.8140000000000001,12.1
P016,SafeEnv,0.9,38.106,39.024,0.9179999999999993,12.1
P016,SafeEnv,1.0,37.967,39.024,1.0570000000000022,12.1
P016,SafeEnv,1.1,37.765,39.024,1.2590000000000003,12.1
P016,SafeEnv,1.2,37.5,39.024,1.524000000000001,12.1
P016,SafeEnv,1.3,37.178,39.024,1.8460000000000036,12.1
P016,SafeEnv,1.4,36.807,39.024,2.2169999999999987,12.1
P016,SafeEnv,1.5,36.376,39.024,2.6480000000000032,12.1
P016,SafeEnv,1.6,35.889,39.024,3.134999999999998,12.1
P016,SafeEnv,1.7,35.367,39.024,3.6570000000000036,12.1
P016,SafeEnv,1.8,34.825,39.024,4.198999999999998,12.1
P016,SafeEnv,1.9,34.271,39.024,4.753,12.1
P016,SafeEnv,2.0,33.704,39.024,5.32,12.1
P016,SafeEnv,2.1,33.12,39.024,5.9040000000000035,12.1
P016,SafeEnv,2.2,32.526,39.024,6.4979999999999976,12.1
P016,SafeEnv,2.3,31.903,39.024,7.121000000000002,12.1
P016,SafeEnv,2.4,31.259,39.024,7.765000000000001,12.1
P016,SafeEnv,2.5,30.597,39.024,8.427,12.1
P016,SafeEnv,2.6,29.92,39.024,9.104,12.1
P016,SafeEnv,2.7,29.239,39.024,9.785,12.1
P016,SafeEnv,2.8,28.561,39.024,10.463000000000001,12.1
P016,SafeEnv,2.9,27.883,39.024,11.141000000000002,12.1
P016,SafeEnv,3.0,27.202,39.024,11.822,12.1
P016,SafeEnv,3.1,26.519,38.67290209751377,12.153902097513772,12.1
P016,SafeEnv,3.2,25.835,37.997093807493805,12.162093807493804,12.1
P016,SafeEnv,3.3,25.15,37.321392391086604,12.171392391086606,12.1
P016,SafeEnv,3.4,24.465,36.64580170001348,12.180801700013479,12.1
P016,SafeEnv,3.5,23.78,35.970325797351286,12.190325797351285,12.1
P016,SafeEnv,3.6,23.085,35.294968973244096,12.209968973244095,12.1
P016,SafeEnv,3.7,22.381,34.61973576209937,12.238735762099367,12.1
P016,SafeEnv,3.8,21.669,33.944630961439906,12.275630961439905,12.1
P016,SafeEnv,3.9,20.952,33.269659652606094,12.317659652606093,12.1
P016,SafeEnv,4.0,20.231,32.594827223530366,12.363827223530365,12.1
P016,SafeEnv,4.1,19.519,31.920139393837523,12.401139393837525,12.1
P016,SafeEnv,4.2,18.816,31.24560224256118,12.429602242561181,12.1
P016,SafeEnv,4.3,18.112,30.571222238809735,12.459222238809737,12.1
P016,SafeEnv,4.4,17.406,29.89700627576608,12.491006275766082,12.1
P016,SafeEnv,4.5,16.699,29.222961708464478,12.523961708464476,12.1
P016,SafeEnv,4.6,15.997,28.54909639585863,12.55209639585863,12.1
P016,SafeEnv,4.7,15.298,27.875418747777886,12.577418747777886,12.1
P016,SafeEnv,4.8,14.601,27.20193777746795,12.60093777746795,12.1
P016,SafeEnv,4.9,13.91,26.52866316053033,12.618663160530328,12.1
P016,SafeEnv,5.0,13.234,25.855605301216823,12.621605301216823,12.1
P016,SafeEnv,5.1,12.579,25.182775407205593,12.603775407205593,12.1
P016,SafeEnv,5.2,11.955,24.51018557419169,12.555185574191691,12.1
P016,SafeEnv,5.3,11.378,23.837848881875257,12.459848881875256,12.1
P016,SafeEnv,5.4,10.836,23.16577950323554,12.32977950323554,12.1
P016,SafeEnv,5.5,10.324,22.493992829354333,12.169992829354333,12.1
P016,SafeEnv,5.6,9.858,21.822505612513044,11.964505612513044,12.1
P016,SafeEnv,5.7,9.468,21.151336130860052,11.683336130860052,12.1
P016,SafeEnv,5.8,9.154,20.48050437865906,11.32650437865906,12.1
P016,SafeEnv,5.9,8.901,19.810032287022633,10.909032287022633,12.1
P016,SafeEnv,6.0,8.708,19.139943981166628,10.431943981166627,12.1
P016,SafeEnv,6.1,8.583,18.470266081657005,9.887266081657005,12.1
P016,SafeEnv,6.2,8.487,17.80102805896052,9.314028058960519,12.1
P016,SafeEnv,6.3,8.396,17.132262652986544,8.736262652986543,12.1
P016,SafeEnv,6.4,8.308,16.464006372398384,8.156006372398384,12.1
P016,SafeEnv,6.5,8.219,15.79630009253078,7.5773000925307805,12.1
P016,SafeEnv,6.6,8.126,15.129189776131446,7.003189776131446,12.1
P016,SafeEnv,6.7,8.04,14.462727348347414,6.422727348347415,12.1
P016,SafeEnv,6.8,7.969,13.79697176712765,5.827971767127649,12.1
P016,SafeEnv,6.9,7.907,13.13199034356595,5.224990343565951,12.1
P016,SafeEnv,7.0,7.852,12.46786038522543,4.61586038522543,12.1
P016,SafeEnv,7.1,7.806,11.804671261517392,3.9986712615173916,12.1
P016,SafeEnv,7.2,7.774,11.142527027348907,3.3685270273489065,12.1
P016,SafeEnv,7.3,7.782,10.481549795107904,2.699549795107904,12.1
P016,SafeEnv,7.4,7.871,9.821884124530024,1.950884124530024,12.1
P016,SafeEnv,7.5,8.087,9.163702819568874,1.0767028195688741,12.1
P016,SafeEnv,7.6,8.452,8.507214705185325,0.055214705185324675,12.1
P016,SafeEnv,7.7,8.944,7.85267524621718,-1.0913247537828212,12.1
P016,SafeEnv,7.8,9.535,7.200401337810133,-2.334598662189867,12.1
P016,SafeEnv,7.9,10.211,6.550792374446759,-3.660207625553241,12.1
P016,SafeEnv,8.0,10.945,5.904361041841538,-5.040638958158462,12.1
P016,SafeEnv,8.1,11.693,5.261779663382397,-6.431220336617603,12.1
P016,SafeEnv,8.2,12.431,4.623952380413273,-7.807047619586726,12.1
P016,SafeEnv,8.3,13.15,3.9921321441252178,-9.157867855874782,12.1
P016,SafeEnv,8.4,13.848,3.368119483037447,-10.479880516962554,12.1
P016,SafeEnv,8.5,14.525,2.75461963735933,-11.77038036264067,12.1
P016,SafeEnv,8.6,15.177,2.155928350130045,-13.021071649869954,12.1
P016,SafeEnv,8.7,15.771,1.5793547624638435,-14.191645237536157,12.1
P016,SafeEnv,8.8,16.266,1.0384252599003596,-15.227574740099639,12.1
P016,SafeEnv,8.9,16.601,0.5604390594390642,-16.040560940560933,12.1
P016,SafeEnv,9.0,16.759,0.20077344084890633,-16.558226559151095,12.1
P016,SafeEnv,9.1,16.818,0.02894620080675481,-16.789053799193248,12.1
P016,SafeEnv,9.2,16.831,0.0006141705788839406,-16.830385829421115,12.1
P016,SafeEnv,9.3,16.82,2.76617073035158e-07,-16.819999723382928,12.1
P016,SafeEnv,9.4,16.775,0.0,-16.775,12.1
P016,SafeEnv,9.5,16.704,0.0,-16.704,12.1
P016,SafeEnv,9.6,16.625,0.0,-16.625,12.1
P016,SafeEnv,9.7,16.543,0.0,-16.543,12.1
P016,SafeEnv,9.8,16.46,0.0,-16.46,12.1
P016,SafeEnv,9.9,16.376,0.0,-16.376,12.1
P016,SafeEnv,10.0,16.293,0.0,-16.293,12.1
P016,SafeEnv,10.1,16.211,0.0,-16.211,12.1
P016,SafeEnv,10.2,16.129,0.0,-16.129,12.1
P016,SafeEnv,10.3,16.047,0.0,-16.047,12.1
P016,SafeEnv,10.4,15.965,0.0,-15.965,12.1
P016,SafeEnv,10.5,15.884,0.0,-15.884,12.1
P016,SafeEnv,10.6,15.802,0.0,-15.802,12.1
P016,SafeEnv,10.7,15.721,0.0,-15.721,12.1
P016,SafeEnv,10.8,15.64,0.0,-15.64,12.1
P016,SafeEnv,10.9,15.56,0.0,-15.56,12.1
P016,SafeEnv,11.0,15.479,0.0,-15.479,12.1
P016,SafeEnv,11.1,15.399,0.0,-15.399,12.1
P016,SafeEnv,11.2,15.319,0.0,-15.319,12.1
P016,SafeEnv,11.3,15.239,0.0,-15.239,12.1
P016,SafeEnv,11.4,15.16,0.0,-15.16,12.1
P016,SafeEnv,11.5,15.08,0.0,-15.08,12.1
P016,SafeEnv,11.6,14.992,0.0,-14.992,12.1
P016,SafeEnv,11.7,14.825,0.0,-14.825,12.1
P016,SafeEnv,11.8,14.541,0.0,-14.541,12.1
P016,SafeEnv,11.9,14.152,0.0,-14.152,12.1
P016,SafeEnv,12.0,13.69,0.0,-13.69,12.1
P016,SafeEnv,12.1,13.185,0.0,-13.185,12.1
P016,SafeEnv,12.2,12.635,0.0,-12.635,12.1
P016,SafeEnv,12.3,12.02,0.0,-12.02,12.1
P016,SafeEnv,12.4,11.341,0.0,-11.341,12.1
P016,SafeEnv,12.5,10.622,0.0,-10.622,12.1
P016,SafeEnv,12.6,9.87,0.0,-9.87,12.1
P016,SafeEnv,12.7,9.085,0.0,-9.085,12.1
P016,SafeEnv,12.8,8.26,0.0,-8.26,12.1
P016,SafeEnv,12.9,7.402,0.0,-7.402,12.1
P016,SafeEnv,13.0,6.519,0.0,-6.519,12.1
P016,SafeEnv,13.1,5.618,0.0,-5.618,12.1
P016,SafeEnv,13.2,4.709,0.0,-4.709,12.1
P016,SafeEnv,13.3,3.802,0.0,-3.802,12.1
P016,SafeEnv,13.4,2.895,0.0,-2.895,12.1
P016,SafeEnv,13.5,1.99,0.0,-1.99,12.1
P016,SafeEnv,13.6,1.096,0.0,-1.096,12.1
P016,SafeEnv,13.7,0.233,0.0,-0.233,12.1
P016,CGP,0.0,39.024,39.024,0.0,12.1
P016,CGP,0.1,38.922,38.92152272727273,-0.00047727272726660885,12.1
P016,CGP,0.2,38.819,38.81904545454545,4.545454545024086e-05,12.1
P016,CGP,0.3,38.717,38.71656818181818,-0.000431818181816368,12.1
P016,CGP,0.4,38.615,38.614090909090905,-0.0009090909090971877,12.1
P016,CGP,0.5,38.514,38.511613636363634,-0.0023863636363685714,12.1
P016,CGP,0.6,38.412,38.409136363636364,-0.0028636363636351803,12.1
P016,CGP,0.7,38.311,38.306659090909086,-0.004340909090913669,12.1
P016,CGP,0.8,38.21,38.204181818181816,-0.005818181818185053,12.1
P016,CGP,0.9,38.106,38.10170454545454,-0.0042954545454634285,12.1
P016,CGP,1.0,37.967,37.99922727272727,0.032227272727268996,12.1
P016,CGP,1.1,37.765,37.89674999999999,0.1317499999999896,12.1
P016,CGP,1.2,37.5,37.79427272727272,0.2942727272727197,12.1
P016,CGP,1.3,37.178,37.69179545454544,0.5137954545454448,12.1
P016,CGP,1.4,36.807,37.58931818181817,0.7823181818181695,12.1
P016,CGP,1.5,36.376,37.486840909090894,1.1108409090908964,12.1
P016,CGP,1.6,35.889,37.384363636363624,1.4953636363636207,12.1
P016,CGP,1.7,35.367,37.28188636363635,1.9148863636363558,12.1
P016,CGP,1.8,34.825,37.179409090909076,2.3544090909090727,12.1
P016,CGP,1.9,34.271,37.076931818181805,2.8059318181818043,12.1
P016,CGP,2.0,33.704,36.97445454545453,3.270454545454527,12.1
P016,CGP,2.1,33.12,36.87197727272726,3.7519772727272596,12.1
P016,CGP,2.2,32.526,36.76949999999998,4.243499999999976,12.1
P016,CGP,2.3,31.903,36.66702272727271,4.76402272727271,12.1
P016,CGP,2.4,31.259,36.56454545454543,5.305545454545431,12.1
P016,CGP,2.5,30.597,36.46206818181816,5.86506818181816,12.1
P016,CGP,2.6,29.92,36.35959090909088,6.439590909090882,12.1
P016,CGP,2.7,29.239,36.25711363636361,7.018113636363612,12.1
P016,CGP,2.8,28.561,36.154636363636335,7.593636363636335,12.1
P016,CGP,2.9,27.883,36.052159090909065,8.169159090909066,12.1
P016,CGP,3.0,27.202,35.949681818181794,8.747681818181793,12.1
P016,CGP,3.1,26.519,35.84720454545452,9.328204545454518,12.1
P016,CGP,3.2,25.835,35.744727272727246,9.909727272727245,12.1
P016,CGP,3.3,25.15,35.64224999999997,10.49224999999997,12.1
P016,CGP,3.4,24.465,35.5397727272727,11.074772727272698,12.1
P016,CGP,3.5,23.78,35.43729545454542,11.65729545454542,12.1
P016,CGP,3.6,23.085,35.33481818181815,12.24981818181815,12.1
P016,CGP,3.7,22.381,35.23234090909087,12.851340909090872,12.1
P016,CGP,3.8,21.669,35.01875086358069,13.349750863580692,12.1
P016,CGP,3.9,20.952,34.34356958303877,13.39156958303877,12.1
P016,CGP,4.0,20.231,33.66838830249685,13.43738830249685,12.1
P016,CGP,4.1,19.519,32.99320702195493,13.474207021954932,12.1
P016,CGP,4.2,18.816,32.31802574141301,13.50202574141301,12.1
P016,CGP,4.3,18.112,31.642844460871093,13.530844460871094,12.1
P016,CGP,4.4,17.406,30.967663180329172,13.561663180329173,12.1
P016,CGP,4.5,16.699,30.29248189978725,13.59348189978725,12.1
P016,CGP,4.6,15.997,29.617300619245334,13.620300619245334,12.1
P016,CGP,4.7,15.298,28.942119338703414,13.644119338703414,12.1
P016,CGP,4.8,14.601,28.266938058161493,13.665938058161492,12.1
P016,CGP,4.9,13.91,27.591756777619572,13.681756777619572,12.1
P016,CGP,5.0,13.234,26.916575497077655,13.682575497077655,12.1
P016,CGP,5.1,12.579,26.241394216535735,13.662394216535734,12.1
P016,CGP,5.2,11.955,25.566212935993814,13.611212935993814,12.1
P016,CGP,5.3,11.378,24.891031655451894,13.513031655451893,12.1
P016,CGP,5.4,10.836,24.215850374909976,13.379850374909976,12.1
P016,CGP,5.5,10.324,23.540669094368056,13.216669094368056,12.1
P016,CGP,5.6,9.858,22.865487813826135,13.007487813826135,12.1
P016,CGP,5.7,9.468,22.190306533284215,12.722306533284215,12.1
P016,CGP,5.8,9.154,21.515125252742298,12.361125252742298,12.1
P016,CGP,5.9,8.901,20.839943972200377,11.938943972200377,12.1
P016,CGP,6.0,8.708,20.164762691658456,11.456762691658456,12.1
P016,CGP,6.1,8.583,19.489581411116536,10.906581411116536,12.1
P016,CGP,6.2,8.487,18.81440013057462,10.327400130574619,12.1
P016,CGP,6.3,8.396,18.139218850032698,9.743218850032697,12.1
P016,CGP,6.4,8.308,17.464037569490777,9.156037569490778,12.1
P016,CGP,6.5,8.219,16.788856288948857,8.569856288948857,12.1
P016,CGP,6.6,8.126,16.11367500840694,7.98767500840694,12.1
P016,CGP,6.7,8.04,15.43849372786502,7.39849372786502,12.1
P016,CGP,6.8,7.969,14.763312447323099,6.794312447323098,12.1
P016,CGP,6.9,7.907,14.08813116678118,6.18113116678118,12.1
P016,CGP,7.0,7.852,13.412949886239259,5.560949886239259,12.1
P016,CGP,7.1,7.806,12.73776860569734,4.93176860569734,12.1
P016,CGP,7.2,7.774,12.06258732515542,4.28858732515542,12.1
P016,CGP,7.3,7.782,11.3874060446135,3.605406044613501,12.1
P016,CGP,7.4,7.871,10.71222476407158,2.8412247640715798,12.1
P016,CGP,7.5,8.087,10.037043483529661,1.9500434835296616,12.1
P016,CGP,7.6,8.452,9.36186220298774,0.9098622029877408,12.1
P016,CGP,7.7,8.944,8.686680922445822,-0.25731907755417893,12.1
P016,CGP,7.8,9.535,8.011499641903901,-1.5235003580960989,12.1
P016,CGP,7.9,10.211,7.3363183613619825,-2.874681638638018,12.1
P016,CGP,8.0,10.945,6.661137080820063,-4.283862919179938,12.1
P016,CGP,8.1,11.693,5.985955800278143,-5.707044199721857,12.1
P016,CGP,8.2,12.431,5.310774519736223,-7.120225480263776,12.1
P016,CGP,8.3,13.15,4.6355932391943035,-8.514406760805697,12.1
P016,CGP,8.4,13.848,3.960411958652384,-9.887588041347616,12.1
P016,CGP,8.5,14.525,3.285230678110464,-11.239769321889536,12.1
P016,CGP,8.6,15.177,2.6100493975685444,-12.566950602431454,12.1
P016,CGP,8.7,15.771,1.9348681170266249,-13.836131882973376,12.1
P016,CGP,8.8,16.266,1.2596868364847051,-15.006313163515292,12.1
P016,CGP,8.9,16.601,0.5845055559427854,-16.016494444057212,12.1
P016,CGP,9.0,16.759,0.0,-16.759,12.1
P016,CGP,9.1,16.818,0.0,-16.818,12.1
P016,CGP,9.2,16.831,0.0,-16.831,12.1
P016,CGP,9.3,16.82,0.0,-16.82,12.1
P016,CGP,9.4,16.775,0.0,-16.775,12.1
P016,CGP,9.5,16.704,0.0,-16.704,12.1
P016,CGP,9.6,16.625,0.0,-16.625,12.1
P016,CGP,9.7,16.543,0.0,-16.543,12.1
P016,CGP,9.8,16.46,0.0,-16.46,12.1
P016,CGP,9.9,16.376,0.0,-16.376,12.1
P016,CGP,10.0,16.293,0.0,-16.293,12.1
P016,CGP,10.1,16.211,0.0,-16.211,12.1
P016,CGP,10.2,16.129,0.0,-16.129,12.1
P016,CGP,10.3,16.047,0.0,-16.047,12.1
P016,CGP,10.4,15.965,0.0,-15.965,12.1
P016,CGP,10.5,15.884,0.0,-15.884,12.1
P016,CGP,10.6,15.802,0.0,-15.802,12.1
P016,CGP,10.7,15.721,0.0,-15.721,12.1
P016,CGP,10.8,15.64,0.0,-15.64,12.1
P016,CGP,10.9,15.56,0.0,-15.56,12.1
P016,CGP,11.0,15.479,0.0,-15.479,12.1
P016,CGP,11.1,15.399,0.0,-15.399,12.1
P016,CGP,11.2,15.319,0.0,-15.319,12.1
P016,CGP,11.3,15.239,0.0,-15.239,12.1
P016,CGP,11.4,15.16,0.0,-15.16,12.1
P016,CGP,11.5,15.08,0.0,-15.08,12.1
P016,CGP,11.6,14.992,0.0,-14.992,12.1
P016,CGP,11.7,14.825,0.0,-14.825,12.1
P016,CGP,11.8,14.541,0.0,-14.541,12.1
P016,CGP,11.9,14.152,0.0,-14.152,12.1
P016,CGP,12.0,13.69,0.0,-13.69,12.1
P016,CGP,12.1,13.185,0.0,-13.185,12.1
P016,CGP,12.2,12.635,0.0,-12.635,12.1
P016,CGP,12.3,12.02,0.0,-12.02,12.1
P016,CGP,12.4,11.341,0.0,-11.341,12.1
P016,CGP,12.5,10.622,0.0,-10.622,12.1
P016,CGP,12.6,9.87,0.0,-9.87,12.1
P016,CGP,12.7,9.085,0.0,-9.085,12.1
P016,CGP,12.8,8.26,0.0,-8.26,12.1
P016,CGP,12.9,7.402,0.0,-7.402,12.1
P016,CGP,13.0,6.519,0.0,-6.519,12.1
P016,CGP,13.1,5.618,0.0,-5.618,12.1
P016,CGP,13.2,4.709,0.0,-4.709,12.1
P016,CGP,13.3,3.802,0.0,-3.802,12.1
P016,CGP,13.4,2.895,0.0,-2.895,12.1
P016,CGP,13.5,1.99,0.0,-1.99,12.1
P016,CGP,13.6,1.096,0.0,-1.096,12.1
P016,CGP,13.7,0.233,0.0,-0.233,12.1
P017,ConstDecel,0.0,31.013,31.013000000000005,3.552713678800501e-15,7.2
P017,ConstDecel,0.1,30.974,30.80509912045826,-0.1689008795417415,7.2
P017,ConstDecel,0.2,30.931,30.59719824091651,-0.3338017590834923,7.2
P017,ConstDecel,0.3,30.881,30.389297361374762,-0.4917026386252381,7.2
P017,ConstDecel,0.4,30.823,30.181396481833012,-0.6416035181669884,7.2
P017,ConstDecel,0.5,30.751,29.973495602291266,-0.7775043977087357,7.2
P017,ConstDecel,0.6,30.667,29.765594722749515,-0.9014052772504861,7.2
P017,ConstDecel,0.7,30.576,29.557693843207772,-1.018306156792228,7.2
P017,ConstDecel,0.8,30.484,29.34979296366602,-1.134207036333983,7.2
P017,ConstDecel,0.9,30.391,29.141892084124276,-1.2491079158757223,7.2
P017,ConstDecel,1.0,30.298,28.933991204582526,-1.3640087954174724,7.2
P017,ConstDecel,1.1,30.206,28.72609032504078,-1.4799096749592202,7.2
P017,ConstDecel,1.2,30.114,28.518189445499033,-1.595810554500968,7.2
P017,ConstDecel,1.3,30.022,28.310288565957283,-1.7117114340427158,7.2
P017,ConstDecel,1.4,29.93,28.102387686415536,-1.8276123135844635,7.2
P017,ConstDecel,1.5,29.838,27.894486806873786,-1.9435131931262148,7.2
P017,ConstDecel,1.6,29.746,27.686585927332043,-2.0594140726679555,7.2
P017,ConstDecel,1.7,29.655,27.47868504779029,-2.1763149522097116,7.2
P017,ConstDecel,1.8,29.563,27.270784168248547,-2.2922158317514523,7.2
P017,ConstDecel,1.9,29.472,27.0628832887068,-2.4091167112932013,7.2
P017,ConstDecel,2.0,29.381,26.85498240916505,-2.5260175908349503,7.2
P017,ConstDecel,2.1,29.29,26.6470815296233,-2.6429184703766992,7.2
P017,ConstDecel,2.2,29.199,26.439180650081553,-2.7598193499184482,7.2
P017,ConstDecel,2.3,29.108,26.231279770539807,-2.8767202294601937,7.2
P017,ConstDecel,2.4,29.018,26.023378890998057,-2.994621109001944,7.2
P017,ConstDecel,2.5,28.928,25.81547801145631,-3.1125219885436906,7.2
P017,ConstDecel,2.6,28.837,25.60757713191456,-3.2294228680854395,7.2
P017,ConstDecel,2.7,28.747,25.399676252372817,-3.3473237476271827,7.2
P017,ConstDecel,2.8,28.657,25.191775372831067,-3.465224627168933,7.2
P017,ConstDecel,2.9,28.567,24.98387449328932,-3.5831255067106795,7.2
P017,ConstDecel,3.0,28.478,24.775973613747574,-3.7020263862524274,7.2
P017,ConstDecel,3.1,28.388,24.568072734205824,-3.8199272657941776,7.2
P017,ConstDecel,3.2,28.299,24.360171854664074,-3.9388281453359255,7.2
P017,ConstDecel,3.3,28.21,24.152270975122327,-4.057729024877673,7.2
P017,ConstDecel,3.4,28.121,23.94437009558058,-4.176629904419418,7.2
P017,ConstDecel,3.5,28.032,23.73646921603883,-4.295530783961169,7.2
P017,ConstDecel,3.6,27.943,23.528568336497088,-4.4144316635029135,7.2
P017,ConstDecel,3.7,27.854,23.320667456955334,-4.533332543044665,7.2
P017,ConstDecel,3.8,27.765,23.11276657741359,-4.652233422586409,7.2
P017,ConstDecel,3.9,27.677,22.90486569787184,-4.772134302128158,7.2
P017,ConstDecel,4.0,27.589,22.696964818330095,-4.892035181669904,7.2
P017,ConstDecel,4.1,27.5,22.489063938788348,-5.010936061211652,7.2
P017,ConstDecel,4.2,27.412,22.281163059246598,-5.130836940753401,7.2
P017,ConstDecel,4.3,27.325,22.07326217970485,-5.251737820295148,7.2
P017,ConstDecel,4.4,27.237,21.8653613001631,-5.371638699836897,7.2
P017,ConstDecel,4.5,27.149,21.65746042062136,-5.491539579378642,7.2
P017,ConstDecel,4.6,27.062,21.44955954107961,-5.612440458920393,7.2
P017,ConstDecel,4.7,26.974,21.241658661537862,-5.732341338462138,7.2
P017,ConstDecel,4.8,26.887,21.033757781996112,-5.8532422180038886,7.2
P017,ConstDecel,4.9,26.8,20.825856902454365,-5.974143097545635,7.2
P017,ConstDecel,5.0,26.713,20.617956022912615,-6.095043977087386,7.2
P017,ConstDecel,5.1,26.626,20.41005514337087,-6.215944856629132,7.2
P017,ConstDecel,5.2,26.54,20.202154263829122,-6.337845736170877,7.2
P017,ConstDecel,5.3,26.453,19.994253384287372,-6.458746615712627,7.2
P017,ConstDecel,5.4,26.367,19.786352504745626,-6.580647495254375,7.2
P017,ConstDecel,5.5,26.281,19.578451625203876,-6.702548374796123,7.2
P017,ConstDecel,5.6,26.194,19.370550745662133,-6.823449254337866,7.2
P017,ConstDecel,5.7,26.108,19.162649866120383,-6.945350133879618,7.2
P017,ConstDecel,5.8,26.023,18.954748986578636,-7.068251013421364,7.2
P017,ConstDecel,5.9,25.937,18.746848107036886,-7.190151892963115,7.2
P017,ConstDecel,6.0,25.851,18.53894722749514,-7.31205277250486,7.2
P017,ConstDecel,6.1,25.766,18.331046347953393,-7.434953652046605,7.2
P017,ConstDecel,6.2,25.68,18.123145468411643,-7.556854531588357,7.2
P017,ConstDecel,6.3,25.595,17.915244588869896,-7.6797554111301025,7.2
P017,ConstDecel,6.4,25.51,17.707343709328146,-7.802656290671855,7.2
P017,ConstDecel,6.5,25.425,17.499442829786403,-7.925557170213597,7.2
P017,ConstDecel,6.6,25.34,17.291541950244653,-8.048458049755347,7.2
P017,ConstDecel,6.7,25.255,17.083641070702907,-8.171358929297092,7.2
P017,ConstDecel,6.8,25.171,16.875740191161157,-8.295259808838843,7.2
P017,ConstDecel,6.9,25.082,16.66783931161941,-8.41416068838059,7.2
P017,ConstDecel,7.0,24.919,16.459938432077664,-8.459061567922337,7.2
P017,ConstDecel,7.1,24.561,16.252037552535914,-8.308962447464086,7.2
P017,ConstDecel,7.2,23.821,16.044136672994167,-7.7768633270058345,7.2
P017,ConstDecel,7.3,22.65,15.836235793452419,-6.81376420654758,7.2
P017,ConstDecel,7.4,21.107,15.62833491391067,-5.478665086089329,7.2
P017,ConstDecel,7.5,19.309,15.420434034368922,-3.888565965631079,7.2
P017,ConstDecel,7.6,17.372,15.212533154827176,-2.1594668451728243,7.2
P017,ConstDecel,7.7,15.336,15.004632275285429,-0.3313677247145712,7.2
P017,ConstDecel,7.8,13.215,14.79673139574368,1.581731395743681,7.2
P017,ConstDecel,7.9,11.024,14.588830516201932,3.5648305162019334,7.2
P017,ConstDecel,8.0,8.78,14.380929636660184,5.600929636660185,7.2
P017,ConstDecel,8.1,6.551,14.173028757118436,7.622028757118436,7.2
P017,ConstDecel,8.2,4.56,13.965127877576691,9.405127877576692,7.2
P017,ConstDecel,8.3,2.896,13.757226998034941,10.86122699803494,7.2
P017,ConstDecel,8.4,1.319,13.549326118493193,12.230326118493192,7.2
P017,ConstDecel,8.5,0.207,13.341425238951446,13.134425238951446,7.2
P017,SafeEnv,0.0,31.013,31.013000000000005,3.552713678800501e-15,7.2
P017,SafeEnv,0.1,30.974,31.013000000000005,0.03900000000000503,7.2
P017,SafeEnv,0.2,30.931,31.013000000000005,0.08200000000000429,7.2
P017,SafeEnv,0.3,30.881,31.013000000000005,0.132000000000005,7.2
P017,SafeEnv,0.4,30.823,31.013000000000005,0.19000000000000483,7.2
P017,SafeEnv,0.5,30.751,31.013000000000005,0.262000000000004,7.2
P017,SafeEnv,0.6,30.667,31.013000000000005,0.34600000000000364,7.2
P017,SafeEnv,0.7,30.576,31.013000000000005,0.4370000000000047,7.2
P017,SafeEnv,0.8,30.484,31.013000000000005,0.5290000000000035,7.2
P017,SafeEnv,0.9,30.391,31.013000000000005,0.622000000000007,7.2
P017,SafeEnv,1.0,30.298,31.013000000000005,0.715000000000007,7.2
P017,SafeEnv,1.1,30.206,31.013000000000005,0.8070000000000057,7.2
P017,SafeEnv,1.2,30.114,31.013000000000005,0.8990000000000045,7.2
P017,SafeEnv,1.3,30.022,31.013000000000005,0.9910000000000068,7.2
P017,SafeEnv,1.4,29.93,31.013000000000005,1.0830000000000055,7.2
P017,SafeEnv,1.5,29.838,31.013000000000005,1.1750000000000043,7.2
P017,SafeEnv,1.6,29.746,31.013000000000005,1.2670000000000066,7.2
P017,SafeEnv,1.7,29.655,31.013000000000005,1.358000000000004,7.2
P017,SafeEnv,1.8,29.563,31.013000000000005,1.4500000000000064,7.2
P017,SafeEnv,1.9,29.472,31.013000000000005,1.541000000000004,7.2
P017,SafeEnv,2.0,29.381,31.013000000000005,1.632000000000005,7.2
P017,SafeEnv,2.1,29.29,31.013000000000005,1.723000000000006,7.2
P017,SafeEnv,2.2,29.199,31.013000000000005,1.8140000000000036,7.2
P017,SafeEnv,2.3,29.108,31.013000000000005,1.9050000000000047,7.2
P017,SafeEnv,2.4,29.018,31.013000000000005,1.9950000000000045,7.2
P017,SafeEnv,2.5,28.928,31.013000000000005,2.0850000000000044,7.2
P017,SafeEnv,2.6,28.837,31.013000000000005,2.1760000000000055,7.2
P017,SafeEnv,2.7,28.747,31.013000000000005,2.2660000000000053,7.2
P017,SafeEnv,2.8,28.657,31.013000000000005,2.356000000000005,7.2
P017,SafeEnv,2.9,28.567,31.013000000000005,2.446000000000005,7.2
P017,SafeEnv,3.0,28.478,31.013000000000005,2.5350000000000037,7.2
P017,SafeEnv,3.1,28.388,31.013000000000005,2.6250000000000036,7.2
P017,SafeEnv,3.2,28.299,31.013000000000005,2.7140000000000057,7.2
P017,SafeEnv,3.3,28.21,31.013000000000005,2.8030000000000044,7.2
P017,SafeEnv,3.4,28.121,31.013000000000005,2.8920000000000066,7.2
P017,SafeEnv,3.5,28.032,31.013000000000005,2.981000000000005,7.2
P017,SafeEnv,3.6,27.943,31.013000000000005,3.070000000000004,7.2
P017,SafeEnv,3.7,27.854,31.013000000000005,3.159000000000006,7.2
P017,SafeEnv,3.8,27.765,31.013000000000005,3.2480000000000047,7.2
P017,SafeEnv,3.9,27.677,31.013000000000005,3.3360000000000056,7.2
P017,SafeEnv,4.0,27.589,31.013000000000005,3.4240000000000066,7.2
P017,SafeEnv,4.1,27.5,31.013000000000005,3.5130000000000052,7.2
P017,SafeEnv,4.2,27.412,31.013000000000005,3.601000000000006,7.2
P017,SafeEnv,4.3,27.325,31.013000000000005,3.688000000000006,7.2
P017,SafeEnv,4.4,27.237,31.013000000000005,3.776000000000007,7.2
P017,SafeEnv,4.5,27.149,31.013000000000005,3.8640000000000043,7.2
P017,SafeEnv,4.6,27.062,31.013000000000005,3.951000000000004,7.2
P017,SafeEnv,4.7,26.974,31.013000000000005,4.039000000000005,7.2
P017,SafeEnv,4.8,26.887,31.013000000000005,4.126000000000005,7.2
P017,SafeEnv,4.9,26.8,31.013000000000005,4.2130000000000045,7.2
P017,SafeEnv,5.0,26.713,31.013000000000005,4.300000000000004,7.2
P017,SafeEnv,5.1,26.626,31.013000000000005,4.387000000000004,7.2
P017,SafeEnv,5.2,26.54,30.908188999552433,4.368188999552434,7.2
P017,SafeEnv,5.3,26.453,30.233890175990986,3.7808901759909865,7.2
P017,SafeEnv,5.4,26.367,29.55975901261633,3.192759012616328,7.2
P017,SafeEnv,5.5,26.281,28.885803111025286,2.604803111025287,7.2
P017,SafeEnv,5.6,26.194,28.212030599574305,2.018030599574306,7.2
P017,SafeEnv,5.7,26.108,27.538450183035728,1.4304501830357275,7.2
P017,SafeEnv,5.8,26.023,26.865071198229778,0.8420711982297782,7.2
P017,SafeEnv,5.9,25.937,26.191903676514222,0.2549036765142212,7.2
P017,SafeEnv,6.0,25.851,25.518958414169504,-0.3320415858304955,7.2
P017,SafeEnv,6.1,25.766,24.846247051903912,-0.919752948096086,7.2
P017,SafeEnv,6.2,25.68,24.17378216493068,-1.506217835069318,7.2
P017,SafeEnv,6.3,25.595,23.50157736534556,-2.093422634654438,7.2
P017,SafeEnv,6.4,25.51,22.82964741887081,-2.680352581129192,7.2
P017,SafeEnv,6.5,25.425,22.15800837844738,-3.26699162155262,7.2
P017,SafeEnv,6.6,25.34,21.486677737670863,-3.8533222623291365,7.2
P017,SafeEnv,6.7,25.255,20.815674607704484,-4.439325392295515,7.2
P017,SafeEnv,6.8,25.171,20.14501992210173,-5.025980077898268,7.2
P017,SafeEnv,6.9,25.082,19.474736674975528,-5.607263325024473,7.2
P017,SafeEnv,7.0,24.919,18.804850199223612,-6.114149800776389,7.2
P017,SafeEnv,7.1,24.561,18.135388493145506,-6.425611506854494,7.2
P017,SafeEnv,7.2,23.821,17.466382605873488,-6.354617394126514,7.2
P017,SafeEnv,7.3,22.65,16.797867094748348,-5.852132905251651,7.2
P017,SafeEnv,7.4,21.107,16.129880571308668,-4.977119428691331,7.2
P017,SafeEnv,7.5,19.309,15.462466357229665,-3.8465336427703356,7.2
P017,SafeEnv,7.6,17.372,14.795673277766506,-2.5763267222334942,7.2
P017,SafeEnv,7.7,15.336,14.129556628626403,-1.206443371373597,7.2
P017,SafeEnv,7.8,13.215,13.464179363587277,0.24917936358727744,7.2
P017,SafeEnv,7.9,11.024,12.799613565882348,1.7756135658823489,7.2
P017,SafeEnv,8.0,8.78,12.13594228828643,3.35594228828643,7.2
P017,SafeEnv,8.1,6.551,11.473261877880187,4.922261877880187,7.2
P017,SafeEnv,8.2,4.56,10.81168494610051,6.25168494610051,7.2
P017,SafeEnv,8.3,2.896,10.151344209967226,7.255344209967226,7.2
P017,SafeEnv,8.4,1.319,9.492397527625629,8.173397527625628,7.2
P017,SafeEnv,8.5,0.207,8.835034599197764,8.628034599197763,7.2
P017,CGP,0.0,31.013,31.013000000000005,3.552713678800501e-15,7.2
P017,CGP,0.1,30.974,30.975159090909095,0.0011590909090948287,7.2
P017,CGP,0.2,30.931,30.937318181818185,0.006318181818183888,7.2
P017,CGP,0.3,30.881,30.89947727272727,0.018477272727270844,7.2
P017,CGP,0.4,30.823,30.86163636363636,0.03863636363636047,7.2
P017,CGP,0.5,30.751,30.82379545454545,0.07279545454544945,7.2
P017,CGP,0.6,30.667,30.78595454545454,0.11895454545453887,7.2
P017,CGP,0.7,30.576,30.74811363636363,0.17211363636362975,7.2
P017,CGP,0.8,30.484,30.71027272727272,0.2262727272727183,7.2
P017,CGP,0.9,30.391,30.67243181818181,0.2814318181818116,7.2
P017,CGP,1.0,30.298,30.6345909090909,0.3365909090909014,7.2
P017,CGP,1.1,30.206,30.59674999999999,0.39074999999998994,7.2
P017,CGP,1.2,30.114,30.55890909090908,0.4449090909090785,7.2
P017,CGP,1.3,30.022,30.52106818181817,0.4990681818181706,7.2
P017,CGP,1.4,29.93,30.483227272727255,0.5532272727272556,7.2
P017,CGP,1.5,29.838,30.445386363636345,0.6073863636363441,7.2
P017,CGP,1.6,29.746,30.407545454545435,0.6615454545454362,7.2
P017,CGP,1.7,29.655,30.369704545454525,0.7147045454545236,7.2
P017,CGP,1.8,29.563,30.331863636363614,0.7688636363636157,7.2
P017,CGP,1.9,29.472,30.294022727272704,0.822022727272703,7.2
P017,CGP,2.0,29.381,30.256181818181794,0.8751818181817939,7.2
P017,CGP,2.1,29.29,30.218340909090884,0.9283409090908847,7.2
P017,CGP,2.2,29.199,30.180499999999974,0.9814999999999721,7.2
P017,CGP,2.3,29.108,30.142659090909063,1.034659090909063,7.2
P017,CGP,2.4,29.018,30.104818181818153,1.0868181818181526,7.2
P017,CGP,2.5,28.928,30.06697727272724,1.1389772727272387,7.2
P017,CGP,2.6,28.837,30.02913636363633,1.1921363636363296,7.2
P017,CGP,2.7,28.747,29.99129545454542,1.2442954545454192,7.2
P017,CGP,2.8,28.657,29.95345454545451,1.2964545454545089,7.2
P017,CGP,2.9,28.567,29.9156136363636,1.3486136363635985,7.2
P017,CGP,3.0,28.478,29.87777272727269,1.399772727272687,7.2
P017,CGP,3.1,28.388,29.83993181818178,1.4519318181817766,7.2
P017,CGP,3.2,28.299,29.802090909090868,1.5030909090908686,7.2
P017,CGP,3.3,28.21,29.764249999999958,1.554249999999957,7.2
P017,CGP,3.4,28.121,29.726409090909048,1.605409090909049,7.2
P017,CGP,3.5,28.032,29.688568181818138,1.6565681818181375,7.2
P017,CGP,3.6,27.943,29.650727272727224,1.7077272727272224,7.2
P017,CGP,3.7,27.854,29.612886363636314,1.7588863636363143,7.2
P017,CGP,3.8,27.765,29.575045454545403,1.8100454545454028,7.2
P017,CGP,3.9,27.677,29.537204545454493,1.8602045454544935,7.2
P017,CGP,4.0,27.589,29.499363636363583,1.9103636363635843,7.2
P017,CGP,4.1,27.5,29.461522727272673,1.9615227272726727,7.2
P017,CGP,4.2,27.412,29.423681818181763,2.0116818181817635,7.2
P017,CGP,4.3,27.325,29.385840909090852,2.060840909090853,7.2
P017,CGP,4.4,27.237,29.347999999999942,2.110999999999944,7.2
P017,CGP,4.5,27.149,29.310159090909032,2.161159090909031,7.2
P017,CGP,4.6,27.062,29.27231818181812,2.2103181818181206,7.2
P017,CGP,4.7,26.974,29.234477272727208,2.2604772727272078,7.2
P017,CGP,4.8,26.887,29.196636363636298,2.3096363636362973,7.2
P017,CGP,4.9,26.8,29.158795454545388,2.358795454545387,7.2
P017,CGP,5.0,26.713,29.120954545454477,2.4079545454544764,7.2
P017,CGP,5.1,26.626,29.083113636363567,2.457113636363566,7.2
P017,CGP,5.2,26.54,29.045272727272657,2.505272727272658,7.2
P017,CGP,5.3,26.453,29.007431818181747,2.5544318181817474,7.2
P017,CGP,5.4,26.367,28.969590909090837,2.6025909090908357,7.2
P017,CGP,5.5,26.281,28.931749999999926,2.6507499999999276,7.2
P017,CGP,5.6,26.194,28.893909090909016,2.699909090909017,7.2
P017,CGP,5.7,26.108,28.794135738354388,2.6861357383543876,7.2
P017,CGP,5.8,26.023,28.120388833475534,2.0973888334755344,7.2
P017,CGP,5.9,25.937,27.446641928596677,1.5096419285966753,7.2
P017,CGP,6.0,25.851,26.772895023717822,0.9218950237178234,7.2
P017,CGP,6.1,25.766,26.09914811883897,0.3331481188389702,7.2
P017,CGP,6.2,25.68,25.42540121396011,-0.25459878603988884,7.2
P017,CGP,6.3,25.595,24.751654309081257,-0.843345690918742,7.2
P017,CGP,6.4,25.51,24.077907404202403,-1.4320925957975987,7.2
P017,CGP,6.5,25.425,23.40416049932355,-2.020839500676452,7.2
P017,CGP,6.6,25.34,22.73041359444469,-2.6095864055553086,7.2
P017,CGP,6.7,25.255,22.056666689565837,-3.198333310434162,7.2
P017,CGP,6.8,25.171,21.382919784686983,-3.788080215313016,7.2
P017,CGP,6.9,25.082,20.709172879808126,-4.372827120191875,7.2
P017,CGP,7.0,24.919,20.03542597492927,-4.883574025070729,7.2
P017,CGP,7.1,24.561,19.361679070050418,-5.199320929949582,7.2
P017,CGP,7.2,23.821,18.687932165171564,-5.133067834828438,7.2
P017,CGP,7.3,22.65,17.673276169383616,-4.976723830616383,7.2
P017,CGP,7.4,21.107,16.463853003380077,-4.643146996619922,7.2
P017,CGP,7.5,19.309,15.254429837376536,-4.054570162623465,7.2
P017,CGP,7.6,17.372,14.045006671372997,-3.326993328627003,7.2
P017,CGP,7.7,15.336,12.835583505369458,-2.5004164946305423,7.2
P017,CGP,7.8,13.215,11.626160339365919,-1.5888396606340809,7.2
P017,CGP,7.9,11.024,10.41673717336238,-0.6072628266376192,7.2
P017,CGP,8.0,8.78,9.207314007358843,0.4273140073588433,7.2
P017,CGP,8.1,6.551,7.997890841355304,1.4468908413553034,7.2
P017,CGP,8.2,4.56,6.788467675351765,2.228467675351766,7.2
P017,CGP,8.3,2.896,5.579044509348227,2.6830445093482274,7.2
P017,CGP,8.4,1.319,4.369621343344689,3.050621343344689,7.2
P017,CGP,8.5,0.207,3.1601981773411505,2.9531981773411506,7.2
P018,ConstDecel,0.0,29.715,29.715,0.0,8.6
P018,ConstDecel,0.1,29.624,29.523091175424558,-0.10090882457544126,8.6
P018,ConstDecel,0.2,29.532,29.33118235084911,-0.2008176491508884,8.6
P018,ConstDecel,0.3,29.441,29.139273526273673,-0.3017264737263261,8.6
P018,ConstDecel,0.4,29.35,28.947364701698227,-0.40263529830177447,8.6
P018,ConstDecel,0.5,29.259,28.755455877122788,-0.5035441228772122,8.6
P018,ConstDecel,0.6,29.168,28.563547052547342,-0.604452947452657,8.6
P018,ConstDecel,0.7,29.078,28.371638227971903,-0.7063617720280959,8.6
P018,ConstDecel,0.8,28.987,28.179729403396458,-0.8072705966035407,8.6
P018,ConstDecel,0.9,28.897,27.98782057882102,-0.9091794211789797,8.6
P018,ConstDecel,1.0,28.807,27.795911754245576,-1.0110882457544221,8.6
P018,ConstDecel,1.1,28.717,27.604002929670134,-1.1129970703298646,8.6
P018,ConstDecel,1.2,28.627,27.412094105094692,-1.214905894905307,8.6
P018,ConstDecel,1.3,28.537,27.22018528051925,-1.3168147194807496,8.6
P018,ConstDecel,1.4,28.447,27.028276455943807,-1.418723544056192,8.6
P018,ConstDecel,1.5,28.358,26.83636763136836,-1.5216323686316393,8.6
P018,ConstDecel,1.6,28.268,26.644458806792922,-1.6235411932070782,8.6
P018,ConstDecel,1.7,28.179,26.452549982217484,-1.7264500177825148,8.6
P018,ConstDecel,1.8,28.09,26.260641157642038,-1.829358842357962,8.6
P018,ConstDecel,1.9,28.001,26.0687323330666,-1.9322676669334022,8.6
P018,ConstDecel,2.0,27.912,25.876823508491153,-2.035176491508846,8.6
P018,ConstDecel,2.1,27.824,25.684914683915714,-2.1390853160842873,8.6
P018,ConstDecel,2.2,27.735,25.49300585934027,-2.241994140659731,8.6
P018,ConstDecel,2.3,27.647,25.301097034764826,-2.3459029652351724,8.6
P018,ConstDecel,2.4,27.559,25.109188210189384,-2.4498117898106173,8.6
P018,ConstDecel,2.5,27.471,24.91727938561394,-2.5537206143860587,8.6
P018,ConstDecel,2.6,27.383,24.7253705610385,-2.6576294389615,8.6
P018,ConstDecel,2.7,27.295,24.533461736463057,-2.761538263536945,8.6
P018,ConstDecel,2.8,27.207,24.341552911887618,-2.865447088112383,8.6
P018,ConstDecel,2.9,27.12,24.149644087312172,-2.970355912687829,8.6
P018,ConstDecel,3.0,27.032,23.957735262736733,-3.0742647372632668,8.6
P018,ConstDecel,3.1,26.945,23.765826438161287,-3.179173561838713,8.6
P018,ConstDecel,3.2,26.858,23.57391761358585,-3.284082386414152,8.6
P018,ConstDecel,3.3,26.771,23.382008789010403,-3.388991210989598,8.6
P018,ConstDecel,3.4,26.684,23.190099964434964,-3.493900035565037,8.6
P018,ConstDecel,3.5,26.597,22.99819113985952,-3.5988088601404797,8.6
P018,ConstDecel,3.6,26.509,22.806282315284076,-3.7027176847159247,8.6
P018,ConstDecel,3.7,26.407,22.614373490708633,-3.7926265092913667,8.6
P018,ConstDecel,3.8,26.282,22.42246466613319,-3.859535333866809,8.6
P018,ConstDecel,3.9,26.142,22.230555841557752,-3.9114441584422472,8.6
P018,ConstDecel,4.0,25.974,22.038647016982306,-3.935352983017694,8.6
P018,ConstDecel,4.1,25.771,21.846738192406868,-3.9242618075931333,8.6
P018,ConstDecel,4.2,25.551,21.65482936783142,-3.8961706321685767,8.6
P018,ConstDecel,4.3,25.324,21.462920543255983,-3.8610794567440188,8.6
P018,ConstDecel,4.4,25.093,21.271011718680537,-3.821988281319463,8.6
P018,ConstDecel,4.5,24.859,21.079102894105098,-3.7798971058949036,8.6
P018,ConstDecel,4.6,24.608,20.887194069529656,-3.7208059304703447,8.6
P018,ConstDecel,4.7,24.317,20.695285244954214,-3.6217147550457867,8.6
P018,ConstDecel,4.8,23.988,20.50337642037877,-3.4846235796212284,8.6
P018,ConstDecel,4.9,23.636,20.31146759580333,-3.3245324041966704,8.6
P018,ConstDecel,5.0,23.259,20.119558771227886,-3.139441228772114,8.6
P018,ConstDecel,5.1,22.879,19.927649946652444,-2.951350053347557,8.6
P018,ConstDecel,5.2,22.513,19.735741122077002,-2.777258877923,8.6
P018,ConstDecel,5.3,22.186,19.54383229750156,-2.6421677024984405,8.6
P018,ConstDecel,5.4,21.917,19.351923472926117,-2.5650765270738844,8.6
P018,ConstDecel,5.5,21.718,19.160014648350675,-2.557985351649325,8.6
P018,ConstDecel,5.6,21.586,18.968105823775232,-2.617894176224766,8.6
P018,ConstDecel,5.7,21.48,18.77619699919979,-2.7038030008002103,8.6
P018,ConstDecel,5.8,21.382,18.584288174624348,-2.7977118253756537,8.6
P018,ConstDecel,5.9,21.289,18.392379350048905,-2.896620649951096,8.6
P018,ConstDecel,6.0,21.201,18.200470525473463,-3.0005294745265374,8.6
P018,ConstDecel,6.1,21.116,18.00856170089802,-3.107438299101979,8.6
P018,ConstDecel,6.2,21.031,17.81665287632258,-3.2143471236774204,8.6
P018,ConstDecel,6.3,20.947,17.624744051747136,-3.322255948252863,8.6
P018,ConstDecel,6.4,20.864,17.432835227171694,-3.431164772828307,8.6
P018,ConstDecel,6.5,20.78,17.24092640259625,-3.5390735974037497,8.6
P018,ConstDecel,6.6,20.697,17.049017578020813,-3.6479824219791865,8.6
P018,ConstDecel,6.7,20.614,16.857108753445367,-3.756891246554634,8.6
P018,ConstDecel,6.8,20.531,16.665199928869928,-3.865800071130071,8.6
P018,ConstDecel,6.9,20.448,16.473291104294482,-3.9747088957055183,8.6
P018,ConstDecel,7.0,20.365,16.28138227971904,-4.083617720280959,8.6
P018,ConstDecel,7.1,20.282,16.089473455143597,-4.192526544856403,8.6
P018,ConstDecel,7.2,20.2,15.897564630568157,-4.3024353694318425,8.6
P018,ConstDecel,7.3,20.118,15.705655805992714,-4.412344194007284,8.6
P018,ConstDecel,7.4,20.036,15.513746981417272,-4.522253018582729,8.6
P018,ConstDecel,7.5,19.954,15.321838156841828,-4.632161843158173,8.6
P018,ConstDecel,7.6,19.872,15.12992933226639,-4.742070667733611,8.6
P018,ConstDecel,7.7,19.79,14.938020507690947,-4.851979492309052,8.6
P018,ConstDecel,7.8,19.709,14.746111683115505,-4.962888316884495,8.6
P018,ConstDecel,7.9,19.627,14.55420285854006,-5.072797141459938,8.6
P018,ConstDecel,8.0,19.546,14.362294033964618,-5.183705966035381,8.6
P018,ConstDecel,8.1,19.463,14.170385209389176,-5.292614790610825,8.6
P018,ConstDecel,8.2,19.345,13.978476384813737,-5.366523615186262,8.6
P018,ConstDecel,8.3,19.114,13.786567560238291,-5.32743243976171,8.6
P018,ConstDecel,8.4,18.744,13.594658735662849,-5.149341264337151,8.6
P018,ConstDecel,8.5,18.284,13.402749911087408,-4.881250088912591,8.6
P018,ConstDecel,8.6,17.765,13.210841086511966,-4.554158913488035,8.6
P018,ConstDecel,8.7,17.17,13.018932261936524,-4.151067738063478,8.6
P018,ConstDecel,8.8,16.494,12.82702343736108,-3.6669765626389204,8.6
P018,ConstDecel,8.9,15.749,12.635114612785639,-3.1138853872143617,8.6
P018,ConstDecel,9.0,14.933,12.443205788210197,-2.4897942117898033,8.6
P018,ConstDecel,9.1,14.057,12.251296963634756,-1.8057030363652444,8.6
P018,ConstDecel,9.2,13.145,12.059388139059314,-1.085611860940686,8.6
P018,ConstDecel,9.3,12.209,11.867479314483868,-0.3415206855161319,8.6
P018,ConstDecel,9.4,11.254,11.675570489908425,0.4215704899084258,8.6
P018,ConstDecel,9.5,10.278,11.483661665332987,1.2056616653329861,8.6
P018,ConstDecel,9.6,9.27,11.291752840757542,2.021752840757543,8.6
P018,ConstDecel,9.7,8.209,11.0998440161821,2.8908440161821005,8.6
P018,ConstDecel,9.8,7.099,10.907935191606656,3.808935191606656,8.6
P018,ConstDecel,9.9,5.954,10.716026367031215,4.762026367031216,8.6
P018,ConstDecel,10.0,4.788,10.524117542455773,5.736117542455773,8.6
P018,ConstDecel,10.1,3.623,10.332208717880333,6.709208717880332,8.6
P018,ConstDecel,10.2,2.471,10.14029989330489,7.66929989330489,8.6
P018,ConstDecel,10.3,1.336,9.948391068729446,8.612391068729446,8.6
P018,ConstDecel,10.4,0.226,9.756482244154004,9.530482244154003,8.6
P018,SafeEnv,0.0,29.715,29.715,0.0,8.6
P018,SafeEnv,0.1,29.624,29.715,0.09100000000000108,8.6
P018,SafeEnv,0.2,29.532,29.715,0.18299999999999983,8.6
P018,SafeEnv,0.3,29.441,29.715,0.2740000000000009,8.6
P018,SafeEnv,0.4,29.35,29.715,0.36499999999999844,8.6
P018,SafeEnv,0.5,29.259,29.715,0.4559999999999995,8.6
P018,SafeEnv,0.6,29.168,29.715,0.5470000000000006,8.6
P018,SafeEnv,0.7,29.078,29.715,0.6370000000000005,8.6
P018,SafeEnv,0.8,28.987,29.715,0.7280000000000015,8.6
P018,SafeEnv,0.9,28.897,29.715,0.8180000000000014,8.6
P018,SafeEnv,1.0,28.807,29.715,0.9080000000000013,8.6
P018,SafeEnv,1.1,28.717,29.715,0.9980000000000011,8.6
P018,SafeEnv,1.2,28.627,29.715,1.088000000000001,8.6
P018,SafeEnv,1.3,28.537,29.715,1.1780000000000008,8.6
P018,SafeEnv,1.4,28.447,29.715,1.2680000000000007,8.6
P018,SafeEnv,1.5,28.358,29.715,1.3569999999999993,8.6
P018,SafeEnv,1.6,28.268,29.715,1.4469999999999992,8.6
P018,SafeEnv,1.7,28.179,29.715,1.5360000000000014,8.6
P018,SafeEnv,1.8,28.09,29.715,1.625,8.6
P018,SafeEnv,1.9,28.001,29.715,1.7139999999999986,8.6
P018,SafeEnv,2.0,27.912,29.715,1.8030000000000008,8.6
P018,SafeEnv,2.1,27.824,29.715,1.8909999999999982,8.6
P018,SafeEnv,2.2,27.735,29.715,1.9800000000000004,8.6
P018,SafeEnv,2.3,27.647,29.715,2.0680000000000014,8.6
P018,SafeEnv,2.4,27.559,29.715,2.155999999999999,8.6
P018,SafeEnv,2.5,27.471,29.715,2.2439999999999998,8.6
P018,SafeEnv,2.6,27.383,29.715,2.3320000000000007,8.6
P018,SafeEnv,2.7,27.295,29.715,2.419999999999998,8.6
P018,SafeEnv,2.8,27.207,29.715,2.507999999999999,8.6
P018,SafeEnv,2.9,27.12,29.715,2.594999999999999,8.6
P018,SafeEnv,3.0,27.032,29.715,2.683,8.6
P018,SafeEnv,3.1,26.945,29.715,2.7699999999999996,8.6
P018,SafeEnv,3.2,26.858,29.715,2.8569999999999993,8.6
P018,SafeEnv,3.3,26.771,29.715,2.943999999999999,8.6
P018,SafeEnv,3.4,26.684,29.715,3.030999999999999,8.6
P018,SafeEnv,3.5,26.597,29.715,3.1179999999999986,8.6
P018,SafeEnv,3.6,26.509,29.715,3.2059999999999995,8.6
P018,SafeEnv,3.7,26.407,29.715,3.308,8.6
P018,SafeEnv,3.8,26.282,29.715,3.433,8.6
P018,SafeEnv,3.9,26.142,29.715,3.5730000000000004,8.6
P018,SafeEnv,4.0,25.974,29.715,3.7409999999999997,8.6
P018,SafeEnv,4.1,25.771,29.715,3.943999999999999,8.6
P018,SafeEnv,4.2,25.551,29.715,4.1640000000000015,8.6
P018,SafeEnv,4.3,25.324,29.715,4.390999999999998,8.6
P018,SafeEnv,4.4,25.093,29.715,4.622,8.6
P018,SafeEnv,4.5,24.859,29.715,4.855999999999998,8.6
P018,SafeEnv,4.6,24.608,29.715,5.106999999999999,8.6
P018,SafeEnv,4.7,24.317,29.715,5.398,8.6
P018,SafeEnv,4.8,23.988,29.715,5.727,8.6
P018,SafeEnv,4.9,23.636,29.715,6.079000000000001,8.6
P018,SafeEnv,5.0,23.259,29.715,6.4559999999999995,8.6
P018,SafeEnv,5.1,22.879,29.715,6.8359999999999985,8.6
P018,SafeEnv,5.2,22.513,29.715,7.201999999999998,8.6
P018,SafeEnv,5.3,22.186,29.715,7.529,8.6
P018,SafeEnv,5.4,21.917,29.715,7.797999999999998,8.6
P018,SafeEnv,5.5,21.718,29.715,7.997,8.6
P018,SafeEnv,5.6,21.586,29.4664209427825,7.8804209427825,8.6
P018,SafeEnv,5.7,21.48,28.79248993915912,7.312489939159118,8.6
P018,SafeEnv,5.8,21.382,28.118743495510895,6.736743495510893,8.6
P018,SafeEnv,5.9,21.289,27.445190400670533,6.156190400670532,8.6
P018,SafeEnv,6.0,21.201,26.77184008374117,5.570840083741171,8.6
P018,SafeEnv,6.1,21.116,26.098702677613744,4.982702677613744,8.6
P018,SafeEnv,6.2,21.031,25.425789090537155,4.394789090537156,8.6
P018,SafeEnv,6.3,20.947,24.75311108699512,3.80611108699512,8.6
P018,SafeEnv,6.4,20.864,24.080681379376717,3.216681379376716,8.6
P018,SafeEnv,6.5,20.78,23.40851373221151,2.628513732211509,8.6
P018,SafeEnv,6.6,20.697,22.736623081088133,2.039623081088134,8.6
P018,SafeEnv,6.7,20.614,22.06502566880267,1.451025668802668,8.6
P018,SafeEnv,6.8,20.531,21.393739201812686,0.8627392018126869,8.6
P018,SafeEnv,6.9,20.448,20.722783030730376,0.2747830307303758,8.6
P018,SafeEnv,7.0,20.365,20.052178359412974,-0.3128216405870248,8.6
P018,SafeEnv,7.1,20.282,19.38194848824573,-0.9000515117542705,8.6
P018,SafeEnv,7.2,20.2,18.712119098529733,-1.487880901470266,8.6
P018,SafeEnv,7.3,20.118,18.042718586567286,-2.0752814134327124,8.6
P018,SafeEnv,7.4,20.036,17.373778458202302,-2.662221541797699,8.6
P018,SafeEnv,7.5,19.954,16.70533379738046,-3.248666202619539,8.6
P018,SafeEnv,7.6,19.872,16.03742382596912,-3.834576174030879,8.6
P018,SafeEnv,7.7,19.79,15.37009257693013,-4.419907423069869,8.6
P018,SafeEnv,7.8,19.709,14.703389709414887,-5.005610290585112,8.6
P018,SafeEnv,7.9,19.627,14.03737150307903,-5.5896284969209695,8.6
P018,SafeEnv,8.0,19.546,13.372102080817177,-6.1738979191828225,8.6
P018,SafeEnv,8.1,19.463,12.707654925546917,-6.755345074453084,8.6
P018,SafeEnv,8.2,19.345,12.044114779652046,-7.300885220347952,8.6
P018,SafeEnv,8.3,19.114,11.381580048303032,-7.7324199516969685,8.6
P018,SafeEnv,8.4,18.744,10.720165874870721,-8.023834125129278,8.6
P018,SafeEnv,8.5,18.284,10.060008125556172,-8.223991874443827,8.6
P018,SafeEnv,8.6,17.765,9.401268623288356,-8.363731376711645,8.6
P018,SafeEnv,8.7,17.17,8.744142127894744,-8.425857872105258,8.6
P018,SafeEnv,8.8,16.494,8.088865804387327,-8.405134195612673,8.6
P018,SafeEnv,8.9,15.749,7.4357323129089625,-8.313267687091038,8.6
P018,SafeEnv,9.0,14.933,6.785108298487896,-8.147891701512105,8.6
P018,SafeEnv,9.1,14.057,6.137461153659134,-7.919538846340866,8.6
P018,SafeEnv,9.2,13.145,5.4933988545079275,-7.651601145492072,8.6
P018,SafeEnv,9.3,12.209,4.853731204445825,-7.355268795554174,8.6
P018,SafeEnv,9.4,11.254,4.2195676056983995,-7.0344323943016,8.6
P018,SafeEnv,9.5,10.278,3.5924802181670765,-6.685519781832924,8.6
P018,SafeEnv,9.6,9.27,2.974790923757657,-6.295209076242342,8.6
P018,SafeEnv,9.7,8.209,2.370108598615733,-5.8388914013842665,8.6
P018,SafeEnv,9.8,7.099,1.7844118971260705,-5.3145881028739295,8.6
P018,SafeEnv,9.9,5.954,1.2284178904157648,-4.725582109584235,8.6
P018,SafeEnv,10.0,4.788,0.7231325456282213,-4.064867454371779,8.6
P018,SafeEnv,10.1,3.623,0.31206144449675155,-3.310938555503249,8.6
P018,SafeEnv,10.2,2.471,0.0680207196801417,-2.402979280319858,8.6
P018,SafeEnv,10.3,1.336,0.0033845993807380356,-1.332615400619262,8.6
P018,SafeEnv,10.4,0.226,8.400657806202766e-06,-0.22599159934219382,8.6
P018,CGP,0.0,29.715,29.715,0.0,8.6
P018,CGP,0.1,29.624,29.623363636363635,-0.0006363636363637681,8.6
P018,CGP,0.2,29.532,29.53172727272727,-0.00027272727272986685,8.6
P018,CGP,0.3,29.441,29.44009090909091,-0.0009090909090900823,8.6
P018,CGP,0.4,29.35,29.348454545454544,-0.0015454545454574031,8.6
P018,CGP,0.5,29.259,29.256818181818183,-0.0021818181818176186,8.6
P018,CGP,0.6,29.168,29.165181818181818,-0.0028181818181813867,8.6
P018,CGP,0.7,29.078,29.073545454545457,-0.004454545454542824,8.6
P018,CGP,0.8,28.987,28.98190909090909,-0.005090909090906592,8.6
P018,CGP,0.9,28.897,28.89027272727273,-0.00672727272726803,8.6
P018,CGP,1.0,28.807,28.798636363636366,-0.00836363636363302,8.6
P018,CGP,1.1,28.717,28.707000000000004,-0.009999999999994458,8.6
P018,CGP,1.2,28.627,28.61536363636364,-0.011636363636359448,8.6
P018,CGP,1.3,28.537,28.523727272727275,-0.013272727272724438,8.6
P018,CGP,1.4,28.447,28.432090909090913,-0.014909090909085876,8.6
P018,CGP,1.5,28.358,28.34045454545455,-0.01754545454545209,8.6
P018,CGP,1.6,28.268,28.248818181818187,-0.019181818181813526,8.6
P018,CGP,1.7,28.179,28.157181818181822,-0.021818181818176186,8.6
P018,CGP,1.8,28.09,28.06554545454546,-0.024454545454538845,8.6
P018,CGP,1.9,28.001,27.973909090909096,-0.027090909090905058,8.6
P018,CGP,2.0,27.912,27.882272727272735,-0.029727272727264165,8.6
P018,CGP,2.1,27.824,27.79063636363637,-0.0333636363636316,8.6
P018,CGP,2.2,27.735,27.69900000000001,-0.035999999999990706,8.6
P018,CGP,2.3,27.647,27.607363636363644,-0.03963636363635459,8.6
P018,CGP,2.4,27.559,27.51572727272728,-0.04327272727272202,8.6
P018,CGP,2.5,27.471,27.424090909090918,-0.04690909090908235,8.6
P018,CGP,2.6,27.383,27.332454545454553,-0.05054545454544623,8.6
P018,CGP,2.7,27.295,27.24081818181819,-0.054181818181810115,8.6
P018,CGP,2.8,27.207,27.149181818181827,-0.057818181818174,8.6
P018,CGP,2.9,27.12,27.057545454545465,-0.06245454545453555,8.6
P018,CGP,3.0,27.032,26.9659090909091,-0.06609090909089943,8.6
P018,CGP,3.1,26.945,26.87427272727274,-0.07072727272726098,8.6
P018,CGP,3.2,26.858,26.782636363636374,-0.07536363636362609,8.6
P018,CGP,3.3,26.771,26.69100000000001,-0.07999999999999119,8.6
P018,CGP,3.4,26.684,26.59936363636365,-0.08463636363635274,8.6
P018,CGP,3.5,26.597,26.507727272727283,-0.08927272727271784,8.6
P018,CGP,3.6,26.509,26.416090909090922,-0.09290909090907817,8.6
P018,CGP,3.7,26.407,26.324454545454557,-0.08254545454544271,8.6
P018,CGP,3.8,26.282,26.232818181818196,-0.049181818181804005,8.6
P018,CGP,3.9,26.142,26.14118181818183,-0.0008181818181682843,8.6
P018,CGP,4.0,25.974,26.04954545454547,0.07554545454546968,8.6
P018,CGP,4.1,25.771,25.957909090909105,0.18690909090910424,8.6
P018,CGP,4.2,25.551,25.866272727272744,0.31527272727274536,8.6
P018,CGP,4.3,25.324,25.77463636363638,0.45063636363637727,8.6
P018,CGP,4.4,25.093,25.683000000000014,0.5900000000000141,8.6
P018,CGP,4.5,24.859,25.591363636363653,0.732363636363651,8.6
P018,CGP,4.6,24.608,25.499727272727288,0.8917272727272874,8.6
P018,CGP,4.7,24.317,25.408090909090927,1.0910909090909264,8.6
P018,CGP,4.8,23.988,25.31645454545456,1.3284545454545622,8.6
P018,CGP,4.9,23.636,25.2248181818182,1.5888181818182012,8.6
P018,CGP,5.0,23.259,25.133181818181836,1.8741818181818353,8.6
P018,CGP,5.1,22.879,25.041545454545474,2.162545454545473,8.6
P018,CGP,5.2,22.513,24.94990909090911,2.436909090909108,8.6
P018,CGP,5.3,22.186,24.858272727272748,2.6722727272727482,8.6
P018,CGP,5.4,21.917,24.766636363636383,2.8496363636363817,8.6
P018,CGP,5.5,21.718,24.67500000000002,2.9570000000000185,8.6
P018,CGP,5.6,21.586,24.583363636363657,2.9973636363636587,8.6
P018,CGP,5.7,21.48,24.491727272727292,3.011727272727292,8.6
P018,CGP,5.8,21.382,24.40009090909093,3.0180909090909296,8.6
P018,CGP,5.9,21.289,24.308454545454566,3.0194545454545647,8.6
P018,CGP,6.0,21.201,24.216818181818205,3.0158181818182044,8.6
P018,CGP,6.1,21.116,24.12518181818184,3.0091818181818404,8.6
P018,CGP,6.2,21.031,24.03354545454548,3.00254545454548,8.6
P018,CGP,6.3,20.947,23.941909090909114,2.9949090909091147,8.6
P018,CGP,6.4,20.864,23.850272727272753,2.986272727272752,8.6
P018,CGP,6.5,20.78,23.758636363636388,2.9786363636363866,8.6
P018,CGP,6.6,20.697,23.667000000000023,2.9700000000000237,8.6
P018,CGP,6.7,20.614,23.57536363636366,2.961363636363661,8.6
P018,CGP,6.8,20.531,23.483727272727297,2.952727272727298,8.6
P018,CGP,6.9,20.448,23.392090909090935,2.944090909090935,8.6
P018,CGP,7.0,20.365,23.30045454545457,2.935454545454572,8.6
P018,CGP,7.1,20.282,23.20881818181821,2.9268181818182093,8.6
P018,CGP,7.2,20.2,23.117181818181844,2.917181818181845,8.6
P018,CGP,7.3,20.118,22.737404691710317,2.6194046917103186,8.6
P018,CGP,7.4,20.036,22.065806928238196,2.0298069282381945,8.6
P018,CGP,7.5,19.954,21.394209164766075,1.440209164766074,8.6
P018,CGP,7.6,19.872,20.722611401293953,0.8506114012939534,8.6
P018,CGP,7.7,19.79,20.051013637821832,0.26101363782183284,8.6
P018,CGP,7.8,19.709,19.379415874349707,-0.3295841256502925,8.6
P018,CGP,7.9,19.627,18.707818110877586,-0.919181889122413,8.6
P018,CGP,8.0,19.546,18.036220347405465,-1.5097796525945348,8.6
P018,CGP,8.1,19.463,17.364622583933343,-2.0983774160666577,8.6
P018,CGP,8.2,19.345,16.693024820461222,-2.651975179538777,8.6
P018,CGP,8.3,19.114,16.0214270569891,-3.0925729430109,8.6
P018,CGP,8.4,18.744,15.349829293516978,-3.394170706483022,8.6
P018,CGP,8.5,18.284,14.678231530044856,-3.6057684699551427,8.6
P018,CGP,8.6,17.765,14.006633766572735,-3.7583662334272656,8.6
P018,CGP,8.7,17.17,12.994126912191522,-4.17587308780848,8.6
P018,CGP,8.8,16.494,11.714900689893437,-4.779099310106563,8.6
P018,CGP,8.9,15.749,10.435674467595353,-5.313325532404647,8.6
P018,CGP,9.0,14.933,9.156448245297268,-5.776551754702732,8.6
P018,CGP,9.1,14.057,7.877222022999183,-6.179777977000818,8.6
P018,CGP,9.2,13.145,6.597995800701098,-6.547004199298901,8.6
P018,CGP,9.3,12.209,5.318769578403013,-6.8902304215969865,8.6
P018,CGP,9.4,11.254,4.039543356104928,-7.214456643895072,8.6
P018,CGP,9.5,10.278,2.7603171338068435,-7.517682866193157,8.6
P018,CGP,9.6,9.27,1.4810909115087585,-7.788909088491241,8.6
P018,CGP,9.7,8.209,0.2018646892106737,-8.007135310789327,8.6
P018,CGP,9.8,7.099,0.0,-7.099,8.6
P018,CGP,9.9,5.954,0.0,-5.954,8.6
P018,CGP,10.0,4.788,0.0,-4.788,8.6
P018,CGP,10.1,3.623,0.0,-3.623,8.6
P018,CGP,10.2,2.471,0.0,-2.471,8.6
P018,CGP,10.3,1.336,0.0,-1.336,8.6
P018,CGP,10.4,0.226,0.0,-0.226,8.6
P019,ConstDecel,0.0,27.545,27.545,0.0,7.3
P019,ConstDecel,0.1,27.457,27.38040755624711,-0.0765924437528902,7.3
P019,ConstDecel,0.2,27.369,27.21581511249422,-0.1531848875057804,7.3
P019,ConstDecel,0.3,27.281,27.05122266874133,-0.22977733125866706,7.3
P019,ConstDecel,0.4,27.193,26.88663022498844,-0.3063697750115608,7.3
P019,ConstDecel,0.5,27.106,26.72203778123555,-0.38396221876445225,7.3
P019,ConstDecel,0.6,27.018,26.55744533748266,-0.46055466251734245,7.3
P019,ConstDecel,0.7,26.931,26.392852893729767,-0.5381471062702339,7.3
P019,ConstDecel,0.8,26.844,26.228260449976876,-0.6157395500231253,7.3
P019,ConstDecel,0.9,26.757,26.063668006223985,-0.6933319937760167,7.3
P019,ConstDecel,1.0,26.67,25.899075562471097,-0.7709244375289046,7.3
P019,ConstDecel,1.1,26.583,25.734483118718206,-0.8485168812817925,7.3
P019,ConstDecel,1.2,26.497,25.569890674965315,-0.9271093250346851,7.3
P019,ConstDecel,1.3,26.41,25.405298231212424,-1.0047017687875766,7.3
P019,ConstDecel,1.4,26.324,25.240705787459532,-1.0832942125404692,7.3
P019,ConstDecel,1.5,26.238,25.07611334370665,-1.1618866562933512,7.3
P019,ConstDecel,1.6,26.152,24.911520899953757,-1.2404791000462438,7.3
P019,ConstDecel,1.7,26.066,24.746928456200866,-1.319071543799133,7.3
P019,ConstDecel,1.8,25.98,24.582336012447975,-1.3976639875520256,7.3
P019,ConstDecel,1.9,25.894,24.417743568695084,-1.4762564313049147,7.3
P019,ConstDecel,2.0,25.808,24.253151124942192,-1.5548488750578073,7.3
P019,ConstDecel,2.1,25.723,24.0885586811893,-1.6344413188106977,7.3
P019,ConstDecel,2.2,25.638,23.923966237436414,-1.714033762563588,7.3
P019,ConstDecel,2.3,25.553,23.759373793683523,-1.7936262063164783,7.3
P019,ConstDecel,2.4,25.467,23.59478134993063,-1.8722186500693674,7.3
P019,ConstDecel,2.5,25.383,23.43018890617774,-1.952811093822259,7.3
P019,ConstDecel,2.6,25.298,23.26559646242485,-2.0324035375751492,7.3
P019,ConstDecel,2.7,25.213,23.10100401867196,-2.1119959813280396,7.3
P019,ConstDecel,2.8,25.129,22.93641157491907,-2.192588425080931,7.3
P019,ConstDecel,2.9,25.044,22.77181913116618,-2.2721808688338214,7.3
P019,ConstDecel,3.0,24.96,22.607226687413288,-2.352773312586713,7.3
P019,ConstDecel,3.1,24.876,22.442634243660397,-2.4333657563396045,7.3
P019,ConstDecel,3.2,24.792,22.278041799907506,-2.513958200092496,7.3
P019,ConstDecel,3.3,24.708,22.11344935615462,-2.594550643845377,7.3
P019,ConstDecel,3.4,24.624,21.94885691240173,-2.6751430875982685,7.3
P019,ConstDecel,3.5,24.54,21.78426446864884,-2.75573553135116,7.3
P019,ConstDecel,3.6,24.457,21.619672024895948,-2.8373279751040528,7.3
P019,ConstDecel,3.7,24.373,21.455079581143057,-2.9179204188569443,7.3
P019,ConstDecel,3.8,24.29,21.290487137390166,-2.9995128626098335,7.3
P019,ConstDecel,3.9,24.207,21.125894693637274,-3.0811053063627263,7.3
P019,ConstDecel,4.0,24.124,20.961302249884387,-3.162697750115612,7.3
P019,ConstDecel,4.1,24.041,20.796709806131496,-3.2442901938685047,7.3
P019,ConstDecel,4.2,23.958,20.632117362378604,-3.325882637621394,7.3
P019,ConstDecel,4.3,23.875,20.467524918625713,-3.4074750813742867,7.3
P019,ConstDecel,4.4,23.793,20.302932474872822,-3.490067525127177,7.3
P019,ConstDecel,4.5,23.71,20.138340031119935,-3.5716599688800663,7.3
P019,ConstDecel,4.6,23.628,19.973747587367043,-3.6542524126329567,7.3
P019,ConstDecel,4.7,23.54,19.809155143614152,-3.730844856385847,7.3
P019,ConstDecel,4.8,23.448,19.64456269986126,-3.8034373001387394,7.3
P019,ConstDecel,4.9,23.357,19.47997025610837,-3.8770297438916295,7.3
P019,ConstDecel,5.0,23.266,19.315377812355482,-3.950622187644516,7.3
P019,ConstDecel,5.1,23.173,19.150785368602595,-4.022214631397404,7.3
P019,ConstDecel,5.2,23.08,18.986192924849703,-4.093807075150295,7.3
P019,ConstDecel,5.3,22.987,18.821600481096812,-4.165399518903186,7.3
P019,ConstDecel,5.4,22.894,18.65700803734392,-4.236991962656077,7.3
P019,ConstDecel,5.5,22.802,18.49241559359103,-4.30958440640897,7.3
P019,ConstDecel,5.6,22.71,18.327823149838142,-4.3821768501618585,7.3
P019,ConstDecel,5.7,22.617,18.163230706085248,-4.453769293914753,7.3
P019,ConstDecel,5.8,22.523,17.99863826233236,-4.52436173766764,7.3
P019,ConstDecel,5.9,22.426,17.83404581857947,-4.59195418142053,7.3
P019,ConstDecel,6.0,22.329,17.669453374826578,-4.659546625173423,7.3
P019,ConstDecel,6.1,22.237,17.50486093107369,-4.732139068926308,7.3
P019,ConstDecel,6.2,22.148,17.3402684873208,-4.807731512679201,7.3
P019,ConstDecel,6.3,22.062,17.17567604356791,-4.88632395643209,7.3
P019,ConstDecel,6.4,21.976,17.01108359981502,-4.964916400184979,7.3
P019,ConstDecel,6.5,21.89,16.84649115606213,-5.043508843937872,7.3
P019,ConstDecel,6.6,21.805,16.681898712309238,-5.123101287690762,7.3
P019,ConstDecel,6.7,21.719,16.517306268556347,-5.201693731443655,7.3
P019,ConstDecel,6.8,21.633,16.352713824803455,-5.280286175196544,7.3
P019,ConstDecel,6.9,21.504,16.188121381050564,-5.315878618949437,7.3
P019,ConstDecel,7.0,21.284,16.023528937297677,-5.260471062702322,7.3
P019,ConstDecel,7.1,20.967,15.858936493544785,-5.108063506455213,7.3
P019,ConstDecel,7.2,20.556,15.694344049791894,-4.861655950208107,7.3
P019,ConstDecel,7.3,20.075,15.529751606039005,-4.5452483939609944,7.3
P019,ConstDecel,7.4,19.542,15.365159162286114,-4.176840837713888,7.3
P019,ConstDecel,7.5,18.94,15.200566718533222,-3.739433281466779,7.3
P019,ConstDecel,7.6,18.264,15.035974274780333,-3.2280257252196662,7.3
P019,ConstDecel,7.7,17.533,14.871381831027442,-2.6616181689725593,7.3
P019,ConstDecel,7.8,16.761,14.70678938727455,-2.0542106127254485,7.3
P019,ConstDecel,7.9,15.954,14.54219694352166,-1.411803056478341,7.3
P019,ConstDecel,8.0,15.112,14.377604499768772,-0.7343955002312281,7.3
P019,ConstDecel,8.1,14.234,14.213012056015883,-0.020987943984117408,7.3
P019,ConstDecel,8.2,13.331,14.048419612262991,0.7174196122629919,7.3
P019,ConstDecel,8.3,12.41,13.8838271685101,1.4738271685101,7.3
P019,ConstDecel,8.4,11.477,13.719234724757209,2.2422347247572088,7.3
P019,ConstDecel,8.5,10.537,13.55464228100432,3.017642281004319,7.3
P019,ConstDecel,8.6,9.595,13.390049837251428,3.795049837251428,7.3
P019,ConstDecel,8.7,8.643,13.22545739349854,4.58245739349854,7.3
P019,ConstDecel,8.8,7.676,13.060864949745646,5.384864949745646,7.3
P019,ConstDecel,8.9,6.704,12.896272505992759,6.192272505992759,7.3
P019,ConstDecel,9.0,5.734,12.731680062239867,6.997680062239867,7.3
P019,ConstDecel,9.1,4.781,12.567087618486978,7.786087618486978,7.3
P019,ConstDecel,9.2,3.861,12.402495174734089,8.541495174734088,7.3
P019,ConstDecel,9.3,2.989,12.237902730981196,9.248902730981197,7.3
P019,ConstDecel,9.4,2.172,12.073310287228304,9.901310287228304,7.3
P019,ConstDecel,9.5,1.417,11.908717843475415,10.491717843475415,7.3
P019,ConstDecel,9.6,0.737,11.744125399722527,11.007125399722527,7.3
P019,ConstDecel,9.7,0.146,11.579532955969636,11.433532955969635,7.3
P019,SafeEnv,0.0,27.545,27.545,0.0,7.3
P019,SafeEnv,0.1,27.457,27.545,0.08800000000000097,7.3
P019,SafeEnv,0.2,27.369,27.545,0.17600000000000193,7.3
P019,SafeEnv,0.3,27.281,27.545,0.2640000000000029,7.3
P019,SafeEnv,0.4,27.193,27.545,0.3520000000000003,7.3
P019,SafeEnv,0.5,27.106,27.545,0.43900000000000006,7.3
P019,SafeEnv,0.6,27.018,27.545,0.527000000000001,7.3
P019,SafeEnv,0.7,26.931,27.545,0.6140000000000008,7.3
P019,SafeEnv,0.8,26.844,27.545,0.7010000000000005,7.3
P019,SafeEnv,0.9,26.757,27.545,0.7880000000000003,7.3
P019,SafeEnv,1.0,26.67,27.545,0.875,7.3
P019,SafeEnv,1.1,26.583,27.545,0.9620000000000033,7.3
P019,SafeEnv,1.2,26.497,27.545,1.0480000000000018,7.3
P019,SafeEnv,1.3,26.41,27.545,1.1350000000000016,7.3
P019,SafeEnv,1.4,26.324,27.545,1.221,7.3
P019,SafeEnv,1.5,26.238,27.545,1.3070000000000022,7.3
P019,SafeEnv,1.6,26.152,27.545,1.3930000000000007,7.3
P019,SafeEnv,1.7,26.066,27.545,1.4790000000000028,7.3
P019,SafeEnv,1.8,25.98,27.545,1.5650000000000013,7.3
P019,SafeEnv,1.9,25.894,27.545,1.6510000000000034,7.3
P019,SafeEnv,2.0,25.808,27.545,1.7370000000000019,7.3
P019,SafeEnv,2.1,25.723,27.545,1.8220000000000027,7.3
P019,SafeEnv,2.2,25.638,27.545,1.907,7.3
P019,SafeEnv,2.3,25.553,27.545,1.9920000000000009,7.3
P019,SafeEnv,2.4,25.467,27.545,2.078000000000003,7.3
P019,SafeEnv,2.5,25.383,27.545,2.1620000000000026,7.3
P019,SafeEnv,2.6,25.298,27.545,2.2470000000000034,7.3
P019,SafeEnv,2.7,25.213,27.545,2.3320000000000007,7.3
P019,SafeEnv,2.8,25.129,27.545,2.4160000000000004,7.3
P019,SafeEnv,2.9,25.044,27.545,2.5010000000000012,7.3
P019,SafeEnv,3.0,24.96,27.545,2.585000000000001,7.3
P019,SafeEnv,3.1,24.876,27.545,2.6690000000000005,7.3
P019,SafeEnv,3.2,24.792,27.545,2.753,7.3
P019,SafeEnv,3.3,24.708,27.545,2.8370000000000033,7.3
P019,SafeEnv,3.4,24.624,27.545,2.921000000000003,7.3
P019,SafeEnv,3.5,24.54,27.545,3.0050000000000026,7.3
P019,SafeEnv,3.6,24.457,27.545,3.088000000000001,7.3
P019,SafeEnv,3.7,24.373,27.545,3.1720000000000006,7.3
P019,SafeEnv,3.8,24.29,27.545,3.2550000000000026,7.3
P019,SafeEnv,3.9,24.207,27.545,3.338000000000001,7.3
P019,SafeEnv,4.0,24.124,27.545,3.421000000000003,7.3
P019,SafeEnv,4.1,24.041,27.545,3.5040000000000013,7.3
P019,SafeEnv,4.2,23.958,27.545,3.5870000000000033,7.3
P019,SafeEnv,4.3,23.875,27.545,3.6700000000000017,7.3
P019,SafeEnv,4.4,23.793,27.545,3.7520000000000024,7.3
P019,SafeEnv,4.5,23.71,27.545,3.835000000000001,7.3
P019,SafeEnv,4.6,23.628,27.545,3.9170000000000016,7.3
P019,SafeEnv,4.7,23.54,27.545,4.005000000000003,7.3
P019,SafeEnv,4.8,23.448,27.545,4.097000000000001,7.3
P019,SafeEnv,4.9,23.357,27.545,4.188000000000002,7.3
P019,SafeEnv,5.0,23.266,27.545,4.2790000000000035,7.3
P019,SafeEnv,5.1,23.173,27.545,4.372000000000003,7.3
P019,SafeEnv,5.2,23.08,27.545,4.465000000000003,7.3
P019,SafeEnv,5.3,22.987,27.545,4.558000000000003,7.3
P019,SafeEnv,5.4,22.894,27.545,4.651000000000003,7.3
P019,SafeEnv,5.5,22.802,27.545,4.743000000000002,7.3
P019,SafeEnv,5.6,22.71,27.545,4.835000000000001,7.3
P019,SafeEnv,5.7,22.617,27.545,4.928000000000001,7.3
P019,SafeEnv,5.8,22.523,27.545,5.022000000000002,7.3
P019,SafeEnv,5.9,22.426,27.545,5.119000000000003,7.3
P019,SafeEnv,6.0,22.329,27.545,5.216000000000001,7.3
P019,SafeEnv,6.1,22.237,27.545,5.308000000000003,7.3
P019,SafeEnv,6.2,22.148,27.545,5.397000000000002,7.3
P019,SafeEnv,6.3,22.062,27.545,5.4830000000000005,7.3
P019,SafeEnv,6.4,21.976,27.194658171629968,5.2186581716299685,7.3
P019,SafeEnv,6.5,21.89,26.521385840959315,4.6313858409593145,7.3
P019,SafeEnv,6.6,21.805,25.848330384635332,4.043330384635333,7.3
P019,SafeEnv,6.7,21.719,25.175503019464823,3.4565030194648223,7.3
P019,SafeEnv,6.8,21.633,24.502915851245167,2.8699158512451675,7.3
P019,SafeEnv,6.9,21.504,23.83058197088536,2.326581970885357,7.3
P019,SafeEnv,7.0,21.284,23.158515563835305,1.8745155638353062,7.3
P019,SafeEnv,7.1,20.967,22.48673203509138,1.5197320350913799,7.3
P019,SafeEnv,7.2,20.556,21.815248152507802,1.2592481525078014,7.3
P019,SafeEnv,7.3,20.075,21.144082211717777,1.0690822117177774,7.3
P019,SafeEnv,7.4,19.542,20.47325422668324,0.9312542266832367,7.3
P019,SafeEnv,7.5,18.94,19.80278615078881,0.862786150788807,7.3
P019,SafeEnv,7.6,18.264,19.132702134528888,0.8687021345288883,7.3
P019,SafeEnv,7.7,17.533,18.463028827277103,0.930028827277102,7.3
P019,SafeEnv,7.8,16.761,17.79379573247228,1.0327957324722803,7.3
P019,SafeEnv,7.9,15.954,17.125035627937365,1.1710356279373642,7.3
P019,SafeEnv,8.0,15.112,16.45678506614758,1.3447850661475815,7.3
P019,SafeEnv,8.1,14.234,15.789084973335045,1.5550849733350454,7.3
P019,SafeEnv,8.2,13.331,15.121981371714929,1.7909813717149294,7.3
P019,SafeEnv,8.3,12.41,14.455526256343752,2.045526256343752,7.3
P019,SafeEnv,8.4,11.477,13.78977866790444,2.312778667904439,7.3
P019,SafeEnv,8.5,10.537,13.124806016111272,2.587806016111271,7.3
P019,SafeEnv,8.6,9.595,12.460685727011716,2.8656857270117158,7.3
P019,SafeEnv,8.7,8.643,11.79750731359264,3.1545073135926387,7.3
P019,SafeEnv,8.8,7.676,11.135375006385587,3.459375006385587,7.3
P019,SafeEnv,8.9,6.704,10.474411134841436,3.770411134841436,7.3
P019,SafeEnv,9.0,5.734,9.814760530064426,4.080760530064426,7.3
P019,SafeEnv,9.1,4.781,9.156596339616046,4.375596339616046,7.3
P019,SafeEnv,9.2,3.861,8.500127829770452,4.639127829770452,7.3
P019,SafeEnv,9.3,2.989,7.845611041312095,4.856611041312095,7.3
P019,SafeEnv,9.4,2.172,7.193363634788663,5.021363634788663,7.3
P019,SafeEnv,9.5,1.417,6.543786043114013,5.126786043114013,7.3
P019,SafeEnv,9.6,0.737,5.89739239477169,5.16039239477169,7.3
P019,SafeEnv,9.7,0.146,5.254857073825248,5.108857073825248,7.3
P019,CGP,0.0,27.545,27.545,0.0,7.3
P019,CGP,0.1,27.457,27.45677272727273,-0.00022727272726896786,7.3
P019,CGP,0.2,27.369,27.36854545454546,-0.0004545454545414884,7.3
P019,CGP,0.3,27.281,27.28031818181819,-0.0006818181818104563,7.3
P019,CGP,0.4,27.193,27.19209090909092,-0.0009090909090829769,7.3
P019,CGP,0.5,27.106,27.10386363636365,-0.002136363636353167,7.3
P019,CGP,0.6,27.018,27.01563636363638,-0.0023636363636221347,7.3
P019,CGP,0.7,26.931,26.927409090909105,-0.0035909090908958774,7.3
P019,CGP,0.8,26.844,26.839181818181835,-0.004818181818166067,7.3
P019,CGP,0.9,26.757,26.750954545454565,-0.006045454545436257,7.3
P019,CGP,1.0,26.67,26.662727272727295,-0.007272727272706447,7.3
P019,CGP,1.1,26.583,26.574500000000025,-0.008499999999973085,7.3
P019,CGP,1.2,26.497,26.486272727272755,-0.010727272727244497,7.3
P019,CGP,1.3,26.41,26.398045454545482,-0.01195454545451824,7.3
P019,CGP,1.4,26.324,26.309818181818212,-0.014181818181789652,7.3
P019,CGP,1.5,26.238,26.221590909090942,-0.01640909090905751,7.3
P019,CGP,1.6,26.152,26.133363636363672,-0.018636363636328923,7.3
P019,CGP,1.7,26.066,26.045136363636402,-0.020863636363596783,7.3
P019,CGP,1.8,25.98,25.95690909090913,-0.023090909090871747,7.3
P019,CGP,1.9,25.894,25.86868181818186,-0.025318181818139607,7.3
P019,CGP,2.0,25.808,25.78045454545459,-0.02754545454541102,7.3
P019,CGP,2.1,25.723,25.69222727272732,-0.0307727272726801,7.3
P019,CGP,2.2,25.638,25.60400000000005,-0.033999999999952735,7.3
P019,CGP,2.3,25.553,25.51577272727278,-0.037227272727221816,7.3
P019,CGP,2.4,25.467,25.427545454545506,-0.03945454545449323,7.3
P019,CGP,2.5,25.383,25.339318181818236,-0.04368181818176353,7.3
P019,CGP,2.6,25.298,25.251090909090966,-0.046909090909032614,7.3
P019,CGP,2.7,25.213,25.162863636363696,-0.05013636363630525,7.3
P019,CGP,2.8,25.129,25.074636363636426,-0.05436363636357555,7.3
P019,CGP,2.9,25.044,24.986409090909152,-0.057590909090848186,7.3
P019,CGP,3.0,24.96,24.898181818181882,-0.06181818181811849,7.3
P019,CGP,3.1,24.876,24.809954545454612,-0.0660454545453888,7.3
P019,CGP,3.2,24.792,24.721727272727342,-0.0702727272726591,7.3
P019,CGP,3.3,24.708,24.633500000000073,-0.07449999999992585,7.3
P019,CGP,3.4,24.624,24.545272727272803,-0.07872727272719615,7.3
P019,CGP,3.5,24.54,24.45704545454553,-0.08295454545447001,7.3
P019,CGP,3.6,24.457,24.36881818181826,-0.08818181818174153,7.3
P019,CGP,3.7,24.373,24.28059090909099,-0.09240909090901184,7.3
P019,CGP,3.8,24.29,24.19236363636372,-0.09763636363627981,7.3
P019,CGP,3.9,24.207,24.10413636363645,-0.10286363636355134,7.3
P019,CGP,4.0,24.124,24.015909090909176,-0.10809090909082286,7.3
P019,CGP,4.1,24.041,23.927681818181906,-0.11331818181809439,7.3
P019,CGP,4.2,23.958,23.839454545454636,-0.11854545454536236,7.3
P019,CGP,4.3,23.875,23.751227272727366,-0.12377272727263389,7.3
P019,CGP,4.4,23.793,23.663000000000096,-0.12999999999990308,7.3
P019,CGP,4.5,23.71,23.574772727272823,-0.13522727272717816,7.3
P019,CGP,4.6,23.628,23.486545454545553,-0.14145454545444736,7.3
P019,CGP,4.7,23.54,23.398318181818283,-0.14168181818171632,7.3
P019,CGP,4.8,23.448,23.310090909091013,-0.1379090909089875,7.3
P019,CGP,4.9,23.357,23.221863636363743,-0.13513636363625636,7.3
P019,CGP,5.0,23.266,23.133636363636473,-0.13236363636352522,7.3
P019,CGP,5.1,23.173,23.0454090909092,-0.12759090909079873,7.3
P019,CGP,5.2,23.08,22.95718181818193,-0.1228181818180687,7.3
P019,CGP,5.3,22.987,22.86895454545466,-0.11804545454533866,7.3
P019,CGP,5.4,22.894,22.78072727272739,-0.11327272727260862,7.3
P019,CGP,5.5,22.802,22.69250000000012,-0.1094999999998798,7.3
P019,CGP,5.6,22.71,22.604272727272846,-0.10572727272715454,7.3
P019,CGP,5.7,22.617,22.516045454545576,-0.1009545454544245,7.3
P019,CGP,5.8,22.523,22.427818181818306,-0.09518181818169325,7.3
P019,CGP,5.9,22.426,22.339590909091037,-0.08640909090896187,7.3
P019,CGP,6.0,22.329,22.251363636363767,-0.07763636363623405,7.3
P019,CGP,6.1,22.237,22.163136363636497,-0.07386363636350168,7.3
P019,CGP,6.2,22.148,22.074909090909223,-0.07309090909077653,7.3
P019,CGP,6.3,22.062,21.986681818181953,-0.07531818181804795,7.3
P019,CGP,6.4,21.976,21.898454545454683,-0.0775454545453158,7.3
P019,CGP,6.5,21.89,21.810227272727413,-0.07977272727258722,7.3
P019,CGP,6.6,21.805,21.722000000000143,-0.0829999999998563,7.3
P019,CGP,6.7,21.719,21.63377272727287,-0.08522727272713126,7.3
P019,CGP,6.8,21.633,21.5455454545456,-0.08745454545439912,7.3
P019,CGP,6.9,21.504,21.45731818181833,-0.046681818181671275,7.3
P019,CGP,7.0,21.284,21.36909090909106,0.0850909090910612,7.3
P019,CGP,7.1,20.967,21.28086363636379,0.31386363636379144,7.3
P019,CGP,7.2,20.556,21.19263636363652,0.6366363636365193,7.3
P019,CGP,7.3,20.075,21.104409090909247,1.0294090909092475,7.3
P019,CGP,7.4,19.542,20.675272727272887,1.1332727272728853,7.3
P019,CGP,7.5,18.94,20.015698972098804,1.0756989720988024,7.3
P019,CGP,7.6,18.264,19.35612521692472,1.092125216924721,7.3
P019,CGP,7.7,17.533,18.69655146175064,1.1635514617506395,7.3
P019,CGP,7.8,16.761,18.036977706576558,1.2759777065765583,7.3
P019,CGP,7.9,15.954,17.377403951402474,1.4234039514024737,7.3
P019,CGP,8.0,15.112,16.71783019622839,1.605830196228391,7.3
P019,CGP,8.1,14.234,16.058256441054308,1.8242564410543078,7.3
P019,CGP,8.2,13.331,15.398682685880226,2.067682685880227,7.3
P019,CGP,8.3,12.41,14.739108930706145,2.3291089307061448,7.3
P019,CGP,8.4,11.477,14.079535175532062,2.6025351755320614,7.3
P019,CGP,8.5,10.537,13.419961420357978,2.8829614203579776,7.3
P019,CGP,8.6,9.595,12.760387665183897,3.1653876651838964,7.3
P019,CGP,8.7,8.643,12.100813910009814,3.457813910009813,7.3
P019,CGP,8.8,7.676,11.441240154835732,3.765240154835732,7.3
P019,CGP,8.9,6.704,10.781666399661647,4.077666399661648,7.3
P019,CGP,9.0,5.734,10.122092644487564,4.388092644487564,7.3
P019,CGP,9.1,4.781,9.46251888931348,4.681518889313481,7.3
P019,CGP,9.2,3.861,8.802945134139398,4.941945134139397,7.3
P019,CGP,9.3,2.989,8.143371378965313,5.154371378965313,7.3
P019,CGP,9.4,2.172,7.483797623791229,5.311797623791229,7.3
P019,CGP,9.5,1.417,6.824223868617146,5.407223868617146,7.3
P019,CGP,9.6,0.737,6.164650113443062,5.427650113443062,7.3
P019,CGP,9.7,0.146,5.505076358268979,5.359076358268979,7.3
P020,ConstDecel,0.0,32.736,32.736,0.0,7.1
P020,ConstDecel,0.1,32.647,32.50171930372256,-0.1452806962774389,7.1
P020,ConstDecel,0.2,32.558,32.26743860744512,-0.2905613925548778,7.1
P020,ConstDecel,0.3,32.471,32.033157911167685,-0.437842088832312,7.1
P020,ConstDecel,0.4,32.384,31.798877214890243,-0.5851227851097569,7.1
P020,ConstDecel,0.5,32.297,31.56459651861281,-0.7324034813871876,7.1
P020,ConstDecel,0.6,32.211,31.330315822335372,-0.8806841776646266,7.1
P020,ConstDecel,0.7,32.124,31.096035126057934,-1.027964873942068,7.1
P020,ConstDecel,0.8,32.038,30.861754429780497,-1.1762455702194998,7.1
P020,ConstDecel,0.9,31.953,30.62747373350306,-1.32552626649694,7.1
P020,ConstDecel,1.0,31.868,30.39319303722562,-1.4748069627743803,7.1
P020,ConstDecel,1.1,31.781,30.15891234094818,-1.622087659051818,7.1
P020,ConstDecel,1.2,31.69,29.924631644670743,-1.765368355329258,7.1
P020,ConstDecel,1.3,31.596,29.690350948393306,-1.9056490516066944,7.1
P020,ConstDecel,1.4,31.502,29.456070252115868,-2.0459297478841307,7.1
P020,ConstDecel,1.5,31.407,29.221789555838434,-2.185210444161566,7.1
P020,ConstDecel,1.6,31.313,28.987508859560997,-2.325491140439002,7.1
P020,ConstDecel,1.7,31.219,28.75322816328356,-2.465771836716442,7.1
P020,ConstDecel,1.8,31.125,28.518947467006118,-2.606052532993882,7.1
P020,ConstDecel,1.9,31.031,28.28466677072868,-2.7463332292713183,7.1
P020,ConstDecel,2.0,30.937,28.050386074451243,-2.886613925548758,7.1
P020,ConstDecel,2.1,30.844,27.816105378173805,-3.0278946218261957,7.1
P020,ConstDecel,2.2,30.751,27.581824681896368,-3.1691753181036333,7.1
P020,ConstDecel,2.3,30.657,27.347543985618934,-3.309456014381066,7.1
P020,ConstDecel,2.4,30.564,27.113263289341496,-3.4507367106585036,7.1
P020,ConstDecel,2.5,30.472,26.878982593064055,-3.593017406935946,7.1
P020,ConstDecel,2.6,30.379,26.644701896786618,-3.7342981032133835,7.1
P020,ConstDecel,2.7,30.286,26.41042120050918,-3.875578799490821,7.1
P020,ConstDecel,2.8,30.194,26.176140504231743,-4.017859495768256,7.1
P020,ConstDecel,2.9,30.102,25.941859807954305,-4.160140192045695,7.1
P020,ConstDecel,3.0,30.009,25.707579111676864,-4.301420888323136,7.1
P020,ConstDecel,3.1,29.917,25.473298415399427,-4.443701584600575,7.1
P020,ConstDecel,3.2,29.826,25.23901771912199,-4.586982280878011,7.1
P020,ConstDecel,3.3,29.734,25.00473702284455,-4.72926297715545,7.1
P020,ConstDecel,3.4,29.642,24.770456326567118,-4.871543673432882,7.1
P020,ConstDecel,3.5,29.551,24.53617563028968,-5.014824369710318,7.1
P020,ConstDecel,3.6,29.46,24.301894934012243,-5.158105065987758,7.1
P020,ConstDecel,3.7,29.369,24.067614237734805,-5.301385762265195,7.1
P020,ConstDecel,3.8,29.278,23.833333541457364,-5.444666458542635,7.1
P020,ConstDecel,3.9,29.187,23.599052845179926,-5.587947154820075,7.1
P020,ConstDecel,4.0,29.096,23.36477214890249,-5.731227851097511,7.1
P020,ConstDecel,4.1,29.006,23.130491452625055,-5.875508547374945,7.1
P020,ConstDecel,4.2,28.915,22.896210756347617,-6.018789243652382,7.1
P020,ConstDecel,4.3,28.825,22.66193006007018,-6.163069939929819,7.1
P020,ConstDecel,4.4,28.735,22.427649363792742,-6.307350636207257,7.1
P020,ConstDecel,4.5,28.645,22.1933686675153,-6.451631332484698,7.1
P020,ConstDecel,4.6,28.555,21.959087971237864,-6.595912028762136,7.1
P020,ConstDecel,4.7,28.466,21.724807274960426,-6.741192725039575,7.1
P020,ConstDecel,4.8,28.376,21.49052657868299,-6.885473421317013,7.1
P020,ConstDecel,4.9,28.287,21.25624588240555,-7.030754117594448,7.1
P020,ConstDecel,5.0,28.198,21.021965186128114,-7.176034813871887,7.1
P020,ConstDecel,5.1,28.109,20.787684489850676,-7.321315510149326,7.1
P020,ConstDecel,5.2,28.02,20.55340379357324,-7.466596206426761,7.1
P020,ConstDecel,5.3,27.931,20.3191230972958,-7.6118769027042,7.1
P020,ConstDecel,5.4,27.842,20.08484240101836,-7.757157598981639,7.1
P020,ConstDecel,5.5,27.754,19.850561704740926,-7.903438295259075,7.1
P020,ConstDecel,5.6,27.665,19.61628100846349,-8.04871899153651,7.1
P020,ConstDecel,5.7,27.577,19.382000312186047,-8.194999687813954,7.1
P020,ConstDecel,5.8,27.489,19.14771961590861,-8.341280384091391,7.1
P020,ConstDecel,5.9,27.401,18.913438919631172,-8.487561080368828,7.1
P020,ConstDecel,6.0,27.313,18.67915822335374,-8.63384177664626,7.1
P020,ConstDecel,6.1,27.225,18.444877527076297,-8.780122472923704,7.1
P020,ConstDecel,6.2,27.138,18.21059683079886,-8.927403169201142,7.1
P020,ConstDecel,6.3,27.05,17.976316134521426,-9.073683865478575,7.1
P020,ConstDecel,6.4,26.963,17.742035438243985,-9.220964561756016,7.1
P020,ConstDecel,6.5,26.876,17.507754741966547,-9.368245258033454,7.1
P020,ConstDecel,6.6,26.789,17.27347404568911,-9.515525954310892,7.1
P020,ConstDecel,6.7,26.702,17.039193349411672,-9.66280665058833,7.1
P020,ConstDecel,6.8,26.59,16.804912653134235,-9.785087346865765,7.1
P020,ConstDecel,6.9,26.302,16.570631956856797,-9.731368043143203,7.1
P020,ConstDecel,7.0,25.643,16.33635126057936,-9.306648739420641,7.1
P020,ConstDecel,7.1,24.534,16.102070564301922,-8.431929435698077,7.1
P020,ConstDecel,7.2,23.048,15.867789868024483,-7.180210131975516,7.1
P020,ConstDecel,7.3,21.276,15.633509171747047,-5.642490828252953,7.1
P020,ConstDecel,7.4,19.351,15.399228475469608,-3.9517715245303915,7.1
P020,ConstDecel,7.5,17.323,15.164947779192172,-2.1580522208078285,7.1
P020,ConstDecel,7.6,15.208,14.930667082914733,-0.27733291708526764,7.1
P020,ConstDecel,7.7,13.018,14.696386386637295,1.6783863866372943,7.1
P020,ConstDecel,7.8,10.77,14.46210569035986,3.6921056903598597,7.1
P020,ConstDecel,7.9,8.521,14.227824994082418,5.706824994082417,7.1
P020,ConstDecel,8.0,6.34,13.993544297804982,7.653544297804983,7.1
P020,ConstDecel,8.1,4.451,13.759263601527547,9.308263601527546,7.1
P020,ConstDecel,8.2,2.806,13.52498290525011,10.718982905250108,7.1
P020,ConstDecel,8.3,1.219,13.290702208972668,12.071702208972669,7.1
P020,ConstDecel,8.4,0.286,13.056421512695232,12.770421512695233,7.1
P020,SafeEnv,0.0,32.736,32.736,0.0,7.1
P020,SafeEnv,0.1,32.647,32.736,0.08899999999999864,7.1
P020,SafeEnv,0.2,32.558,32.736,0.17799999999999727,7.1
P020,SafeEnv,0.3,32.471,32.736,0.26500000000000057,7.1
P020,SafeEnv,0.4,32.384,32.736,0.35199999999999676,7.1
P020,SafeEnv,0.5,32.297,32.736,0.43900000000000006,7.1
P020,SafeEnv,0.6,32.211,32.736,0.5249999999999986,7.1
P020,SafeEnv,0.7,32.124,32.736,0.6119999999999948,7.1
P020,SafeEnv,0.8,32.038,32.736,0.6980000000000004,7.1
P020,SafeEnv,0.9,31.953,32.736,0.7829999999999977,7.1
P020,SafeEnv,1.0,31.868,32.736,0.8679999999999986,7.1
P020,SafeEnv,1.1,31.781,32.736,0.9549999999999983,7.1
P020,SafeEnv,1.2,31.69,32.736,1.0459999999999958,7.1
P020,SafeEnv,1.3,31.596,32.736,1.139999999999997,7.1
P020,SafeEnv,1.4,31.502,32.736,1.2339999999999982,7.1
P020,SafeEnv,1.5,31.407,32.736,1.328999999999997,7.1
P020,SafeEnv,1.6,31.313,32.736,1.4229999999999983,7.1
P020,SafeEnv,1.7,31.219,32.736,1.516999999999996,7.1
P020,SafeEnv,1.8,31.125,32.736,1.610999999999997,7.1
P020,SafeEnv,1.9,31.031,32.736,1.7049999999999983,7.1
P020,SafeEnv,2.0,30.937,32.736,1.798999999999996,7.1
P020,SafeEnv,2.1,30.844,32.736,1.891999999999996,7.1
P020,SafeEnv,2.2,30.751,32.736,1.9849999999999959,7.1
P020,SafeEnv,2.3,30.657,32.736,2.078999999999997,7.1
P020,SafeEnv,2.4,30.564,32.736,2.171999999999997,7.1
P020,SafeEnv,2.5,30.472,32.736,2.263999999999996,7.1
P020,SafeEnv,2.6,30.379,32.736,2.3569999999999958,7.1
P020,SafeEnv,2.7,30.286,32.736,2.4499999999999957,7.1
P020,SafeEnv,2.8,30.194,32.736,2.541999999999998,7.1
P020,SafeEnv,2.9,30.102,32.736,2.633999999999997,7.1
P020,SafeEnv,3.0,30.009,32.736,2.7269999999999968,7.1
P020,SafeEnv,3.1,29.917,32.736,2.8189999999999955,7.1
P020,SafeEnv,3.2,29.826,32.736,2.9099999999999966,7.1
P020,SafeEnv,3.3,29.734,32.736,3.0019999999999953,7.1
P020,SafeEnv,3.4,29.642,32.736,3.0939999999999976,7.1
P020,SafeEnv,3.5,29.551,32.736,3.1849999999999987,7.1
P020,SafeEnv,3.6,29.46,32.736,3.2759999999999962,7.1
P020,SafeEnv,3.7,29.369,32.736,3.3669999999999973,7.1
P020,SafeEnv,3.8,29.278,32.736,3.4579999999999984,7.1
P020,SafeEnv,3.9,29.187,32.736,3.548999999999996,7.1
P020,SafeEnv,4.0,29.096,32.736,3.639999999999997,7.1
P020,SafeEnv,4.1,29.006,32.736,3.729999999999997,7.1
P020,SafeEnv,4.2,28.915,32.736,3.820999999999998,7.1
P020,SafeEnv,4.3,28.825,32.736,3.910999999999998,7.1
P020,SafeEnv,4.4,28.735,32.736,4.000999999999998,7.1
P020,SafeEnv,4.5,28.645,32.736,4.0909999999999975,7.1
P020,SafeEnv,4.6,28.555,32.641364501297055,4.086364501297055,7.1
P020,SafeEnv,4.7,28.466,31.966666507973976,3.5006665079739747,7.1
P020,SafeEnv,4.8,28.376,31.29211876165317,2.91611876165317,7.1
P020,SafeEnv,4.9,28.287,30.617727703489223,2.3307277034892238,7.1
P020,SafeEnv,5.0,28.198,29.94350019625047,1.7455001962504682,7.1
P020,SafeEnv,5.1,28.109,29.269443561819777,1.1604435618197755,7.1
P020,SafeEnv,5.2,28.02,28.595565622948445,0.5755656229484458,7.1
P020,SafeEnv,5.3,27.931,27.921874749854258,-0.00912525014574328,7.1
P020,SafeEnv,5.4,27.842,27.248379912352338,-0.5936200876476612,7.1
P020,SafeEnv,5.5,27.754,26.575090738324334,-1.178909261675667,7.1
P020,SafeEnv,5.6,27.665,25.902017579471615,-1.7629824205283846,7.1
P020,SafeEnv,5.7,27.577,25.229171585466172,-2.3478284145338293,7.1
P020,SafeEnv,5.8,27.489,24.556564787816615,-2.9324352121833854,7.1
P020,SafeEnv,5.9,27.401,23.884210195013345,-3.5167898049866544,7.1
P020,SafeEnv,6.0,27.313,23.212121900818634,-4.100878099181365,7.1
P020,SafeEnv,6.1,27.225,22.540315207935713,-4.684684792064289,7.1
P020,SafeEnv,6.2,27.138,21.868806769747057,-5.269193230252945,7.1
P020,SafeEnv,6.3,27.05,21.197614753374467,-5.852385246625534,7.1
P020,SafeEnv,6.4,26.963,20.526759028016937,-6.436240971983064,7.1
P020,SafeEnv,6.5,26.876,19.856261383402444,-7.019738616597557,7.1
P020,SafeEnv,6.6,26.789,19.186145784302187,-7.602854215697814,7.1
P020,SafeEnv,6.7,26.702,18.516438668467835,-8.185561331532167,7.1
P020,SafeEnv,6.8,26.59,17.84716929716157,-8.742830702838429,7.1
P020,SafeEnv,6.9,26.302,17.178370169781175,-9.123629830218825,7.1
P020,SafeEnv,7.0,25.643,16.510077517117548,-9.132922482882453,7.1
P020,SafeEnv,7.1,24.534,15.842331891764687,-8.691668108235312,7.1
P020,SafeEnv,7.2,23.048,15.175178879475684,-7.872821120524314,7.1
P020,SafeEnv,7.3,21.276,14.508669962318029,-6.767330037681971,7.1
P020,SafeEnv,7.4,19.351,13.842863574025152,-5.508136425974847,7.1
P020,SafeEnv,7.5,17.323,13.177826401003209,-4.1451735989967915,7.1
P020,SafeEnv,7.6,15.208,12.513635000548687,-2.694364999451313,7.1
P020,SafeEnv,7.7,13.018,11.850377833246988,-1.167622166753013,7.1
P020,SafeEnv,7.8,10.77,11.188157842747708,0.41815784274770884,7.1
P020,SafeEnv,7.9,8.521,10.527095768573966,2.0060957685739655,7.1
P020,SafeEnv,8.0,6.34,9.867334454947793,3.527334454947793,7.1
P020,SafeEnv,8.1,4.451,9.209044534793467,4.758044534793467,7.1
P020,SafeEnv,8.2,2.806,8.552432046373953,5.746432046373953,7.1
P020,SafeEnv,8.3,1.219,7.897748820129061,6.67874882012906,7.1
P020,SafeEnv,8.4,0.286,7.245306924984926,6.959306924984927,7.1
P020,CGP,0.0,32.736,32.736,0.0,7.1
P020,CGP,0.1,32.647,32.64620454545454,-0.0007954545454609274,7.1
P020,CGP,0.2,32.558,32.556409090909085,-0.0015909090909147494,7.1
P020,CGP,0.3,32.471,32.466613636363626,-0.004386363636371016,7.1
P020,CGP,0.4,32.384,32.37681818181817,-0.007181818181827282,7.1
P020,CGP,0.5,32.297,32.28702272727271,-0.009977272727283548,7.1
P020,CGP,0.6,32.211,32.19722727272726,-0.013772727272737484,7.1
P020,CGP,0.7,32.124,32.1074318181818,-0.016568181818200856,7.1
P020,CGP,0.8,32.038,32.01763636363635,-0.020363636363647686,7.1
P020,CGP,0.9,31.953,31.927840909090893,-0.025159090909106396,7.1
P020,CGP,1.0,31.868,31.838045454545437,-0.029954545454561554,7.1
P020,CGP,1.1,31.781,31.74824999999998,-0.03275000000001782,7.1
P020,CGP,1.2,31.69,31.658454545454525,-0.031545454545476304,7.1
P020,CGP,1.3,31.596,31.56865909090907,-0.02734090909093112,7.1
P020,CGP,1.4,31.502,31.478863636363613,-0.023136363636385937,7.1
P020,CGP,1.5,31.407,31.389068181818157,-0.017931818181843084,7.1
P020,CGP,1.6,31.313,31.2992727272727,-0.013727272727297901,7.1
P020,CGP,1.7,31.219,31.209477272727245,-0.00952272727275627,7.1
P020,CGP,1.8,31.125,31.11968181818179,-0.005318181818211087,7.1
P020,CGP,1.9,31.031,31.029886363636333,-0.0011136363636659041,7.1
P020,CGP,2.0,30.937,30.940090909090877,0.0030909090908757264,7.1
P020,CGP,2.1,30.844,30.85029545454542,0.0062954545454196875,7.1
P020,CGP,2.2,30.751,30.760499999999965,0.009499999999963649,7.1
P020,CGP,2.3,30.657,30.67070454545451,0.013704545454508832,7.1
P020,CGP,2.4,30.564,30.580909090909053,0.016909090909052793,7.1
P020,CGP,2.5,30.472,30.491113636363597,0.019113636363595532,7.1
P020,CGP,2.6,30.379,30.40131818181814,0.022318181818139493,7.1
P020,CGP,2.7,30.286,30.311522727272685,0.025522727272683454,7.1
P020,CGP,2.8,30.194,30.22172727272723,0.027727272727229746,7.1
P020,CGP,2.9,30.102,30.131931818181773,0.029931818181772485,7.1
P020,CGP,3.0,30.009,30.042136363636317,0.033136363636316446,7.1
P020,CGP,3.1,29.917,29.95234090909086,0.035340909090859185,7.1
P020,CGP,3.2,29.826,29.862545454545405,0.036545454545404255,7.1
P020,CGP,3.3,29.734,29.77274999999995,0.038749999999946994,7.1
P020,CGP,3.4,29.642,29.682954545454493,0.040954545454493285,7.1
P020,CGP,3.5,29.551,29.593159090909037,0.042159090909038355,7.1
P020,CGP,3.6,29.46,29.50336363636358,0.04336363636357987,7.1
P020,CGP,3.7,29.369,29.413568181818125,0.04456818181812494,7.1
P020,CGP,3.8,29.278,29.32377272727267,0.04577272727267001,7.1
P020,CGP,3.9,29.187,29.233977272727213,0.04697727272721153,7.1
P020,CGP,4.0,29.096,29.144181818181757,0.0481818181817566,7.1
P020,CGP,4.1,29.006,29.0543863636363,0.048386363636300445,7.1
P020,CGP,4.2,28.915,28.964590909090845,0.049590909090845514,7.1
P020,CGP,4.3,28.825,28.87479545454539,0.04979545454538936,7.1
P020,CGP,4.4,28.735,28.784999999999933,0.04999999999993321,7.1
P020,CGP,4.5,28.645,28.695204545454477,0.050204545454477056,7.1
P020,CGP,4.6,28.555,28.60540909090902,0.050409090909020904,7.1
P020,CGP,4.7,28.466,28.515613636363565,0.04961363636356353,7.1
P020,CGP,4.8,28.376,28.42581818181811,0.04981818181810738,7.1
P020,CGP,4.9,28.287,28.336022727272653,0.049022727272653555,7.1
P020,CGP,5.0,28.198,28.246227272727197,0.04822727272719618,7.1
P020,CGP,5.1,28.109,28.15643181818174,0.047431818181738805,7.1
P020,CGP,5.2,28.02,28.066636363636285,0.04663636363628498,7.1
P020,CGP,5.3,27.931,27.97684090909083,0.04584090909082761,7.1
P020,CGP,5.4,27.842,27.887045454545373,0.045045454545373786,7.1
P020,CGP,5.5,27.754,27.797249999999917,0.04324999999991519,7.1
P020,CGP,5.6,27.665,27.70745454545446,0.04245454545446137,7.1
P020,CGP,5.7,27.577,27.617659090909005,0.04065909090900277,7.1
P020,CGP,5.8,27.489,27.195800473670126,-0.2931995263298752,7.1
P020,CGP,5.9,27.401,26.522527784161856,-0.8784722158381442,7.1
P020,CGP,6.0,27.313,25.849255094653582,-1.4637449053464167,7.1
P020,CGP,6.1,27.225,25.175982405145312,-2.049017594854689,7.1
P020,CGP,6.2,27.138,24.502709715637042,-2.6352902843629593,7.1
P020,CGP,6.3,27.05,23.82943702612877,-3.220562973871232,7.1
P020,CGP,6.4,26.963,23.1561643366205,-3.806835663379502,7.1
P020,CGP,6.5,26.876,22.482891647112226,-4.393108352887776,7.1
P020,CGP,6.6,26.789,21.809618957603956,-4.979381042396046,7.1
P020,CGP,6.7,26.702,21.136346268095686,-5.565653731904316,7.1
P020,CGP,6.8,26.59,20.463073578587412,-6.126926421412588,7.1
P020,CGP,6.9,26.302,19.789800889079142,-6.512199110920857,7.1
P020,CGP,7.0,25.643,19.116528199570872,-6.526471800429128,7.1
P020,CGP,7.1,24.534,18.4432555100626,-6.0907444899374,7.1
P020,CGP,7.2,23.048,17.42907372964524,-5.618926270354759,7.1
P020,CGP,7.3,21.276,16.220883610986256,-5.055116389013744,7.1
P020,CGP,7.4,19.351,15.012693492327275,-4.3383065076727245,7.1
P020,CGP,7.5,17.323,13.804503373668295,-3.5184966263317055,7.1
P020,CGP,7.6,15.208,12.596313255009314,-2.6116867449906866,7.1
P020,CGP,7.7,13.018,11.388123136350332,-1.6298768636496686,7.1
P020,CGP,7.8,10.77,10.17993301769135,-0.5900669823086488,7.1
P020,CGP,7.9,8.521,8.971742899032368,0.45074289903236675,7.1
P020,CGP,8.0,6.34,7.763552780373385,1.4235527803733854,7.1
P020,CGP,8.1,4.451,6.555362661714403,2.1043626617144033,7.1
P020,CGP,8.2,2.806,5.347172543055422,2.5411725430554215,7.1
P020,CGP,8.3,1.219,4.13898242439644,2.91998242439644,7.1
P020,CGP,8.4,0.286,2.9307923057374583,2.6447923057374583,7.1
P021,ConstDecel,0.0,32.113,32.113,0.0,3.9
P021,ConstDecel,0.1,32.084,31.887811461839593,-0.19618853816040982,3.9
P021,ConstDecel,0.2,32.057,31.66262292367919,-0.3943770763208114,3.9
P021,ConstDecel,0.3,32.032,31.43743438551878,-0.5945656144812155,3.9
P021,ConstDecel,0.4,32.008,31.21224584735837,-0.7957541526416314,3.9
P021,ConstDecel,0.5,31.987,30.98705730919796,-0.9999426908020368,3.9
P021,ConstDecel,0.6,31.966,30.76186877103756,-1.2041312289624422,3.9
P021,ConstDecel,0.7,31.944,30.53668023287715,-1.40731976712285,3.9
P021,ConstDecel,0.8,31.92,30.311491694716743,-1.6085083052832587,3.9
P021,ConstDecel,0.9,31.891,30.086303156556333,-1.804696843443665,3.9
P021,ConstDecel,1.0,31.852,29.861114618395927,-1.9908853816040732,3.9
P021,ConstDecel,1.1,31.803,29.63592608023552,-2.16707391976448,3.9
P021,ConstDecel,1.2,31.74,29.41073754207511,-2.3292624579248873,3.9
P021,ConstDecel,1.3,31.66,29.1855490039147,-2.4744509960852987,3.9
P021,ConstDecel,1.4,31.57,28.9603604657543,-2.6096395342457015,3.9
P021,ConstDecel,1.5,31.476,28.73517192759389,-2.74082807240611,3.9
P021,ConstDecel,1.6,31.382,28.50998338943348,-2.872016610566522,3.9
P021,ConstDecel,1.7,31.289,28.284794851273073,-3.0042051487269283,3.9
P021,ConstDecel,1.8,31.198,28.059606313112667,-3.1383936868873334,3.9
P021,ConstDecel,1.9,31.11,27.83441777495226,-3.2755822250477387,3.9
P021,ConstDecel,2.0,31.025,27.60922923679185,-3.4157707632081475,3.9
P021,ConstDecel,2.1,30.943,27.38404069863144,-3.55895930136856,3.9
P021,ConstDecel,2.2,30.863,27.15885216047103,-3.704147839528968,3.9
P021,ConstDecel,2.3,30.784,26.93366362231063,-3.85033637768937,3.9
P021,ConstDecel,2.4,30.706,26.70847508415022,-3.9975249158497803,3.9
P021,ConstDecel,2.5,30.624,26.483286545989813,-4.140713454010186,3.9
P021,ConstDecel,2.6,30.537,26.258098007829407,-4.278901992170592,3.9
P021,ConstDecel,2.7,30.446,26.032909469668997,-4.413090530331004,3.9
P021,ConstDecel,2.8,30.354,25.80772093150859,-4.546279068491408,3.9
P021,ConstDecel,2.9,30.261,25.582532393348185,-4.6784676066518145,3.9
P021,ConstDecel,3.0,30.169,25.35734385518778,-4.811656144812222,3.9
P021,ConstDecel,3.1,30.077,25.13215531702737,-4.944844682972633,3.9
P021,ConstDecel,3.2,29.985,24.90696677886696,-5.07803322113304,3.9
P021,ConstDecel,3.3,29.893,24.68177824070655,-5.211221759293451,3.9
P021,ConstDecel,3.4,29.801,24.456589702546147,-5.344410297453852,3.9
P021,ConstDecel,3.5,29.709,24.231401164385737,-5.477598835614263,3.9
P021,ConstDecel,3.6,29.618,24.00621262622533,-5.611787373774668,3.9
P021,ConstDecel,3.7,29.526,23.781024088064925,-5.744975911935075,3.9
P021,ConstDecel,3.8,29.426,23.555835549904515,-5.8701644500954835,3.9
P021,ConstDecel,3.9,29.261,23.33064701174411,-5.9303529882558905,3.9
P021,ConstDecel,4.0,28.992,23.1054584735837,-5.886541526416302,3.9
P021,ConstDecel,4.1,28.622,22.880269935423296,-5.7417300645767035,3.9
P021,ConstDecel,4.2,28.168,22.655081397262887,-5.512918602737113,3.9
P021,ConstDecel,4.3,27.664,22.429892859102477,-5.234107140897525,3.9
P021,ConstDecel,4.4,27.13,22.204704320942067,-4.925295679057932,3.9
P021,ConstDecel,4.5,26.569,21.979515782781665,-4.5894842172183345,3.9
P021,ConstDecel,4.6,25.98,21.754327244621255,-4.225672755378746,3.9
P021,ConstDecel,4.7,25.366,21.52913870646085,-3.836861293539151,3.9
P021,ConstDecel,4.8,24.733,21.303950168300442,-3.429049831699558,3.9
P021,ConstDecel,4.9,24.085,21.078761630140033,-3.006238369859968,3.9
P021,ConstDecel,5.0,23.418,20.853573091979626,-2.5644269080203728,3.9
P021,ConstDecel,5.1,22.725,20.628384553819217,-2.0966154461807847,3.9
P021,ConstDecel,5.2,22.017,20.403196015658807,-1.6138039843411924,3.9
P021,ConstDecel,5.3,21.294,20.1780074774984,-1.1159925225015996,3.9
P021,ConstDecel,5.4,20.557,19.952818939337995,-0.6041810606620039,3.9
P021,ConstDecel,5.5,19.814,19.727630401177585,-0.08636959882241513,3.9
P021,ConstDecel,5.6,19.076,19.50244186301718,0.42644186301717824,3.9
P021,ConstDecel,5.7,18.341,19.277253324856773,0.9362533248567715,3.9
P021,ConstDecel,5.8,17.602,19.052064786696366,1.450064786696366,3.9
P021,ConstDecel,5.9,16.863,18.826876248535957,1.963876248535957,3.9
P021,ConstDecel,6.0,16.126,18.60168771037555,2.4756877103755492,3.9
P021,ConstDecel,6.1,15.394,18.376499172215144,2.982499172215144,3.9
P021,ConstDecel,6.2,14.669,18.151310634054735,3.482310634054734,3.9
P021,ConstDecel,6.3,13.957,17.926122095894325,3.969122095894324,3.9
P021,ConstDecel,6.4,13.267,17.70093355773392,4.433933557733919,3.9
P021,ConstDecel,6.5,12.602,17.475745019573512,4.873745019573512,3.9
P021,ConstDecel,6.6,11.965,17.250556481413106,5.285556481413106,3.9
P021,ConstDecel,6.7,11.363,17.025367943252697,5.662367943252697,3.9
P021,ConstDecel,6.8,10.785,16.80017940509229,6.01517940509229,3.9
P021,ConstDecel,6.9,10.236,16.57499086693188,6.33899086693188,3.9
P021,ConstDecel,7.0,9.715,16.349802328771474,6.634802328771475,3.9
P021,ConstDecel,7.1,9.224,16.12461379061107,6.900613790611068,3.9
P021,ConstDecel,7.2,8.774,15.899425252450659,7.125425252450659,3.9
P021,ConstDecel,7.3,8.37,15.674236714290252,7.304236714290253,3.9
P021,ConstDecel,7.4,8.013,15.449048176129844,7.4360481761298445,3.9
P021,ConstDecel,7.5,7.707,15.223859637969435,7.516859637969435,3.9
P021,ConstDecel,7.6,7.448,14.998671099809028,7.550671099809028,3.9
P021,ConstDecel,7.7,7.261,14.77348256164862,7.51248256164862,3.9
P021,ConstDecel,7.8,7.153,14.548294023488214,7.395294023488215,3.9
P021,ConstDecel,7.9,7.08,14.323105485327805,7.2431054853278045,3.9
P021,ConstDecel,8.0,7.016,14.097916947167398,7.081916947167398,3.9
P021,ConstDecel,8.1,6.955,13.872728409006992,6.917728409006992,3.9
P021,ConstDecel,8.2,6.895,13.647539870846586,6.7525398708465865,3.9
P021,ConstDecel,8.3,6.835,13.422351332686175,6.587351332686175,3.9
P021,ConstDecel,8.4,6.775,13.197162794525768,6.422162794525768,3.9
P021,ConstDecel,8.5,6.715,12.971974256365362,6.256974256365362,3.9
P021,ConstDecel,8.6,6.656,12.746785718204952,6.090785718204953,3.9
P021,ConstDecel,8.7,6.598,12.521597180044546,5.923597180044546,3.9
P021,ConstDecel,8.8,6.539,12.296408641884135,5.757408641884135,3.9
P021,ConstDecel,8.9,6.481,12.071220103723729,5.590220103723729,3.9
P021,ConstDecel,9.0,6.423,11.846031565563322,5.423031565563322,3.9
P021,ConstDecel,9.1,6.365,11.620843027402916,5.255843027402916,3.9
P021,ConstDecel,9.2,6.308,11.39565448924251,5.08765448924251,3.9
P021,ConstDecel,9.3,6.25,11.170465951082098,4.9204659510820985,3.9
P021,ConstDecel,9.4,6.193,10.945277412921692,4.752277412921693,3.9
P021,ConstDecel,9.5,6.137,10.720088874761286,4.583088874761287,3.9
P021,ConstDecel,9.6,6.08,10.49490033660088,4.41490033660088,3.9
P021,ConstDecel,9.7,6.024,10.26971179844047,4.24571179844047,3.9
P021,ConstDecel,9.8,5.968,10.044523260280062,4.076523260280062,3.9
P021,ConstDecel,9.9,5.912,9.819334722119653,3.9073347221196526,3.9
P021,ConstDecel,10.0,5.857,9.59414618395925,3.7371461839592497,3.9
P021,ConstDecel,10.1,5.802,9.36895764579884,3.5669576457988406,3.9
P021,ConstDecel,10.2,5.747,9.143769107638432,3.3967691076384323,3.9
P021,ConstDecel,10.3,5.692,8.918580569478022,3.2265805694780223,3.9
P021,ConstDecel,10.4,5.638,8.693392031317615,3.0553920313176146,3.9
P021,ConstDecel,10.5,5.584,8.46820349315721,2.8842034931572105,3.9
P021,ConstDecel,10.6,5.517,8.243014954996802,2.726014954996802,3.9
P021,ConstDecel,10.7,5.382,8.017826416836398,2.635826416836398,3.9
P021,ConstDecel,10.8,5.151,7.7926378786759845,2.6416378786759847,3.9
P021,ConstDecel,10.9,4.827,7.56744934051558,2.74044934051558,3.9
P021,ConstDecel,11.0,4.425,7.342260802355171,2.9172608023551714,3.9
P021,ConstDecel,11.1,3.976,7.117072264194768,3.1410722641947677,3.9
P021,ConstDecel,11.2,3.495,6.891883726034359,3.3968837260343587,3.9
P021,ConstDecel,11.3,2.97,6.66669518787395,3.69669518787395,3.9
P021,ConstDecel,11.4,2.401,6.441506649713541,4.040506649713541,3.9
P021,ConstDecel,11.5,1.794,6.216318111553132,4.422318111553132,3.9
P021,ConstDecel,11.6,1.171,5.991129573392728,4.820129573392728,3.9
P021,ConstDecel,11.7,0.549,5.765941035232319,5.216941035232319,3.9
P021,ConstDecel,11.8,0.034,5.540752497071911,5.506752497071911,3.9
P021,SafeEnv,0.0,32.113,32.113,0.0,3.9
P021,SafeEnv,0.1,32.084,32.113,0.028999999999996362,3.9
P021,SafeEnv,0.2,32.057,32.113,0.055999999999997385,3.9
P021,SafeEnv,0.3,32.032,32.113,0.08100000000000307,3.9
P021,SafeEnv,0.4,32.008,32.113,0.10499999999999687,3.9
P021,SafeEnv,0.5,31.987,32.113,0.12600000000000122,3.9
P021,SafeEnv,0.6,31.966,32.113,0.14699999999999847,3.9
P021,SafeEnv,0.7,31.944,32.113,0.16900000000000048,3.9
P021,SafeEnv,0.8,31.92,32.113,0.19299999999999784,3.9
P021,SafeEnv,0.9,31.891,32.113,0.2220000000000013,3.9
P021,SafeEnv,1.0,31.852,32.113,0.26099999999999923,3.9
P021,SafeEnv,1.1,31.803,32.113,0.3099999999999987,3.9
P021,SafeEnv,1.2,31.74,32.113,0.3730000000000011,3.9
P021,SafeEnv,1.3,31.66,32.113,0.4529999999999994,3.9
P021,SafeEnv,1.4,31.57,32.113,0.5429999999999993,3.9
P021,SafeEnv,1.5,31.476,32.113,0.6370000000000005,3.9
P021,SafeEnv,1.6,31.382,32.113,0.7309999999999981,3.9
P021,SafeEnv,1.7,31.289,32.113,0.8239999999999981,3.9
P021,SafeEnv,1.8,31.198,32.113,0.9149999999999991,3.9
P021,SafeEnv,1.9,31.11,32.113,1.0030000000000001,3.9
P021,SafeEnv,2.0,31.025,32.113,1.088000000000001,3.9
P021,SafeEnv,2.1,30.943,32.113,1.1699999999999982,3.9
P021,SafeEnv,2.2,30.863,32.113,1.25,3.9
P021,SafeEnv,2.3,30.784,32.113,1.3290000000000006,3.9
P021,SafeEnv,2.4,30.706,32.113,1.407,3.9
P021,SafeEnv,2.5,30.624,32.113,1.4890000000000008,3.9
P021,SafeEnv,2.6,30.537,32.113,1.5760000000000005,3.9
P021,SafeEnv,2.7,30.446,32.113,1.666999999999998,3.9
P021,SafeEnv,2.8,30.354,32.113,1.7590000000000003,3.9
P021,SafeEnv,2.9,30.261,32.113,1.8520000000000003,3.9
P021,SafeEnv,3.0,30.169,32.113,1.943999999999999,3.9
P021,SafeEnv,3.1,30.077,32.113,2.035999999999998,3.9
P021,SafeEnv,3.2,29.985,32.113,2.128,3.9
P021,SafeEnv,3.3,29.893,32.113,2.219999999999999,3.9
P021,SafeEnv,3.4,29.801,32.113,2.312000000000001,3.9
P021,SafeEnv,3.5,29.709,32.113,2.404,3.9
P021,SafeEnv,3.6,29.618,32.113,2.495000000000001,3.9
P021,SafeEnv,3.7,29.526,32.113,2.5869999999999997,3.9
P021,SafeEnv,3.8,29.426,32.113,2.687000000000001,3.9
P021,SafeEnv,3.9,29.261,32.113,2.8520000000000003,3.9
P021,SafeEnv,4.0,28.992,32.113,3.1209999999999987,3.9
P021,SafeEnv,4.1,28.622,32.113,3.4909999999999997,3.9
P021,SafeEnv,4.2,28.168,32.113,3.9450000000000003,3.9
P021,SafeEnv,4.3,27.664,32.113,4.448999999999998,3.9
P021,SafeEnv,4.4,27.13,32.113,4.9830000000000005,3.9
P021,SafeEnv,4.5,26.569,32.113,5.5440000000000005,3.9
P021,SafeEnv,4.6,25.98,32.113,6.132999999999999,3.9
P021,SafeEnv,4.7,25.366,32.113,6.747,3.9
P021,SafeEnv,4.8,24.733,31.947636012080252,7.214636012080252,3.9
P021,SafeEnv,4.9,24.085,31.273092595610464,7.188092595610463,3.9
P021,SafeEnv,5.0,23.418,30.59870605494428,7.180706054944281,3.9
P021,SafeEnv,5.1,22.725,29.924483265268528,7.199483265268526,3.9
P021,SafeEnv,5.2,22.017,29.25043156200152,7.23343156200152,3.9
P021,SafeEnv,5.3,21.294,28.57655878267511,7.28255878267511,3.9
P021,SafeEnv,5.4,20.557,27.902873313678914,7.345873313678915,3.9
P021,SafeEnv,5.5,19.814,27.229384142558175,7.415384142558175,3.9
P021,SafeEnv,5.6,19.076,26.55610091667494,7.480100916674939,3.9
P021,SafeEnv,5.7,18.341,25.8830340091819,7.542034009181897,3.9
P021,SafeEnv,5.8,17.602,25.21019459342827,7.608194593428269,3.9
P021,SafeEnv,5.9,16.863,24.537594727121196,7.674594727121196,3.9
P021,SafeEnv,6.0,16.126,23.86524744781469,7.739247447814687,3.9
P021,SafeEnv,6.1,15.394,23.193166881600863,7.799166881600863,3.9
P021,SafeEnv,6.2,14.669,22.521368367249707,7.852368367249706,3.9
P021,SafeEnv,6.3,13.957,21.84986859850108,7.892868598501078,3.9
P021,SafeEnv,6.4,13.267,21.1786857877801,7.911685787780101,3.9
P021,SafeEnv,6.5,12.602,20.50783985531344,7.905839855313438,3.9
P021,SafeEnv,6.6,11.965,19.8373526485112,7.8723526485112,3.9
P021,SafeEnv,6.7,11.363,19.167248197597534,7.804248197597534,3.9
P021,SafeEnv,6.8,10.785,18.497553014896344,7.7125530148963435,3.9
P021,SafeEnv,6.9,10.236,17.828296446999193,7.5922964469991925,3.9
P021,SafeEnv,7.0,9.715,17.159511091392993,7.444511091392993,3.9
P021,SafeEnv,7.1,9.224,16.491233292183054,7.267233292183054,3.9
P021,SafeEnv,7.2,8.774,15.823503733560054,7.049503733560055,3.9
P021,SafeEnv,7.3,8.37,15.156368154977038,6.786368154977039,3.9
P021,SafeEnv,7.4,8.013,14.489878219120612,6.4768782191206125,3.9
P021,SafeEnv,7.5,7.707,13.824092573387913,6.117092573387914,3.9
P021,SafeEnv,7.6,7.448,13.159078158760964,5.711078158760964,3.9
P021,SafeEnv,7.7,7.261,12.494911838237535,5.2339118382375345,3.9
P021,SafeEnv,7.8,7.153,11.831682442642798,4.678682442642798,3.9
P021,SafeEnv,7.9,7.08,11.169493368242458,4.089493368242458,3.9
P021,SafeEnv,8.0,7.016,10.508465913604548,3.4924659136045477,3.9
P021,SafeEnv,8.1,6.955,9.84874362135483,2.8937436213548295,3.9
P021,SafeEnv,8.2,6.895,9.190498008024743,2.295498008024744,3.9
P021,SafeEnv,8.3,6.835,8.533936245713246,1.698936245713246,3.9
P021,SafeEnv,8.4,6.775,7.879311643091426,1.1043116430914255,3.9
P021,SafeEnv,8.5,6.715,7.226938231298514,0.5119382312985143,3.9
P021,SafeEnv,8.6,6.656,6.577211521390259,-0.07878847860974059,3.9
P021,SafeEnv,8.7,6.598,5.9306388070904035,-0.6673611929095964,3.9
P021,SafeEnv,8.8,6.539,5.28788471641923,-1.25111528358077,3.9
P021,SafeEnv,8.9,6.481,4.649842048091173,-1.8311579519088266,3.9
P021,SafeEnv,9.0,6.423,4.017746383676682,-2.405253616323318,3.9
P021,SafeEnv,9.1,6.365,3.3933704072664677,-2.9716295927335326,3.9
P021,SafeEnv,9.2,6.308,2.7793721847997954,-3.5286278152002044,3.9
P021,SafeEnv,9.3,6.25,2.179961993998378,-4.070038006001623,3.9
P021,SafeEnv,9.4,6.193,1.6022812749338107,-4.590718725066189,3.9
P021,SafeEnv,9.5,6.137,1.0594977909626007,-5.077502209037399,3.9
P021,SafeEnv,9.6,6.08,0.5781070548972125,-5.501892945102788,3.9
P021,SafeEnv,9.7,6.024,0.21209669107450235,-5.811903308925498,3.9
P021,SafeEnv,9.8,5.968,0.032227362542714265,-5.935772637457286,3.9
P021,SafeEnv,9.9,5.912,0.0007612171923441416,-5.911238782807656,3.9
P021,SafeEnv,10.0,5.857,4.2493181170747107e-07,-5.856999575068189,3.9
P021,SafeEnv,10.1,5.802,0.0,-5.802,3.9
P021,SafeEnv,10.2,5.747,0.0,-5.747,3.9
P021,SafeEnv,10.3,5.692,0.0,-5.692,3.9
P021,SafeEnv,10.4,5.638,0.0,-5.638,3.9
P021,SafeEnv,10.5,5.584,0.0,-5.584,3.9
P021,SafeEnv,10.6,5.517,0.0,-5.517,3.9
P021,SafeEnv,10.7,5.382,0.0,-5.382,3.9
P021,SafeEnv,10.8,5.151,0.0,-5.151,3.9
P021,SafeEnv,10.9,4.827,0.0,-4.827,3.9
P021,SafeEnv,11.0,4.425,0.0,-4.425,3.9
P021,SafeEnv,11.1,3.976,0.0,-3.976,3.9
P021,SafeEnv,11.2,3.495,0.0,-3.495,3.9
P021,SafeEnv,11.3,2.97,0.0,-2.97,3.9
P021,SafeEnv,11.4,2.401,0.0,-2.401,3.9
P021,SafeEnv,11.5,1.794,0.0,-1.794,3.9
P021,SafeEnv,11.6,1.171,0.0,-1.171,3.9
P021,SafeEnv,11.7,0.549,0.0,-0.549,3.9
P021,SafeEnv,11.8,0.034,0.0,-0.034,3.9
P021,CGP,0.0,32.113,32.113,0.0,3.9
P021,CGP,0.1,32.084,32.08286363636364,-0.0011363636363626028,3.9
P021,CGP,0.2,32.057,32.05272727272728,-0.0042727272727205445,3.9
P021,CGP,0.3,32.032,32.022590909090916,-0.00940909090908093,3.9
P021,CGP,0.4,32.008,31.992454545454557,-0.015545454545446091,3.9
P021,CGP,0.5,31.987,31.962318181818198,-0.024681818181800708,3.9
P021,CGP,0.6,31.966,31.932181818181835,-0.03381818181816598,3.9
P021,CGP,0.7,31.944,31.902045454545473,-0.04195454545452648,3.9
P021,CGP,0.8,31.92,31.871909090909114,-0.04809090909088809,3.9
P021,CGP,0.9,31.891,31.84177272727275,-0.04922727272724714,3.9
P021,CGP,1.0,31.852,31.81163636363639,-0.04036363636361173,3.9
P021,CGP,1.1,31.803,31.78150000000003,-0.02149999999997121,3.9
P021,CGP,1.2,31.74,31.751363636363667,0.011363636363668661,3.9
P021,CGP,1.3,31.66,31.721227272727305,0.06122727272730444,3.9
P021,CGP,1.4,31.57,31.691090909090946,0.12109090909094533,3.9
P021,CGP,1.5,31.476,31.660954545454583,0.184954545454584,3.9
P021,CGP,1.6,31.382,31.630818181818224,0.24881818181822268,3.9
P021,CGP,1.7,31.289,31.60068181818186,0.31168181818186014,3.9
P021,CGP,1.8,31.198,31.5705454545455,0.3725454545454987,3.9
P021,CGP,1.9,31.11,31.54040909090914,0.4304090909091407,3.9
P021,CGP,2.0,31.025,31.510272727272778,0.48527272727277904,3.9
P021,CGP,2.1,30.943,31.480136363636415,0.5371363636364137,3.9
P021,CGP,2.2,30.863,31.450000000000056,0.5870000000000566,3.9
P021,CGP,2.3,30.784,31.419863636363694,0.6358636363636947,3.9
P021,CGP,2.4,30.706,31.38972727272733,0.6837272727273316,3.9
P021,CGP,2.5,30.624,31.359590909090972,0.7355909090909734,3.9
P021,CGP,2.6,30.537,31.32945454545461,0.7924545454546106,3.9
P021,CGP,2.7,30.446,31.29931818181825,0.8533181818182491,3.9
P021,CGP,2.8,30.354,31.269181818181888,0.9151818181818889,3.9
P021,CGP,2.9,30.261,31.239045454545526,0.9780454545455264,3.9
P021,CGP,3.0,30.169,31.208909090909167,1.0399090909091662,3.9
P021,CGP,3.1,30.077,31.178772727272804,1.1017727272728024,3.9
P021,CGP,3.2,29.985,31.14863636363644,1.1636363636364422,3.9
P021,CGP,3.3,29.893,31.118500000000083,1.225500000000082,3.9
P021,CGP,3.4,29.801,31.08836363636372,1.2873636363637218,3.9
P021,CGP,3.5,29.709,31.058227272727358,1.349227272727358,3.9
P021,CGP,3.6,29.618,31.028090909091,1.410090909091,3.9
P021,CGP,3.7,29.526,30.997954545454636,1.4719545454546363,3.9
P021,CGP,3.8,29.426,30.967818181818277,1.5418181818182788,3.9
P021,CGP,3.9,29.261,30.937681818181915,1.6766818181819154,3.9
P021,CGP,4.0,28.992,30.566636363636462,1.5746363636364613,3.9
P021,CGP,4.1,28.622,29.876410666815325,1.2544106668153248,3.9
P021,CGP,4.2,28.168,29.18618496999419,1.0181849699941914,3.9
P021,CGP,4.3,27.664,28.495959273173057,0.8319592731730552,3.9
P021,CGP,4.4,27.13,27.80573357635192,0.6757335763519201,3.9
P021,CGP,4.5,26.569,27.115507879530785,0.5465078795307861,3.9
P021,CGP,4.6,25.98,26.425282182709648,0.44528218270964715,3.9
P021,CGP,4.7,25.366,25.735056485888514,0.3690564858885139,3.9
P021,CGP,4.8,24.733,25.044830789067376,0.3118307890673755,3.9
P021,CGP,4.9,24.085,24.354605092246242,0.2696050922462412,3.9
P021,CGP,5.0,23.418,23.664379395425104,0.24637939542510523,3.9
P021,CGP,5.1,22.725,22.97415369860397,0.24915369860396908,3.9
P021,CGP,5.2,22.017,22.283928001782833,0.2669280017828335,3.9
P021,CGP,5.3,21.294,21.5937023049617,0.2997023049616985,3.9
P021,CGP,5.4,20.557,20.90347660814056,0.3464766081405628,3.9
P021,CGP,5.5,19.814,20.213250911319427,0.39925091131942736,3.9
P021,CGP,5.6,19.076,19.52302521449829,0.44702521449828936,3.9
P021,CGP,5.7,18.341,18.832799517677156,0.4917995176771548,3.9
P021,CGP,5.8,17.602,18.14257382085602,0.540573820856018,3.9
P021,CGP,5.9,16.863,17.452348124034884,0.5893481240348848,3.9
P021,CGP,6.0,16.126,16.76212242721375,0.6361224272137491,3.9
P021,CGP,6.1,15.394,16.071896730392613,0.6778967303926127,3.9
P021,CGP,6.2,14.669,15.381671033571477,0.7126710335714765,3.9
P021,CGP,6.3,13.957,14.691445336750341,0.7344453367503405,3.9
P021,CGP,6.4,13.267,14.001219639929205,0.734219639929206,3.9
P021,CGP,6.5,12.602,13.31099394310807,0.7089939431080694,3.9
P021,CGP,6.6,11.965,12.620768246286934,0.6557682462869341,3.9
P021,CGP,6.7,11.363,11.930542549465798,0.5675425494657986,3.9
P021,CGP,6.8,10.785,11.240316852644662,0.45531685264466226,3.9
P021,CGP,6.9,10.236,10.550091155823528,0.31409115582352776,3.9
P021,CGP,7.0,9.715,9.859865459002393,0.14486545900239278,3.9
P021,CGP,7.1,9.224,9.169639762181257,-0.05436023781874333,3.9
P021,CGP,7.2,8.774,8.479414065360121,-0.29458593463987803,3.9
P021,CGP,7.3,8.37,7.789188368538985,-0.5808116314610139,3.9
P021,CGP,7.4,8.013,7.09896267171785,-0.9140373282821503,3.9
P021,CGP,7.5,7.707,6.408736974896714,-1.298263025103286,3.9
P021,CGP,7.6,7.448,5.718511278075578,-1.7294887219244224,3.9
P021,CGP,7.7,7.261,5.028285581254443,-2.232714418745557,3.9
P021,CGP,7.8,7.153,4.338059884433307,-2.814940115566692,3.9
P021,CGP,7.9,7.08,3.6478341876121725,-3.4321658123878276,3.9
P021,CGP,8.0,7.016,2.9576084907910376,-4.058391509208962,3.9
P021,CGP,8.1,6.955,2.2673827939699027,-4.687617206030097,3.9
P021,CGP,8.2,6.895,1.5771570971487674,-5.317842902851233,3.9
P021,CGP,8.3,6.835,0.8869314003276324,-5.948068599672368,3.9
P021,CGP,8.4,6.775,0.19670570350649735,-6.578294296493503,3.9
P021,CGP,8.5,6.715,0.0,-6.715,3.9
P021,CGP,8.6,6.656,0.0,-6.656,3.9
P021,CGP,8.7,6.598,0.0,-6.598,3.9
P021,CGP,8.8,6.539,0.0,-6.539,3.9
P021,CGP,8.9,6.481,0.0,-6.481,3.9
P021,CGP,9.0,6.423,0.0,-6.423,3.9
P021,CGP,9.1,6.365,0.0,-6.365,3.9
P021,CGP,9.2,6.308,0.0,-6.308,3.9
P021,CGP,9.3,6.25,0.0,-6.25,3.9
P021,CGP,9.4,6.193,0.0,-6.193,3.9
P021,CGP,9.5,6.137,0.0,-6.137,3.9
P021,CGP,9.6,6.08,0.0,-6.08,3.9
P021,CGP,9.7,6.024,0.0,-6.024,3.9
P021,CGP,9.8,5.968,0.0,-5.968,3.9
P021,CGP,9.9,5.912,0.0,-5.912,3.9
P021,CGP,10.0,5.857,0.0,-5.857,3.9
P021,CGP,10.1,5.802,0.0,-5.802,3.9
P021,CGP,10.2,5.747,0.0,-5.747,3.9
P021,CGP,10.3,5.692,0.0,-5.692,3.9
P021,CGP,10.4,5.638,0.0,-5.638,3.9
P021,CGP,10.5,5.584,0.0,-5.584,3.9
P021,CGP,10.6,5.517,0.0,-5.517,3.9
P021,CGP,10.7,5.382,0.0,-5.382,3.9
P021,CGP,10.8,5.151,0.0,-5.151,3.9
P021,CGP,10.9,4.827,0.0,-4.827,3.9
P021,CGP,11.0,4.425,0.0,-4.425,3.9
P021,CGP,11.1,3.976,0.0,-3.976,3.9
P021,CGP,11.2,3.495,0.0,-3.495,3.9
P021,CGP,11.3,2.97,0.0,-2.97,3.9
P021,CGP,11.4,2.401,0.0,-2.401,3.9
P021,CGP,11.5,1.794,0.0,-1.794,3.9
P021,CGP,11.6,1.171,0.0,-1.171,3.9
P021,CGP,11.7,0.549,0.0,-0.549,3.9
P021,CGP,11.8,0.034,0.0,-0.034,3.9
P022,ConstDecel,0.0,30.319,30.318999999999996,-3.552713678800501e-15,8.5
P022,ConstDecel,0.1,30.226,30.119015241222925,-0.10698475877707381,8.5
P022,ConstDecel,0.2,30.134,29.91903048244586,-0.21496951755414173,8.5
P022,ConstDecel,0.3,30.042,29.71904572366879,-0.3229542763312132,8.5
P022,ConstDecel,0.4,29.95,29.519060964891718,-0.43093903510828113,8.5
P022,ConstDecel,0.5,29.858,29.31907620611465,-0.5389237938853491,8.5
P022,ConstDecel,0.6,29.766,29.11909144733758,-0.646908552662417,8.5
P022,ConstDecel,0.7,29.675,28.919106688560515,-0.7558933114394861,8.5
P022,ConstDecel,0.8,29.583,28.71912192978344,-0.8638780702165576,8.5
P022,ConstDecel,0.9,29.492,28.51913717100637,-0.9728628289936303,8.5
P022,ConstDecel,1.0,29.401,28.319152412229304,-1.081847587770696,8.5
P022,ConstDecel,1.1,29.31,28.119167653452234,-1.190832346547765,8.5
P022,ConstDecel,1.2,29.219,27.919182894675163,-1.2998171053248377,8.5
P022,ConstDecel,1.3,29.128,27.719198135898097,-1.4088018641019033,8.5
P022,ConstDecel,1.4,29.038,27.519213377121023,-1.5187866228789773,8.5
P022,ConstDecel,1.5,28.947,27.31922861834396,-1.6277713816560393,8.5
P022,ConstDecel,1.6,28.857,27.119243859566886,-1.7377561404331132,8.5
P022,ConstDecel,1.7,28.767,26.919259100789816,-1.8477408992101836,8.5
P022,ConstDecel,1.8,28.677,26.71927434201275,-1.9577256579872504,8.5
P022,ConstDecel,1.9,28.587,26.51928958323568,-2.0677104167643208,8.5
P022,ConstDecel,2.0,28.497,26.319304824458605,-2.1776951755413947,8.5
P022,ConstDecel,2.1,28.408,26.119320065681542,-2.288679934318459,8.5
P022,ConstDecel,2.2,28.318,25.91933530690447,-2.398664693095533,8.5
P022,ConstDecel,2.3,28.229,25.719350548127398,-2.509649451872601,8.5
P022,ConstDecel,2.4,28.14,25.51936578935033,-2.620634210649669,8.5
P022,ConstDecel,2.5,28.051,25.31938103057326,-2.731618969426737,8.5
P022,ConstDecel,2.6,27.962,25.11939627179619,-2.842603728203809,8.5
P022,ConstDecel,2.7,27.873,24.919411513019124,-2.953588486980877,8.5
P022,ConstDecel,2.8,27.785,24.719426754242058,-3.0655732457579425,8.5
P022,ConstDecel,2.9,27.696,24.519441995464984,-3.1765580045350177,8.5
P022,ConstDecel,3.0,27.608,24.319457236687914,-3.288542763312087,8.5
P022,ConstDecel,3.1,27.52,24.119472477910847,-3.4005275220891527,8.5
P022,ConstDecel,3.2,27.432,23.919487719133777,-3.512512280866222,8.5
P022,ConstDecel,3.3,27.344,23.719502960356706,-3.6244970396432947,8.5
P022,ConstDecel,3.4,27.256,23.51951820157964,-3.7364817984203604,8.5
P022,ConstDecel,3.5,27.168,23.319533442802566,-3.8484665571974332,8.5
P022,ConstDecel,3.6,27.081,23.119548684025496,-3.9614513159745037,8.5
P022,ConstDecel,3.7,26.994,22.91956392524843,-4.074436074751571,8.5
P022,ConstDecel,3.8,26.906,22.71957916647136,-4.18642083352864,8.5
P022,ConstDecel,3.9,26.819,22.51959440769429,-4.29940559230571,8.5
P022,ConstDecel,4.0,26.732,22.319609648917222,-4.412390351082777,8.5
P022,ConstDecel,4.1,26.645,22.11962489014015,-4.525375109859848,8.5
P022,ConstDecel,4.2,26.559,21.919640131363078,-4.639359868636923,8.5
P022,ConstDecel,4.3,26.472,21.71965537258601,-4.75234462741399,8.5
P022,ConstDecel,4.4,26.386,21.51967061380894,-4.866329386191058,8.5
P022,ConstDecel,4.5,26.3,21.31968585503187,-4.98031414496813,8.5
P022,ConstDecel,4.6,26.213,21.119701096254804,-5.093298903745197,8.5
P022,ConstDecel,4.7,26.127,20.919716337477734,-5.207283662522265,8.5
P022,ConstDecel,4.8,26.041,20.719731578700667,-5.321268421299333,8.5
P022,ConstDecel,4.9,25.956,20.519746819923594,-5.436253180076406,8.5
P022,ConstDecel,5.0,25.87,20.319762061146527,-5.550237938853474,8.5
P022,ConstDecel,5.1,25.784,20.119777302369457,-5.664222697630542,8.5
P022,ConstDecel,5.2,25.699,19.919792543592386,-5.779207456407615,8.5
P022,ConstDecel,5.3,25.614,19.719807784815316,-5.894192215184685,8.5
P022,ConstDecel,5.4,25.529,19.51982302603825,-6.00917697396175,8.5
P022,ConstDecel,5.5,25.444,19.31983826726118,-6.12416173273882,8.5
P022,ConstDecel,5.6,25.359,19.119853508484113,-6.239146491515889,8.5
P022,ConstDecel,5.7,25.274,18.91986874970704,-6.354131250292962,8.5
P022,ConstDecel,5.8,25.189,18.719883990929972,-6.469116009070028,8.5
P022,ConstDecel,5.9,25.105,18.5198992321529,-6.585100767847102,8.5
P022,ConstDecel,6.0,25.021,18.31991447337583,-6.701085526624169,8.5
P022,ConstDecel,6.1,24.937,18.11992971459876,-6.81707028540124,8.5
P022,ConstDecel,6.2,24.854,17.919944955821695,-6.934055044178304,8.5
P022,ConstDecel,6.3,24.773,17.719960197044625,-7.053039802955375,8.5
P022,ConstDecel,6.4,24.693,17.519975438267554,-7.173024561732447,8.5
P022,ConstDecel,6.5,24.615,17.319990679490484,-7.295009320509514,8.5
P022,ConstDecel,6.6,24.531,17.120005920713417,-7.410994079286581,8.5
P022,ConstDecel,6.7,24.439,16.920021161936344,-7.518978838063656,8.5
P022,ConstDecel,6.8,24.345,16.720036403159277,-7.624963596840722,8.5
P022,ConstDecel,6.9,24.248,16.520051644382207,-7.727948355617794,8.5
P022,ConstDecel,7.0,24.149,16.320066885605137,-7.828933114394864,8.5
P022,ConstDecel,7.1,24.049,16.12008212682807,-7.92891787317193,8.5
P022,ConstDecel,7.2,23.954,15.920097368050998,-8.033902631949003,8.5
P022,ConstDecel,7.3,23.863,15.72011260927393,-8.14288739072607,8.5
P022,ConstDecel,7.4,23.773,15.52012785049686,-8.25287214950314,8.5
P022,ConstDecel,7.5,23.684,15.320143091719789,-8.363856908280212,8.5
P022,ConstDecel,7.6,23.595,15.12015833294272,-8.474841667057278,8.5
P022,ConstDecel,7.7,23.506,14.920173574165652,-8.585826425834348,8.5
P022,ConstDecel,7.8,23.417,14.720188815388584,-8.696811184611418,8.5
P022,ConstDecel,7.9,23.329,14.520204056611512,-8.808795943388489,8.5
P022,ConstDecel,8.0,23.241,14.320219297834443,-8.920780702165557,8.5
P022,ConstDecel,8.1,23.129,14.120234539057375,-9.008765460942627,8.5
P022,ConstDecel,8.2,22.874,13.920249780280306,-8.953750219719693,8.5
P022,ConstDecel,8.3,22.45,13.720265021503234,-8.729734978496765,8.5
P022,ConstDecel,8.4,21.857,13.520280262726166,-8.336719737273834,8.5
P022,ConstDecel,8.5,21.078,13.320295503949097,-7.757704496050902,8.5
P022,ConstDecel,8.6,20.144,13.120310745172027,-7.023689254827971,8.5
P022,ConstDecel,8.7,19.062,12.920325986394959,-6.1416740136050425,8.5
P022,ConstDecel,8.8,17.787,12.720341227617885,-5.066658772382114,8.5
P022,ConstDecel,8.9,16.236,12.520356468840816,-3.715643531159184,8.5
P022,ConstDecel,9.0,14.515,12.320371710063748,-2.1946282899362526,8.5
P022,ConstDecel,9.1,12.712,12.12038695128668,-0.5916130487133202,8.5
P022,ConstDecel,9.2,10.885,11.920402192509611,1.0354021925096113,8.5
P022,ConstDecel,9.3,9.051,11.720417433732539,2.669417433732539,8.5
P022,ConstDecel,9.4,7.213,11.52043267495547,4.3074326749554706,8.5
P022,ConstDecel,9.5,5.377,11.320447916178402,5.943447916178402,8.5
P022,ConstDecel,9.6,3.542,11.120463157401332,7.578463157401332,8.5
P022,ConstDecel,9.7,1.703,10.920478398624264,9.217478398624264,8.5
P022,ConstDecel,9.8,0.106,10.720493639847193,10.614493639847193,8.5
P022,SafeEnv,0.0,30.319,30.318999999999996,-3.552713678800501e-15,8.5
P022,SafeEnv,0.1,30.226,30.318999999999996,0.09299999999999642,8.5
P022,SafeEnv,0.2,30.134,30.318999999999996,0.18499999999999517,8.5
P022,SafeEnv,0.3,30.042,30.318999999999996,0.2769999999999939,8.5
P022,SafeEnv,0.4,29.95,30.318999999999996,0.3689999999999962,8.5
P022,SafeEnv,0.5,29.858,30.318999999999996,0.46099999999999497,8.5
P022,SafeEnv,0.6,29.766,30.318999999999996,0.5529999999999973,8.5
P022,SafeEnv,0.7,29.675,30.318999999999996,0.6439999999999948,8.5
P022,SafeEnv,0.8,29.583,30.318999999999996,0.7359999999999971,8.5
P022,SafeEnv,0.9,29.492,30.318999999999996,0.8269999999999946,8.5
P022,SafeEnv,1.0,29.401,30.318999999999996,0.9179999999999957,8.5
P022,SafeEnv,1.1,29.31,30.318999999999996,1.0089999999999968,8.5
P022,SafeEnv,1.2,29.219,30.318999999999996,1.0999999999999943,8.5
P022,SafeEnv,1.3,29.128,30.318999999999996,1.1909999999999954,8.5
P022,SafeEnv,1.4,29.038,30.318999999999996,1.2809999999999953,8.5
P022,SafeEnv,1.5,28.947,30.318999999999996,1.3719999999999963,8.5
P022,SafeEnv,1.6,28.857,30.318999999999996,1.4619999999999962,8.5
P022,SafeEnv,1.7,28.767,30.318999999999996,1.551999999999996,8.5
P022,SafeEnv,1.8,28.677,30.318999999999996,1.641999999999996,8.5
P022,SafeEnv,1.9,28.587,30.318999999999996,1.7319999999999958,8.5
P022,SafeEnv,2.0,28.497,30.318999999999996,1.8219999999999956,8.5
P022,SafeEnv,2.1,28.408,30.318999999999996,1.9109999999999943,8.5
P022,SafeEnv,2.2,28.318,30.318999999999996,2.000999999999994,8.5
P022,SafeEnv,2.3,28.229,30.318999999999996,2.0899999999999963,8.5
P022,SafeEnv,2.4,28.14,30.318999999999996,2.178999999999995,8.5
P022,SafeEnv,2.5,28.051,30.318999999999996,2.267999999999997,8.5
P022,SafeEnv,2.6,27.962,30.318999999999996,2.3569999999999958,8.5
P022,SafeEnv,2.7,27.873,30.318999999999996,2.4459999999999944,8.5
P022,SafeEnv,2.8,27.785,30.318999999999996,2.5339999999999954,8.5
P022,SafeEnv,2.9,27.696,30.318999999999996,2.622999999999994,8.5
P022,SafeEnv,3.0,27.608,30.318999999999996,2.710999999999995,8.5
P022,SafeEnv,3.1,27.52,30.318999999999996,2.798999999999996,8.5
P022,SafeEnv,3.2,27.432,30.318999999999996,2.886999999999997,8.5
P022,SafeEnv,3.3,27.344,30.318999999999996,2.9749999999999943,8.5
P022,SafeEnv,3.4,27.256,30.318999999999996,3.0629999999999953,8.5
P022,SafeEnv,3.5,27.168,30.318999999999996,3.1509999999999962,8.5
P022,SafeEnv,3.6,27.081,30.318999999999996,3.237999999999996,8.5
P022,SafeEnv,3.7,26.994,30.318999999999996,3.3249999999999957,8.5
P022,SafeEnv,3.8,26.906,30.318999999999996,3.4129999999999967,8.5
P022,SafeEnv,3.9,26.819,30.318999999999996,3.4999999999999964,8.5
P022,SafeEnv,4.0,26.732,30.318999999999996,3.586999999999996,8.5
P022,SafeEnv,4.1,26.645,30.318999999999996,3.673999999999996,8.5
P022,SafeEnv,4.2,26.559,30.318999999999996,3.7599999999999945,8.5
P022,SafeEnv,4.3,26.472,30.318999999999996,3.846999999999994,8.5
P022,SafeEnv,4.4,26.386,30.318999999999996,3.9329999999999963,8.5
P022,SafeEnv,4.5,26.3,30.318999999999996,4.018999999999995,8.5
P022,SafeEnv,4.6,26.213,30.318999999999996,4.1059999999999945,8.5
P022,SafeEnv,4.7,26.127,30.318999999999996,4.191999999999997,8.5
P022,SafeEnv,4.8,26.041,30.318999999999996,4.277999999999995,8.5
P022,SafeEnv,4.9,25.956,30.318999999999996,4.362999999999996,8.5
P022,SafeEnv,5.0,25.87,30.318999999999996,4.4489999999999945,8.5
P022,SafeEnv,5.1,25.784,30.318999999999996,4.534999999999997,8.5
P022,SafeEnv,5.2,25.699,30.318999999999996,4.619999999999994,8.5
P022,SafeEnv,5.3,25.614,30.318999999999996,4.704999999999995,8.5
P022,SafeEnv,5.4,25.529,30.030485864520045,4.5014858645200455,8.5
P022,SafeEnv,5.5,25.444,29.3564067539565,3.9124067539564997,8.5
P022,SafeEnv,5.6,25.359,28.68250529986278,3.323505299862777,8.5
P022,SafeEnv,5.7,25.274,28.00878979901264,2.7347897990126384,8.5
P022,SafeEnv,5.8,25.189,27.335269140712917,2.146269140712917,8.5
P022,SafeEnv,5.9,25.105,26.66195286440493,1.5569528644049306,8.5
P022,SafeEnv,6.0,25.021,25.988851224419214,0.9678512244192135,8.5
P022,SafeEnv,6.1,24.937,25.315975262973506,0.3789752629735048,8.5
P022,SafeEnv,6.2,24.854,24.643336892702965,-0.21066310729703375,8.5
P022,SafeEnv,6.3,24.773,23.970948990252214,-0.8020510097477853,8.5
P022,SafeEnv,6.4,24.693,23.298825502752333,-1.3941744972476684,8.5
P022,SafeEnv,6.5,24.615,22.626981569365093,-1.9880184306349058,8.5
P022,SafeEnv,6.6,24.531,21.955433660520022,-2.575566339479977,8.5
P022,SafeEnv,6.7,24.439,21.284199738017744,-3.154800261982256,8.5
P022,SafeEnv,6.8,24.345,20.61329943985494,-3.7317005601450575,8.5
P022,SafeEnv,6.9,24.248,19.94275429448254,-4.305245705517461,8.5
P022,SafeEnv,7.0,24.149,19.272587970286654,-4.876412029713347,8.5
P022,SafeEnv,7.1,24.049,18.602826567450474,-5.446173432549525,8.5
P022,SafeEnv,7.2,23.954,17.933498961107386,-6.020501038892615,8.5
P022,SafeEnv,7.3,23.863,17.264637206951413,-6.598362793048587,8.5
P022,SafeEnv,7.4,23.773,16.59627702340361,-7.176722976596391,8.5
P022,SafeEnv,7.5,23.684,15.928458368276114,-7.7555416317238866,8.5
P022,SafeEnv,7.6,23.595,15.26122613295943,-8.333773867040568,8.5
P022,SafeEnv,7.7,23.506,14.594630983952667,-8.911369016047333,8.5
P022,SafeEnv,7.8,23.417,13.928730390730644,-9.488269609269357,8.5
P022,SafeEnv,7.9,23.329,13.263589891476839,-10.065410108523162,8.5
P022,SafeEnv,8.0,23.241,12.599284665549007,-10.641715334450993,8.5
P022,SafeEnv,8.1,23.129,11.935901505851083,-11.193098494148918,8.5
P022,SafeEnv,8.2,22.874,11.27354131885917,-11.600458681140829,8.5
P022,SafeEnv,8.3,22.45,10.612322330017237,-11.837677669982762,8.5
P022,SafeEnv,8.4,21.857,9.952384245690883,-11.904615754309116,8.5
P022,SafeEnv,8.5,21.078,9.293893732974396,-11.784106267025603,8.5
P022,SafeEnv,8.6,20.144,8.637051747142014,-11.506948252857985,8.5
P022,SafeEnv,8.7,19.062,7.982103500414747,-11.079896499585253,8.5
P022,SafeEnv,8.8,17.787,7.329352289741583,-10.457647710258417,8.5
P022,SafeEnv,8.9,16.236,6.679179102531138,-9.556820897468864,8.5
P022,SafeEnv,9.0,14.515,6.032071116997078,-8.482928883002923,8.5
P022,SafeEnv,9.1,12.712,5.388664335541316,-7.323335664458684,8.5
P022,SafeEnv,9.2,10.885,4.749809507391867,-6.135190492608133,8.5
P022,SafeEnv,9.3,9.051,4.1166780815510835,-4.934321918448917,8.5
P022,SafeEnv,9.4,7.213,3.4909404333164273,-3.7220595666835727,8.5
P022,SafeEnv,9.5,5.377,2.875082314684687,-2.5019176853153127,8.5
P022,SafeEnv,9.6,3.542,2.2730040377527914,-1.2689959622472085,8.5
P022,SafeEnv,9.7,1.703,1.6912438461741657,-0.011756153825834392,8.5
P022,SafeEnv,9.8,0.106,1.141689915306393,1.035689915306393,8.5
P022,CGP,0.0,30.319,30.318999999999996,-3.552713678800501e-15,8.5
P022,CGP,0.1,30.226,30.226409090909087,0.00040909090908769485,8.5
P022,CGP,0.2,30.134,30.133818181818175,-0.00018181818182583243,8.5
P022,CGP,0.3,30.042,30.041227272727262,-0.0007727272727393597,8.5
P022,CGP,0.4,29.95,29.948636363636354,-0.0013636363636457816,8.5
P022,CGP,0.5,29.858,29.85604545454544,-0.001954545454559309,8.5
P022,CGP,0.6,29.766,29.76345454545453,-0.0025454545454692834,8.5
P022,CGP,0.7,29.675,29.670863636363617,-0.004136363636384033,8.5
P022,CGP,0.8,29.583,29.578272727272708,-0.004727272727290455,8.5
P022,CGP,0.9,29.492,29.485681818181796,-0.006318181818205204,8.5
P022,CGP,1.0,29.401,29.393090909090883,-0.0079090909091164,8.5
P022,CGP,1.1,29.31,29.30049999999997,-0.009500000000027597,8.5
P022,CGP,1.2,29.219,29.207909090909062,-0.011090909090938794,8.5
P022,CGP,1.3,29.128,29.11531818181815,-0.012681818181849991,8.5
P022,CGP,1.4,29.038,29.022727272727238,-0.01527272727276241,8.5
P022,CGP,1.5,28.947,28.93013636363633,-0.016863636363670054,8.5
P022,CGP,1.6,28.857,28.837545454545417,-0.019454545454582473,8.5
P022,CGP,1.7,28.767,28.744954545454505,-0.02204545454549489,8.5
P022,CGP,1.8,28.677,28.652363636363592,-0.02463636363640731,8.5
P022,CGP,1.9,28.587,28.559772727272684,-0.027227272727316176,8.5
P022,CGP,2.0,28.497,28.46718181818177,-0.029818181818228595,8.5
P022,CGP,2.1,28.408,28.37459090909086,-0.033409090909142236,8.5
P022,CGP,2.2,28.318,28.281999999999947,-0.036000000000054655,8.5
P022,CGP,2.3,28.229,28.189409090909038,-0.03959090909096119,8.5
P022,CGP,2.4,28.14,28.096818181818126,-0.04318181818187483,8.5
P022,CGP,2.5,28.051,28.004227272727213,-0.04677272727278492,8.5
P022,CGP,2.6,27.962,27.911636363636305,-0.05036363636369501,8.5
P022,CGP,2.7,27.873,27.819045454545392,-0.05395454545460865,8.5
P022,CGP,2.8,27.785,27.72645454545448,-0.05854545454551996,8.5
P022,CGP,2.9,27.696,27.633863636363568,-0.0621363636364336,8.5
P022,CGP,3.0,27.608,27.54127272727266,-0.06672727272734136,8.5
P022,CGP,3.1,27.52,27.448681818181747,-0.07131818181825267,8.5
P022,CGP,3.2,27.432,27.356090909090835,-0.07590909090916398,8.5
P022,CGP,3.3,27.344,27.263499999999922,-0.08050000000007884,8.5
P022,CGP,3.4,27.256,27.170909090909014,-0.0850909090909866,8.5
P022,CGP,3.5,27.168,27.0783181818181,-0.08968181818189791,8.5
P022,CGP,3.6,27.081,26.98572727272719,-0.09527272727281044,8.5
P022,CGP,3.7,26.994,26.893136363636277,-0.10086363636372297,8.5
P022,CGP,3.8,26.906,26.800545454545368,-0.10545454545463073,8.5
P022,CGP,3.9,26.819,26.707954545454456,-0.11104545454554327,8.5
P022,CGP,4.0,26.732,26.615363636363544,-0.1166363636364558,8.5
P022,CGP,4.1,26.645,26.522772727272635,-0.12222727272736478,8.5
P022,CGP,4.2,26.559,26.430181818181723,-0.12881818181827853,8.5
P022,CGP,4.3,26.472,26.33759090909081,-0.13440909090919106,8.5
P022,CGP,4.4,26.386,26.244999999999898,-0.14100000000010127,8.5
P022,CGP,4.5,26.3,26.15240909090899,-0.14759090909101147,8.5
P022,CGP,4.6,26.213,26.059818181818077,-0.153181818181924,8.5
P022,CGP,4.7,26.127,25.967227272727165,-0.1597727272728342,8.5
P022,CGP,4.8,26.041,25.874636363636252,-0.16636363636374796,8.5
P022,CGP,4.9,25.956,25.782045454545344,-0.17395454545465583,8.5
P022,CGP,5.0,25.87,25.68945454545443,-0.18054545454556958,8.5
P022,CGP,5.1,25.784,25.59686363636352,-0.18713636363647979,8.5
P022,CGP,5.2,25.699,25.50427272727261,-0.1947272727273912,8.5
P022,CGP,5.3,25.614,25.411681818181698,-0.20231818181830263,8.5
P022,CGP,5.4,25.529,25.319090909090786,-0.20990909090921406,8.5
P022,CGP,5.5,25.444,25.226499999999874,-0.21750000000012548,8.5
P022,CGP,5.6,25.359,25.133909090908965,-0.2250909090910369,8.5
P022,CGP,5.7,25.274,25.041318181818053,-0.23268181818194833,8.5
P022,CGP,5.8,25.189,24.94872727272714,-0.24027272727285975,8.5
P022,CGP,5.9,25.105,24.856136363636228,-0.2488636363637724,8.5
P022,CGP,6.0,25.021,24.76354545454532,-0.2574545454546815,8.5
P022,CGP,6.1,24.937,24.670954545454407,-0.26604545454559414,8.5
P022,CGP,6.2,24.854,24.578363636363495,-0.27563636363650446,8.5
P022,CGP,6.3,24.773,24.485772727272586,-0.28722727272741366,8.5
P022,CGP,6.4,24.693,24.393181818181674,-0.29981818181832764,8.5
P022,CGP,6.5,24.615,24.30059090909076,-0.31440909090923697,8.5
P022,CGP,6.6,24.531,24.20799999999985,-0.3230000000001496,8.5
P022,CGP,6.7,24.439,24.11540909090894,-0.3235909090910596,8.5
P022,CGP,6.8,24.345,24.022818181818028,-0.32218181818197067,8.5
P022,CGP,6.9,24.248,23.930227272727116,-0.3177727272728852,8.5
P022,CGP,7.0,24.149,23.539223571920875,-0.609776428079126,8.5
P022,CGP,7.1,24.049,22.867277817857342,-1.1817221821426571,8.5
P022,CGP,7.2,23.954,22.195332063793806,-1.7586679362061943,8.5
P022,CGP,7.3,23.863,21.523386309730274,-2.3396136902697258,8.5
P022,CGP,7.4,23.773,20.85144055566674,-2.9215594443332584,8.5
P022,CGP,7.5,23.684,20.179494801603205,-3.504505198396796,8.5
P022,CGP,7.6,23.595,19.507549047539673,-4.087450952460326,8.5
P022,CGP,7.7,23.506,18.83560329347614,-4.67039670652386,8.5
P022,CGP,7.8,23.417,18.163657539412608,-5.253342460587394,8.5
P022,CGP,7.9,23.329,17.49171178534907,-5.837288214650929,8.5
P022,CGP,8.0,23.241,16.81976603128554,-6.421233968714461,8.5
P022,CGP,8.1,23.129,16.147820277222007,-6.981179722777995,8.5
P022,CGP,8.2,22.874,15.475874523158472,-7.3981254768415265,8.5
P022,CGP,8.3,22.45,14.803928769094938,-7.646071230905061,8.5
P022,CGP,8.4,21.857,14.131983015031405,-7.725016984968594,8.5
P022,CGP,8.5,21.078,13.460037260967871,-7.617962739032128,8.5
P022,CGP,8.6,20.144,12.447182415995247,-7.6968175840047515,8.5
P022,CGP,8.7,19.062,11.165539827517323,-7.896460172482678,8.5
P022,CGP,8.8,17.787,9.8838972390394,-7.903102760960598,8.5
P022,CGP,8.9,16.236,8.602254650561479,-7.633745349438522,8.5
P022,CGP,9.0,14.515,7.320612062083555,-7.194387937916446,8.5
P022,CGP,9.1,12.712,6.038969473605633,-6.673030526394367,8.5
P022,CGP,9.2,10.885,4.75732688512771,-6.12767311487229,8.5
P022,CGP,9.3,9.051,3.4756842966497867,-5.575315703350213,8.5
P022,CGP,9.4,7.213,2.1940417081718633,-5.018958291828136,8.5
P022,CGP,9.5,5.377,0.9123991196939402,-4.46460088030606,8.5
P022,CGP,9.6,3.542,0.0,-3.542,8.5
P022,CGP,9.7,1.703,0.0,-1.703,8.5
P022,CGP,9.8,0.106,0.0,-0.106,8.5
P023,ConstDecel,0.0,32.492,32.492,0.0,7.0
P023,ConstDecel,0.1,32.551,32.26369320302992,-0.28730679697007844,7.0
P023,ConstDecel,0.2,32.611,32.03538640605985,-0.5756135939401474,7.0
P023,ConstDecel,0.3,32.672,31.807079609089783,-0.8649203909102141,7.0
P023,ConstDecel,0.4,32.734,31.578772812119706,-1.1552271878802962,7.0
P023,ConstDecel,0.5,32.795,31.350466015149635,-1.4445339848503664,7.0
P023,ConstDecel,0.6,32.855,31.122159218179565,-1.7328407818204319,7.0
P023,ConstDecel,0.7,32.914,30.89385242120949,-2.0201475787905103,7.0
P023,ConstDecel,0.8,32.971,30.66554562423942,-2.3054543757605757,7.0
P023,ConstDecel,0.9,33.026,30.437238827269343,-2.58876117273066,7.0
P023,ConstDecel,1.0,33.079,30.208932030299273,-2.8700679697007274,7.0
P023,ConstDecel,1.1,33.129,29.980625233329203,-3.148374766670795,7.0
P023,ConstDecel,1.2,33.178,29.75231843635913,-3.425681563640868,7.0
P023,ConstDecel,1.3,33.225,29.52401163938906,-3.7009883606109426,7.0
P023,ConstDecel,1.4,33.271,29.29570484241899,-3.9752951575810123,7.0
P023,ConstDecel,1.5,33.316,29.067398045448915,-4.248601954551088,7.0
P023,ConstDecel,1.6,33.361,28.839091248478837,-4.52190875152116,7.0
P023,ConstDecel,1.7,33.405,28.610784451508767,-4.794215548491234,7.0
P023,ConstDecel,1.8,33.448,28.382477654538697,-5.065522345461304,7.0
P023,ConstDecel,1.9,33.49,28.154170857568623,-5.335829142431379,7.0
P023,ConstDecel,2.0,33.534,27.925864060598553,-5.608135939401446,7.0
P023,ConstDecel,2.1,33.584,27.697557263628482,-5.886442736371521,7.0
P023,ConstDecel,2.2,33.639,27.46925046665841,-6.169749533341594,7.0
P023,ConstDecel,2.3,33.697,27.24094366968834,-6.4560563303116645,7.0
P023,ConstDecel,2.4,33.757,27.012636872718268,-6.74436312728173,7.0
P023,ConstDecel,2.5,33.819,26.78433007574819,-7.034669924251812,7.0
P023,ConstDecel,2.6,33.881,26.556023278778117,-7.3249767212218835,7.0
P023,ConstDecel,2.7,33.944,26.327716481808046,-7.616283518191956,7.0
P023,ConstDecel,2.8,34.006,26.099409684837976,-7.906590315162024,7.0
P023,ConstDecel,2.9,34.067,25.8711028878679,-8.195897112132101,7.0
P023,ConstDecel,3.0,34.128,25.64279609089783,-8.485203909102172,7.0
P023,ConstDecel,3.1,34.187,25.41448929392776,-8.77251070607224,7.0
P023,ConstDecel,3.2,34.247,25.186182496957684,-9.060817503042315,7.0
P023,ConstDecel,3.3,34.307,24.957875699987614,-9.349124300012388,7.0
P023,ConstDecel,3.4,34.368,24.729568903017544,-9.638431096982458,7.0
P023,ConstDecel,3.5,34.428,24.50126210604747,-9.926737893952527,7.0
P023,ConstDecel,3.6,34.488,24.272955309077393,-10.215044690922607,7.0
P023,ConstDecel,3.7,34.547,24.044648512107322,-10.502351487892675,7.0
P023,ConstDecel,3.8,34.606,23.816341715137252,-10.78965828486275,7.0
P023,ConstDecel,3.9,34.664,23.58803491816718,-11.075965081832823,7.0
P023,ConstDecel,4.0,34.722,23.359728121197108,-11.362271878802893,7.0
P023,ConstDecel,4.1,34.779,23.131421324227038,-11.647578675772966,7.0
P023,ConstDecel,4.2,34.836,22.903114527256964,-11.932885472743035,7.0
P023,ConstDecel,4.3,34.893,22.674807730286894,-12.218192269713107,7.0
P023,ConstDecel,4.4,34.949,22.446500933316816,-12.502499066683182,7.0
P023,ConstDecel,4.5,35.006,22.218194136346746,-12.787805863653254,7.0
P023,ConstDecel,4.6,35.063,21.989887339376676,-13.073112660623327,7.0
P023,ConstDecel,4.7,35.119,21.761580542406602,-13.357419457593398,7.0
P023,ConstDecel,4.8,35.174,21.53327374543653,-13.640726254563468,7.0
P023,ConstDecel,4.9,35.23,21.304966948466454,-13.925033051533543,7.0
P023,ConstDecel,5.0,35.285,21.076660151496384,-14.208339848503613,7.0
P023,ConstDecel,5.1,35.341,20.848353354526314,-14.492646645473688,7.0
P023,ConstDecel,5.2,35.397,20.62004655755624,-14.776953442443759,7.0
P023,ConstDecel,5.3,35.453,20.39173976058617,-15.061260239413834,7.0
P023,ConstDecel,5.4,35.509,20.163432963616096,-15.345567036383905,7.0
P023,ConstDecel,5.5,35.566,19.935126166646025,-15.630873833353977,7.0
P023,ConstDecel,5.6,35.622,19.706819369675955,-15.915180630324045,7.0
P023,ConstDecel,5.7,35.678,19.478512572705878,-16.19948742729412,7.0
P023,ConstDecel,5.8,35.733,19.250205775735807,-16.48279422426419,7.0
P023,ConstDecel,5.9,35.787,19.021898978765734,-16.765101021234265,7.0
P023,ConstDecel,6.0,35.84,18.793592181795663,-17.04640781820434,7.0
P023,ConstDecel,6.1,35.893,18.565285384825593,-17.327714615174408,7.0
P023,ConstDecel,6.2,35.947,18.33697858785552,-17.610021412144484,7.0
P023,ConstDecel,6.3,35.982,18.10867179088545,-17.87332820911455,7.0
P023,ConstDecel,6.4,35.963,17.88036499391537,-18.08263500608463,7.0
P023,ConstDecel,6.5,35.906,17.6520581969453,-18.253941803054698,7.0
P023,ConstDecel,6.6,35.822,17.42375139997523,-18.398248600024772,7.0
P023,ConstDecel,6.7,35.724,17.195444603005157,-18.52855539699484,7.0
P023,ConstDecel,6.8,35.518,16.967137806035087,-18.550862193964914,7.0
P023,ConstDecel,6.9,34.903,16.73883100906501,-18.16416899093499,7.0
P023,ConstDecel,7.0,33.802,16.51052421209494,-17.29147578790506,7.0
P023,ConstDecel,7.1,32.318,16.28221741512487,-16.03578258487513,7.0
P023,ConstDecel,7.2,30.545,16.053910618154795,-14.491089381845207,7.0
P023,ConstDecel,7.3,28.624,15.825603821184725,-12.798396178815274,7.0
P023,ConstDecel,7.4,26.6,15.59729702421465,-11.002702975785352,7.0
P023,ConstDecel,7.5,24.485,15.368990227244579,-9.11600977275542,7.0
P023,ConstDecel,7.6,22.282,15.140683430274509,-7.1413165697254914,7.0
P023,ConstDecel,7.7,20.011,14.912376633304435,-5.0986233666955645,7.0
P023,ConstDecel,7.8,17.719,14.684069836334364,-3.0349301636656367,7.0
P023,ConstDecel,7.9,15.492,14.455763039364289,-1.036236960635712,7.0
P023,ConstDecel,8.0,13.31,14.227456242394219,0.9174562423942181,7.0
P023,ConstDecel,8.1,11.124,13.999149445424148,2.8751494454241477,7.0
P023,ConstDecel,8.2,8.924,13.770842648454074,4.846842648454075,7.0
P023,ConstDecel,8.3,6.721,13.542535851484,6.8215358514840005,7.0
P023,ConstDecel,8.4,4.815,13.314229054513927,8.499229054513926,7.0
P023,ConstDecel,8.5,3.154,13.085922257543857,9.931922257543857,7.0
P023,ConstDecel,8.6,1.554,12.857615460573786,11.303615460573786,7.0
P023,ConstDecel,8.7,0.042,12.629308663603714,12.587308663603714,7.0
P023,SafeEnv,0.0,32.492,32.492,0.0,7.0
P023,SafeEnv,0.1,32.551,32.492,-0.059000000000004604,7.0
P023,SafeEnv,0.2,32.611,32.492,-0.11899999999999977,7.0
P023,SafeEnv,0.3,32.672,32.492,-0.17999999999999972,7.0
P023,SafeEnv,0.4,32.734,32.492,-0.24200000000000443,7.0
P023,SafeEnv,0.5,32.795,32.492,-0.3030000000000044,7.0
P023,SafeEnv,0.6,32.855,32.492,-0.36299999999999955,7.0
P023,SafeEnv,0.7,32.914,32.492,-0.42200000000000415,7.0
P023,SafeEnv,0.8,32.971,32.492,-0.4789999999999992,7.0
P023,SafeEnv,0.9,33.026,32.492,-0.534000000000006,7.0
P023,SafeEnv,1.0,33.079,32.492,-0.5870000000000033,7.0
P023,SafeEnv,1.1,33.129,32.492,-0.6370000000000005,7.0
P023,SafeEnv,1.2,33.178,32.492,-0.6859999999999999,7.0
P023,SafeEnv,1.3,33.225,32.492,-0.7330000000000041,7.0
P023,SafeEnv,1.4,33.271,32.492,-0.7790000000000035,7.0
P023,SafeEnv,1.5,33.316,32.492,-0.8240000000000052,7.0
P023,SafeEnv,1.6,33.361,32.492,-0.8689999999999998,7.0
P023,SafeEnv,1.7,33.405,32.492,-0.9130000000000038,7.0
P023,SafeEnv,1.8,33.448,32.492,-0.9560000000000031,7.0
P023,SafeEnv,1.9,33.49,32.492,-0.9980000000000047,7.0
P023,SafeEnv,2.0,33.534,32.492,-1.0420000000000016,7.0
P023,SafeEnv,2.1,33.584,32.492,-1.0920000000000059,7.0
P023,SafeEnv,2.2,33.639,32.492,-1.1470000000000056,7.0
P023,SafeEnv,2.3,33.697,32.492,-1.2050000000000054,7.0
P023,SafeEnv,2.4,33.757,32.492,-1.2650000000000006,7.0
P023,SafeEnv,2.5,33.819,32.492,-1.3270000000000053,7.0
P023,SafeEnv,2.6,33.881,32.492,-1.389000000000003,7.0
P023,SafeEnv,2.7,33.944,32.492,-1.4520000000000053,7.0
P023,SafeEnv,2.8,34.006,32.492,-1.514000000000003,7.0
P023,SafeEnv,2.9,34.067,32.492,-1.5750000000000028,7.0
P023,SafeEnv,3.0,34.128,32.492,-1.6360000000000028,7.0
P023,SafeEnv,3.1,34.187,32.492,-1.6950000000000003,7.0
P023,SafeEnv,3.2,34.247,32.492,-1.7550000000000026,7.0
P023,SafeEnv,3.3,34.307,32.492,-1.8150000000000048,7.0
P023,SafeEnv,3.4,34.368,32.492,-1.8760000000000048,7.0
P023,SafeEnv,3.5,34.428,32.492,-1.936,7.0
P023,SafeEnv,3.6,34.488,32.492,-1.9960000000000022,7.0
P023,SafeEnv,3.7,34.547,32.492,-2.0549999999999997,7.0
P023,SafeEnv,3.8,34.606,32.492,-2.1140000000000043,7.0
P023,SafeEnv,3.9,34.664,32.492,-2.172000000000004,7.0
P023,SafeEnv,4.0,34.722,32.492,-2.230000000000004,7.0
P023,SafeEnv,4.1,34.779,32.492,-2.287000000000006,7.0
P023,SafeEnv,4.2,34.836,32.492,-2.344000000000001,7.0
P023,SafeEnv,4.3,34.893,32.492,-2.4010000000000034,7.0
P023,SafeEnv,4.4,34.949,32.492,-2.4570000000000007,7.0
P023,SafeEnv,4.5,35.006,32.492,-2.514000000000003,7.0
P023,SafeEnv,4.6,35.063,32.492,-2.571000000000005,7.0
P023,SafeEnv,4.7,35.119,32.492,-2.6270000000000024,7.0
P023,SafeEnv,4.8,35.174,32.04230287854886,-3.1316971214511398,7.0
P023,SafeEnv,4.9,35.23,31.367737974136915,-3.8622620258630818,7.0
P023,SafeEnv,5.0,35.285,30.69332901540098,-4.591670984599016,7.0
P023,SafeEnv,5.1,35.341,30.019082816046907,-5.321917183953094,7.0
P023,SafeEnv,5.2,35.397,29.34500664448906,-6.0519933555109375,7.0
P023,SafeEnv,5.3,35.453,28.671108265099615,-6.7818917349003875,7.0
P023,SafeEnv,5.4,35.509,27.997395984231076,-7.511604015768924,7.0
P023,SafeEnv,5.5,35.566,27.323878701689228,-8.242121298310774,7.0
P023,SafeEnv,5.6,35.622,26.65056596844729,-8.971434031552711,7.0
P023,SafeEnv,5.7,35.678,25.977468051530575,-9.700531948469422,7.0
P023,SafeEnv,5.8,35.733,25.30459600716429,-10.428403992835708,7.0
P023,SafeEnv,5.9,35.787,24.631961763477467,-11.155038236522532,7.0
P023,SafeEnv,6.0,35.84,23.95957821429691,-11.880421785703092,7.0
P023,SafeEnv,6.1,35.893,23.287459325859608,-12.605540674140393,7.0
P023,SafeEnv,6.2,35.947,22.61562025863323,-13.331379741366774,7.0
P023,SafeEnv,6.3,35.982,21.944077506878,-14.037922493122,7.0
P023,SafeEnv,6.4,35.963,21.272849059133726,-14.690150940866275,7.0
P023,SafeEnv,6.5,35.906,20.60195458350104,-15.304045416498958,7.0
P023,SafeEnv,6.6,35.822,19.93141564244377,-15.890584357556232,7.0
P023,SafeEnv,6.7,35.724,19.2612559429227,-16.4627440570773,7.0
P023,SafeEnv,6.8,35.518,18.591501629045563,-16.926498370954437,7.0
P023,SafeEnv,6.9,34.903,17.92218162617635,-16.98081837382365,7.0
P023,SafeEnv,7.0,33.802,17.25332804771426,-16.54867195228574,7.0
P023,SafeEnv,7.1,32.318,16.584976678696677,-15.733023321303321,7.0
P023,SafeEnv,7.2,30.545,15.917167554243207,-14.627832445756795,7.0
P023,SafeEnv,7.3,28.624,15.249945655965476,-13.374054344034523,7.0
P023,SafeEnv,7.4,26.6,14.583361756294522,-12.01663824370548,7.0
P023,SafeEnv,7.5,24.485,13.917473449901857,-10.567526550098142,7.0
P023,SafeEnv,7.6,22.282,13.252346423990875,-9.029653576009125,7.0
P023,SafeEnv,7.7,20.011,12.588056036670935,-7.422943963329065,7.0
P023,SafeEnv,7.8,17.719,11.924689297076428,-5.794310702923573,7.0
P023,SafeEnv,7.9,15.492,11.262347375677498,-4.229652624322503,7.0
P023,SafeEnv,8.0,13.31,10.601148823517217,-2.708851176482783,7.0
P023,SafeEnv,8.1,11.124,9.941233753074126,-1.1827662469258744,7.0
P023,SafeEnv,8.2,8.924,9.28276934433255,0.3587693443325506,7.0
P023,SafeEnv,8.3,6.721,8.625957209387709,1.9049572093877085,7.0
P023,SafeEnv,8.4,4.815,7.97104341485867,3.1560434148586696,7.0
P023,SafeEnv,8.5,3.154,7.31833238892858,4.16433238892858,7.0
P023,SafeEnv,8.6,1.554,6.668206647248642,5.114206647248642,7.0
P023,SafeEnv,8.7,0.042,6.021155480928044,5.9791554809280445,7.0
P023,CGP,0.0,32.492,32.492,0.0,7.0
P023,CGP,0.1,32.551,32.492,-0.059000000000004604,7.0
P023,CGP,0.2,32.611,32.492,-0.11899999999999977,7.0
P023,CGP,0.3,32.672,32.492,-0.17999999999999972,7.0
P023,CGP,0.4,32.734,32.492,-0.24200000000000443,7.0
P023,CGP,0.5,32.795,32.492,-0.3030000000000044,7.0
P023,CGP,0.6,32.855,32.492,-0.36299999999999955,7.0
P023,CGP,0.7,32.914,32.492,-0.42200000000000415,7.0
P023,CGP,0.8,32.971,32.492,-0.4789999999999992,7.0
P023,CGP,0.9,33.026,32.492,-0.534000000000006,7.0
P023,CGP,1.0,33.079,32.492,-0.5870000000000033,7.0
P023,CGP,1.1,33.129,32.492,-0.6370000000000005,7.0
P023,CGP,1.2,33.178,32.492,-0.6859999999999999,7.0
P023,CGP,1.3,33.225,32.492,-0.7330000000000041,7.0
P023,CGP,1.4,33.271,32.492,-0.7790000000000035,7.0
P023,CGP,1.5,33.316,32.492,-0.8240000000000052,7.0
P023,CGP,1.6,33.361,32.492,-0.8689999999999998,7.0
P023,CGP,1.7,33.405,32.492,-0.9130000000000038,7.0
P023,CGP,1.8,33.448,32.492,-0.9560000000000031,7.0
P023,CGP,1.9,33.49,32.492,-0.9980000000000047,7.0
P023,CGP,2.0,33.534,32.492,-1.0420000000000016,7.0
P023,CGP,2.1,33.584,32.492,-1.0920000000000059,7.0
P023,CGP,2.2,33.639,32.492,-1.1470000000000056,7.0
P023,CGP,2.3,33.697,32.492,-1.2050000000000054,7.0
P023,CGP,2.4,33.757,32.492,-1.2650000000000006,7.0
P023,CGP,2.5,33.819,32.492,-1.3270000000000053,7.0
P023,CGP,2.6,33.881,32.492,-1.389000000000003,7.0
P023,CGP,2.7,33.944,32.492,-1.4520000000000053,7.0
P023,CGP,2.8,34.006,32.492,-1.514000000000003,7.0
P023,CGP,2.9,34.067,32.492,-1.5750000000000028,7.0
P023,CGP,3.0,34.128,32.492,-1.6360000000000028,7.0
P023,CGP,3.1,34.187,32.492,-1.6950000000000003,7.0
P023,CGP,3.2,34.247,32.492,-1.7550000000000026,7.0
P023,CGP,3.3,34.307,32.492,-1.8150000000000048,7.0
P023,CGP,3.4,34.368,32.492,-1.8760000000000048,7.0
P023,CGP,3.5,34.428,32.492,-1.936,7.0
P023,CGP,3.6,34.488,32.492,-1.9960000000000022,7.0
P023,CGP,3.7,34.547,32.492,-2.0549999999999997,7.0
P023,CGP,3.8,34.606,32.492,-2.1140000000000043,7.0
P023,CGP,3.9,34.664,32.492,-2.172000000000004,7.0
P023,CGP,4.0,34.722,32.492,-2.230000000000004,7.0
P023,CGP,4.1,34.779,32.492,-2.287000000000006,7.0
P023,CGP,4.2,34.836,32.492,-2.344000000000001,7.0
P023,CGP,4.3,34.893,32.492,-2.4010000000000034,7.0
P023,CGP,4.4,34.949,32.492,-2.4570000000000007,7.0
P023,CGP,4.5,35.006,32.492,-2.514000000000003,7.0
P023,CGP,4.6,35.063,32.492,-2.571000000000005,7.0
P023,CGP,4.7,35.119,32.492,-2.6270000000000024,7.0
P023,CGP,4.8,35.174,32.04230287854886,-3.1316971214511398,7.0
P023,CGP,4.9,35.23,31.367737974136915,-3.8622620258630818,7.0
P023,CGP,5.0,35.285,30.69317306972497,-4.591826930275026,7.0
P023,CGP,5.1,35.341,30.01860816531303,-5.322391834686972,7.0
P023,CGP,5.2,35.397,29.344043260901085,-6.052956739098914,7.0
P023,CGP,5.3,35.453,28.66947835648914,-6.783521643510863,7.0
P023,CGP,5.4,35.509,27.994913452077196,-7.514086547922805,7.0
P023,CGP,5.5,35.566,27.320348547665255,-8.245651452334748,7.0
P023,CGP,5.6,35.622,26.64578364325331,-8.97621635674669,7.0
P023,CGP,5.7,35.678,25.971218738841365,-9.706781261158632,7.0
P023,CGP,5.8,35.733,25.29665383442942,-10.436346165570576,7.0
P023,CGP,5.9,35.787,24.62208893001748,-11.16491106998252,7.0
P023,CGP,6.0,35.84,23.947524025605535,-11.892475974394468,7.0
P023,CGP,6.1,35.893,23.27295912119359,-12.62004087880641,7.0
P023,CGP,6.2,35.947,22.598394216781646,-13.348605783218357,7.0
P023,CGP,6.3,35.982,21.923829312369705,-14.058170687630295,7.0
P023,CGP,6.4,35.963,21.24926440795776,-14.71373559204224,7.0
P023,CGP,6.5,35.906,20.574699503545816,-15.331300496454183,7.0
P023,CGP,6.6,35.822,19.90013459913387,-15.921865400866132,7.0
P023,CGP,6.7,35.724,19.22556969472193,-16.498430305278067,7.0
P023,CGP,6.8,35.518,18.551004790309985,-16.966995209690015,7.0
P023,CGP,6.9,34.903,17.87643988589804,-17.026560114101958,7.0
P023,CGP,7.0,33.802,17.201874981486096,-16.600125018513904,7.0
P023,CGP,7.1,32.318,16.18640098616506,-16.131599013834936,7.0
P023,CGP,7.2,30.545,14.975379017396781,-15.56962098260322,7.0
P023,CGP,7.3,28.624,13.7643570486285,-14.859642951371498,7.0
P023,CGP,7.4,26.6,12.553335079860219,-14.046664920139783,7.0
P023,CGP,7.5,24.485,11.342313111091936,-13.142686888908063,7.0
P023,CGP,7.6,22.282,10.131291142323656,-12.150708857676344,7.0
P023,CGP,7.7,20.011,8.920269173555374,-11.090730826444625,7.0
P023,CGP,7.8,17.719,7.709247204787093,-10.009752795212908,7.0
P023,CGP,7.9,15.492,6.498225236018811,-8.99377476398119,7.0
P023,CGP,8.0,13.31,5.28720326725053,-8.02279673274947,7.0
P023,CGP,8.1,11.124,4.07618129848225,-7.047818701517751,7.0
P023,CGP,8.2,8.924,2.865159329713969,-6.058840670286031,7.0
P023,CGP,8.3,6.721,1.6541373609456878,-5.066862639054312,7.0
P023,CGP,8.4,4.815,0.4431153921774069,-4.371884607822594,7.0
P023,CGP,8.5,3.154,0.0,-3.154,7.0
P023,CGP,8.6,1.554,0.0,-1.554,7.0
P023,CGP,8.7,0.042,0.0,-0.042,7.0
P024,ConstDecel,0.0,31.214,31.214000000000002,3.552713678800501e-15,5.3
P024,ConstDecel,0.1,31.17,31.003810612851666,-0.16618938714833575,5.3
P024,ConstDecel,0.2,31.126,30.793621225703333,-0.33237877429666796,5.3
P024,ConstDecel,0.3,31.08,30.583431838554997,-0.49656816144500127,5.3
P024,ConstDecel,0.4,31.034,30.37324245140666,-0.6607575485933381,5.3
P024,ConstDecel,0.5,30.987,30.163053064258328,-0.8239469357416702,5.3
P024,ConstDecel,0.6,30.94,29.952863677109992,-0.9871363228900094,5.3
P024,ConstDecel,0.7,30.893,29.74267428996166,-1.1503257100383415,5.3
P024,ConstDecel,0.8,30.846,29.532484902813323,-1.3135150971866771,5.3
P024,ConstDecel,0.9,30.8,29.32229551566499,-1.4777044843350104,5.3
P024,ConstDecel,1.0,30.755,29.112106128516654,-1.642893871483345,5.3
P024,ConstDecel,1.1,30.709,28.90191674136832,-1.8070832586316783,5.3
P024,ConstDecel,1.2,30.663,28.69172735421999,-1.9712726457800116,5.3
P024,ConstDecel,1.3,30.617,28.481537967071656,-2.135462032928345,5.3
P024,ConstDecel,1.4,30.571,28.27134857992332,-2.2996514200766818,5.3
P024,ConstDecel,1.5,30.524,28.061159192774987,-2.462840807225014,5.3
P024,ConstDecel,1.6,30.477,27.85096980562665,-2.6260301943733495,5.3
P024,ConstDecel,1.7,30.43,27.640780418478318,-2.7892195815216816,5.3
P024,ConstDecel,1.8,30.383,27.430591031329982,-2.9524089686700172,5.3
P024,ConstDecel,1.9,30.336,27.22040164418165,-3.1155983558183493,5.3
P024,ConstDecel,2.0,30.289,27.010212257033313,-3.2787877429666885,5.3
P024,ConstDecel,2.1,30.242,26.800022869884977,-3.441977130115024,5.3
P024,ConstDecel,2.2,30.195,26.589833482736644,-3.6051665172633562,5.3
P024,ConstDecel,2.3,30.147,26.379644095588308,-3.7673559044116907,5.3
P024,ConstDecel,2.4,30.1,26.169454708439975,-3.9305452915600263,5.3
P024,ConstDecel,2.5,30.053,25.95926532129164,-4.093734678708362,5.3
P024,ConstDecel,2.6,30.005,25.749075934143306,-4.255924065856693,5.3
P024,ConstDecel,2.7,29.957,25.53888654699497,-4.418113453005031,5.3
P024,ConstDecel,2.8,29.908,25.328697159846637,-4.579302840153364,5.3
P024,ConstDecel,2.9,29.859,25.1185077726983,-4.740492227301701,5.3
P024,ConstDecel,3.0,29.81,24.90831838554997,-4.90168161445003,5.3
P024,ConstDecel,3.1,29.761,24.698128998401632,-5.062871001598367,5.3
P024,ConstDecel,3.2,29.711,24.487939611253296,-5.223060388746703,5.3
P024,ConstDecel,3.3,29.661,24.277750224104963,-5.383249775895038,5.3
P024,ConstDecel,3.4,29.611,24.067560836956627,-5.543439163043374,5.3
P024,ConstDecel,3.5,29.561,23.857371449808294,-5.703628550191706,5.3
P024,ConstDecel,3.6,29.51,23.647182062659958,-5.8628179373400435,5.3
P024,ConstDecel,3.7,29.46,23.436992675511625,-6.0230073244883755,5.3
P024,ConstDecel,3.8,29.408,23.226803288363293,-6.181196711636709,5.3
P024,ConstDecel,3.9,29.357,23.01661390121496,-6.340386098785039,5.3
P024,ConstDecel,4.0,29.306,22.806424514066624,-6.499575485933377,5.3
P024,ConstDecel,4.1,29.254,22.59623512691829,-6.65776487308171,5.3
P024,ConstDecel,4.2,29.202,22.386045739769955,-6.815954260230047,5.3
P024,ConstDecel,4.3,29.149,22.175856352621622,-6.973143647378379,5.3
P024,ConstDecel,4.4,29.097,21.965666965473286,-7.131333034526715,5.3
P024,ConstDecel,4.5,29.044,21.755477578324953,-7.288522421675047,5.3
P024,ConstDecel,4.6,28.991,21.545288191176617,-7.445711808823383,5.3
P024,ConstDecel,4.7,28.937,21.335098804028284,-7.601901195971717,5.3
P024,ConstDecel,4.8,28.842,21.124909416879948,-7.717090583120051,5.3
P024,ConstDecel,4.9,28.65,20.914720029731612,-7.735279970268387,5.3
P024,ConstDecel,5.0,28.356,20.70453064258328,-7.6514693574167225,5.3
P024,ConstDecel,5.1,27.957,20.494341255434946,-7.462658744565054,5.3
P024,ConstDecel,5.2,27.477,20.28415186828661,-7.19284813171339,5.3
P024,ConstDecel,5.3,26.908,20.073962481138278,-6.834037518861724,5.3
P024,ConstDecel,5.4,26.245,19.86377309398994,-6.38122690601006,5.3
P024,ConstDecel,5.5,25.506,19.65358370684161,-5.852416293158392,5.3
P024,ConstDecel,5.6,24.703,19.443394319693272,-5.259605680306727,5.3
P024,ConstDecel,5.7,23.847,19.23320493254494,-4.613795067455062,5.3
P024,ConstDecel,5.8,22.947,19.023015545396603,-3.9239844546033957,5.3
P024,ConstDecel,5.9,22.014,18.81282615824827,-3.2011738417517286,5.3
P024,ConstDecel,6.0,21.04,18.602636771099935,-2.4373632289000646,5.3
P024,ConstDecel,6.1,20.016,18.392447383951602,-1.6235526160483964,5.3
P024,ConstDecel,6.2,18.938,18.182257996803266,-0.7557420031967332,5.3
P024,ConstDecel,6.3,17.809,17.972068609654933,0.16306860965493186,5.3
P024,ConstDecel,6.4,16.636,17.761879222506597,1.1258792225065974,5.3
P024,ConstDecel,6.5,15.427,17.551689835358264,2.1246898353582644,5.3
P024,ConstDecel,6.6,14.181,17.341500448209928,3.1605004482099286,5.3
P024,ConstDecel,6.7,12.909,17.131311061061595,4.222311061061594,5.3
P024,ConstDecel,6.8,11.621,16.92112167391326,5.300121673913258,5.3
P024,ConstDecel,6.9,10.321,16.710932286764926,6.389932286764926,5.3
P024,ConstDecel,7.0,9.015,16.50074289961659,7.485742899616589,5.3
P024,ConstDecel,7.1,7.699,16.290553512468257,8.591553512468257,5.3
P024,ConstDecel,7.2,6.382,16.08036412531992,9.698364125319921,5.3
P024,ConstDecel,7.3,5.071,15.87017473817159,10.79917473817159,5.3
P024,ConstDecel,7.4,3.771,15.659985351023252,11.888985351023251,5.3
P024,ConstDecel,7.5,2.476,15.44979596387492,12.97379596387492,5.3
P024,ConstDecel,7.6,1.188,15.239606576726585,14.051606576726584,5.3
P024,ConstDecel,7.7,0.054,15.02941718957825,14.97541718957825,5.3
P024,SafeEnv,0.0,31.214,31.214000000000002,3.552713678800501e-15,5.3
P024,SafeEnv,0.1,31.17,31.214000000000002,0.04400000000000048,5.3
P024,SafeEnv,0.2,31.126,31.214000000000002,0.08800000000000097,5.3
P024,SafeEnv,0.3,31.08,31.214000000000002,0.1340000000000039,5.3
P024,SafeEnv,0.4,31.034,31.214000000000002,0.18000000000000327,5.3
P024,SafeEnv,0.5,30.987,31.214000000000002,0.22700000000000387,5.3
P024,SafeEnv,0.6,30.94,31.214000000000002,0.2740000000000009,5.3
P024,SafeEnv,0.7,30.893,31.214000000000002,0.3210000000000015,5.3
P024,SafeEnv,0.8,30.846,31.214000000000002,0.3680000000000021,5.3
P024,SafeEnv,0.9,30.8,31.214000000000002,0.4140000000000015,5.3
P024,SafeEnv,1.0,30.755,31.214000000000002,0.4590000000000032,5.3
P024,SafeEnv,1.1,30.709,31.214000000000002,0.5050000000000026,5.3
P024,SafeEnv,1.2,30.663,31.214000000000002,0.5510000000000019,5.3
P024,SafeEnv,1.3,30.617,31.214000000000002,0.5970000000000013,5.3
P024,SafeEnv,1.4,30.571,31.214000000000002,0.6430000000000007,5.3
P024,SafeEnv,1.5,30.524,31.214000000000002,0.6900000000000013,5.3
P024,SafeEnv,1.6,30.477,31.214000000000002,0.7370000000000019,5.3
P024,SafeEnv,1.7,30.43,31.214000000000002,0.7840000000000025,5.3
P024,SafeEnv,1.8,30.383,31.214000000000002,0.8310000000000031,5.3
P024,SafeEnv,1.9,30.336,31.214000000000002,0.8780000000000037,5.3
P024,SafeEnv,2.0,30.289,31.214000000000002,0.9250000000000007,5.3
P024,SafeEnv,2.1,30.242,31.214000000000002,0.9720000000000013,5.3
P024,SafeEnv,2.2,30.195,31.214000000000002,1.019000000000002,5.3
P024,SafeEnv,2.3,30.147,31.214000000000002,1.0670000000000037,5.3
P024,SafeEnv,2.4,30.1,31.214000000000002,1.1140000000000008,5.3
P024,SafeEnv,2.5,30.053,31.214000000000002,1.1610000000000014,5.3
P024,SafeEnv,2.6,30.005,31.214000000000002,1.2090000000000032,5.3
P024,SafeEnv,2.7,29.957,31.214000000000002,1.2570000000000014,5.3
P024,SafeEnv,2.8,29.908,31.214000000000002,1.306000000000001,5.3
P024,SafeEnv,2.9,29.859,31.214000000000002,1.3550000000000004,5.3
P024,SafeEnv,3.0,29.81,31.214000000000002,1.4040000000000035,5.3
P024,SafeEnv,3.1,29.761,31.214000000000002,1.453000000000003,5.3
P024,SafeEnv,3.2,29.711,31.214000000000002,1.5030000000000037,5.3
P024,SafeEnv,3.3,29.661,31.214000000000002,1.5530000000000008,5.3
P024,SafeEnv,3.4,29.611,31.214000000000002,1.6030000000000015,5.3
P024,SafeEnv,3.5,29.561,31.214000000000002,1.6530000000000022,5.3
P024,SafeEnv,3.6,29.51,31.214000000000002,1.7040000000000006,5.3
P024,SafeEnv,3.7,29.46,31.214000000000002,1.7540000000000013,5.3
P024,SafeEnv,3.8,29.408,31.214000000000002,1.806000000000001,5.3
P024,SafeEnv,3.9,29.357,31.214000000000002,1.8570000000000029,5.3
P024,SafeEnv,4.0,29.306,31.214000000000002,1.9080000000000013,5.3
P024,SafeEnv,4.1,29.254,31.214000000000002,1.9600000000000009,5.3
P024,SafeEnv,4.2,29.202,31.214000000000002,2.0120000000000005,5.3
P024,SafeEnv,4.3,29.149,31.214000000000002,2.0650000000000013,5.3
P024,SafeEnv,4.4,29.097,31.214000000000002,2.117000000000001,5.3
P024,SafeEnv,4.5,29.044,31.214000000000002,2.1700000000000017,5.3
P024,SafeEnv,4.6,28.991,31.214000000000002,2.2230000000000025,5.3
P024,SafeEnv,4.7,28.937,31.214000000000002,2.277000000000001,5.3
P024,SafeEnv,4.8,28.842,31.214000000000002,2.3720000000000034,5.3
P024,SafeEnv,4.9,28.65,31.214000000000002,2.5640000000000036,5.3
P024,SafeEnv,5.0,28.356,31.214000000000002,2.8580000000000005,5.3
P024,SafeEnv,5.1,27.957,31.214000000000002,3.2570000000000014,5.3
P024,SafeEnv,5.2,27.477,30.785295702335794,3.308295702335794,5.3
P024,SafeEnv,5.3,26.908,30.111026888316413,3.203026888316412,5.3
P024,SafeEnv,5.4,26.245,29.436927082584397,3.191927082584396,5.3
P024,SafeEnv,5.5,25.506,28.763003979275737,3.257003979275737,5.3
P024,SafeEnv,5.6,24.703,28.089265807925585,3.386265807925586,5.3
P024,SafeEnv,5.7,23.847,27.415721384153695,3.5687213841536938,5.3
P024,SafeEnv,5.8,22.947,26.742380166476348,3.795380166476349,5.3
P024,SafeEnv,5.9,22.014,26.069252320152486,4.055252320152487,5.3
P024,SafeEnv,6.0,21.04,25.396348789133473,4.356348789133474,5.3
P024,SafeEnv,6.1,20.016,24.723681377379194,4.7076813773791955,5.3
P024,SafeEnv,6.2,18.938,24.051262841039147,5.113262841039148,5.3
P024,SafeEnv,6.3,17.809,23.379106993282804,5.570106993282803,5.3
P024,SafeEnv,6.4,16.636,22.707228823915553,6.071228823915554,5.3
P024,SafeEnv,6.5,15.427,22.035644636347023,6.608644636347023,5.3
P024,SafeEnv,6.6,14.181,21.364372205013428,7.183372205013429,5.3
P024,SafeEnv,6.7,12.909,20.693430957020137,7.784430957020136,5.3
P024,SafeEnv,6.8,11.621,20.022842182602627,8.401842182602627,5.3
P024,SafeEnv,6.9,10.321,19.352629280052792,9.031629280052792,5.3
P024,SafeEnv,7.0,9.015,18.68281804208789,9.667818042087891,5.3
P024,SafeEnv,7.1,7.699,18.013436992338246,10.314436992338246,5.3
P024,SafeEnv,7.2,6.382,17.344517782819693,10.962517782819694,5.3
P024,SafeEnv,7.3,5.071,16.676095666095893,11.605095666095893,5.3
P024,SafeEnv,7.4,3.771,16.008210059555193,12.237210059555192,5.3
P024,SafeEnv,7.5,2.476,15.340905224141919,12.864905224141918,5.3
P024,SafeEnv,7.6,1.188,14.674231086439683,13.486231086439682,5.3
P024,SafeEnv,7.7,0.054,14.008244241850797,13.954244241850796,5.3
P024,CGP,0.0,31.214,31.214000000000002,3.552713678800501e-15,5.3
P024,CGP,0.1,31.17,31.170772727272727,0.0007727272727251489,5.3
P024,CGP,0.2,31.126,31.127545454545455,0.0015454545454538504,5.3
P024,CGP,0.3,31.08,31.08431818181818,0.0043181818181814435,5.3
P024,CGP,0.4,31.034,31.041090909090908,0.007090909090909037,5.3
P024,CGP,0.5,30.987,30.997863636363633,0.0108636363636343,5.3
P024,CGP,0.6,30.94,30.954636363636357,0.014636363636356009,5.3
P024,CGP,0.7,30.893,30.911409090909086,0.018409090909084824,5.3
P024,CGP,0.8,30.846,30.86818181818181,0.022181818181810087,5.3
P024,CGP,0.9,30.8,30.82495454545454,0.02495454545453768,5.3
P024,CGP,1.0,30.755,30.781727272727263,0.02672727272726405,5.3
P024,CGP,1.1,30.709,30.73849999999999,0.029499999999991644,5.3
P024,CGP,1.2,30.663,30.695272727272716,0.032272727272715684,5.3
P024,CGP,1.3,30.617,30.652045454545444,0.03504545454544328,5.3
P024,CGP,1.4,30.571,30.60881818181817,0.03781818181816732,5.3
P024,CGP,1.5,30.524,30.565590909090893,0.04159090909089258,5.3
P024,CGP,1.6,30.477,30.52236363636362,0.045363636363621396,5.3
P024,CGP,1.7,30.43,30.479136363636346,0.04913636363634666,5.3
P024,CGP,1.8,30.383,30.435909090909075,0.052909090909075474,5.3
P024,CGP,1.9,30.336,30.3926818181818,0.056681818181800736,5.3
P024,CGP,2.0,30.289,30.349454545454527,0.060454545454526,5.3
P024,CGP,2.1,30.242,30.306227272727252,0.06422727272725126,5.3
P024,CGP,2.2,30.195,30.26299999999998,0.06799999999998008,5.3
P024,CGP,2.3,30.147,30.219772727272705,0.07277272727270656,5.3
P024,CGP,2.4,30.1,30.176545454545433,0.07654545454543182,5.3
P024,CGP,2.5,30.053,30.133318181818158,0.08031818181815709,5.3
P024,CGP,2.6,30.005,30.090090909090883,0.08509090909088357,5.3
P024,CGP,2.7,29.957,30.04686363636361,0.08986363636361006,5.3
P024,CGP,2.8,29.908,30.003636363636335,0.09563636363633421,5.3
P024,CGP,2.9,29.859,29.960409090909064,0.10140909090906192,5.3
P024,CGP,3.0,29.81,29.91718181818179,0.10718181818178962,5.3
P024,CGP,3.1,29.761,29.873954545454517,0.11295454545451733,5.3
P024,CGP,3.2,29.711,29.83072727272724,0.1197272727272427,5.3
P024,CGP,3.3,29.661,29.78749999999997,0.12649999999996808,5.3
P024,CGP,3.4,29.611,29.744272727272694,0.13327272727269346,5.3
P024,CGP,3.5,29.561,29.701045454545422,0.1400454545454224,5.3
P024,CGP,3.6,29.51,29.657818181818147,0.14781818181814543,5.3
P024,CGP,3.7,29.46,29.61459090909087,0.1545909090908708,5.3
P024,CGP,3.8,29.408,29.5713636363636,0.16336363636359863,5.3
P024,CGP,3.9,29.357,29.528136363636325,0.17113636363632523,5.3
P024,CGP,4.0,29.306,29.484909090909053,0.17890909090905183,5.3
P024,CGP,4.1,29.254,29.441681818181777,0.1876818181817761,5.3
P024,CGP,4.2,29.202,29.398454545454506,0.19645454545450391,5.3
P024,CGP,4.3,29.149,29.35522727272723,0.2062272727272294,5.3
P024,CGP,4.4,29.097,29.31199999999996,0.21499999999995723,5.3
P024,CGP,4.5,29.044,29.268772727272683,0.22477272727268272,5.3
P024,CGP,4.6,28.991,29.22554545454541,0.23454545454541176,5.3
P024,CGP,4.7,28.937,29.182318181818136,0.24531818181813492,5.3
P024,CGP,4.8,28.842,29.13909090909086,0.297090909090862,5.3
P024,CGP,4.9,28.65,29.09586363636359,0.4458636363635904,5.3
P024,CGP,5.0,28.356,29.052636363636314,0.696636363636312,5.3
P024,CGP,5.1,27.957,29.009409090909042,1.0524090909090411,5.3
P024,CGP,5.2,27.477,28.966181818181767,1.4891818181817662,5.3
P024,CGP,5.3,26.908,28.922954545454495,2.0149545454544935,5.3
P024,CGP,5.4,26.245,28.53881818181813,2.2938181818181285,5.3
P024,CGP,5.5,25.506,27.813772727272674,2.307772727272674,5.3
P024,CGP,5.6,24.703,26.92117913476055,2.2181791347605504,5.3
P024,CGP,5.7,23.847,26.028585542248425,2.181585542248424,5.3
P024,CGP,5.8,22.947,25.1359919497363,2.1889919497363017,5.3
P024,CGP,5.9,22.014,24.243398357224176,2.229398357224177,5.3
P024,CGP,6.0,21.04,23.350804764712052,2.310804764712053,5.3
P024,CGP,6.1,20.016,22.458211172199928,2.4422111721999293,5.3
P024,CGP,6.2,18.938,21.565617579687803,2.6276175796878043,5.3
P024,CGP,6.3,17.809,20.67302398717568,2.8640239871756776,5.3
P024,CGP,6.4,16.636,19.780430394663554,3.144430394663555,5.3
P024,CGP,6.5,15.427,18.88783680215143,3.46083680215143,5.3
P024,CGP,6.6,14.181,17.99524320963931,3.8142432096393097,5.3
P024,CGP,6.7,12.909,17.102649617127184,4.193649617127184,5.3
P024,CGP,6.8,11.621,16.21005602461506,4.58905602461506,5.3
P024,CGP,6.9,10.321,15.317462432102934,4.996462432102934,5.3
P024,CGP,7.0,9.015,14.424868839590811,5.4098688395908106,5.3
P024,CGP,7.1,7.699,13.532275247078687,5.833275247078687,5.3
P024,CGP,7.2,6.382,12.639681654566562,6.257681654566563,5.3
P024,CGP,7.3,5.071,11.747088062054438,6.676088062054438,5.3
P024,CGP,7.4,3.771,10.854494469542312,7.083494469542312,5.3
P024,CGP,7.5,2.476,9.961900877030187,7.485900877030187,5.3
P024,CGP,7.6,1.188,9.069307284518061,7.881307284518061,5.3
P024,CGP,7.7,0.054,8.176713692005936,8.122713692005936,5.3
P025,ConstDecel,0.0,30.487,30.487,0.0,8.1
P025,ConstDecel,0.1,30.493,30.284390722110587,-0.20860927788941197,8.1
P025,ConstDecel,0.2,30.498,30.08178144422117,-0.4162185557788298,8.1
P025,ConstDecel,0.3,30.504,29.87917216633176,-0.6248278336682418,8.1
P025,ConstDecel,0.4,30.51,29.676562888442348,-0.8334371115576538,8.1
P025,ConstDecel,0.5,30.516,29.47395361055293,-1.0420463894470693,8.1
P025,ConstDecel,0.6,30.523,29.271344332663517,-1.2516556673364825,8.1
P025,ConstDecel,0.7,30.533,29.068735054774105,-1.4642649452258958,8.1
P025,ConstDecel,0.8,30.546,28.86612577688469,-1.6798742231153092,8.1
P025,ConstDecel,0.9,30.562,28.66351649899528,-1.8984835010047227,8.1
P025,ConstDecel,1.0,30.581,28.460907221105867,-2.120092778894133,8.1
P025,ConstDecel,1.1,30.601,28.258297943216448,-2.3427020567835513,8.1
P025,ConstDecel,1.2,30.623,28.055688665327036,-2.567311334672965,8.1
P025,ConstDecel,1.3,30.646,27.853079387437624,-2.7929206125623764,8.1
P025,ConstDecel,1.4,30.669,27.650470109548213,-3.018529890451788,8.1
P025,ConstDecel,1.5,30.692,27.447860831658797,-3.244139168341203,8.1
P025,ConstDecel,1.6,30.715,27.245251553769386,-3.4697484462306143,8.1
P025,ConstDecel,1.7,30.738,27.042642275879974,-3.6953577241200257,8.1
P025,ConstDecel,1.8,30.759,26.84003299799056,-3.918967002009442,8.1
P025,ConstDecel,1.9,30.779,26.637423720101147,-4.141576279898853,8.1
P025,ConstDecel,2.0,30.797,26.434814442211735,-4.3621855577882656,8.1
P025,ConstDecel,2.1,30.815,26.232205164322316,-4.582794835677685,8.1
P025,ConstDecel,2.2,30.832,26.029595886432904,-4.802404113567096,8.1
P025,ConstDecel,2.3,30.848,25.826986608543493,-5.021013391456506,8.1
P025,ConstDecel,2.4,30.864,25.624377330654077,-5.239622669345923,8.1
P025,ConstDecel,2.5,30.88,25.421768052764666,-5.458231947235333,8.1
P025,ConstDecel,2.6,30.898,25.219158774875254,-5.678841225124746,8.1
P025,ConstDecel,2.7,30.916,25.01654949698584,-5.899450503014162,8.1
P025,ConstDecel,2.8,30.936,24.813940219096427,-6.122059780903573,8.1
P025,ConstDecel,2.9,30.956,24.611330941207015,-6.344669058792984,8.1
P025,ConstDecel,3.0,30.978,24.408721663317596,-6.569278336682405,8.1
P025,ConstDecel,3.1,31.0,24.206112385428185,-6.7938876145718154,8.1
P025,ConstDecel,3.2,31.023,24.003503107538773,-7.019496892461227,8.1
P025,ConstDecel,3.3,31.047,23.800893829649358,-7.246106170350643,8.1
P025,ConstDecel,3.4,31.073,23.598284551759946,-7.474715448240055,8.1
P025,ConstDecel,3.5,31.101,23.395675273870534,-7.705324726129465,8.1
P025,ConstDecel,3.6,31.129,23.193065995981115,-7.935934004018886,8.1
P025,ConstDecel,3.7,31.157,22.990456718091703,-8.166543281908297,8.1
P025,ConstDecel,3.8,31.181,22.78784744020229,-8.39315255979771,8.1
P025,ConstDecel,3.9,31.196,22.585238162312876,-8.610761837687125,8.1
P025,ConstDecel,4.0,31.195,22.382628884423465,-8.812371115576536,8.1
P025,ConstDecel,4.1,31.167,22.180019606534053,-8.986980393465949,8.1
P025,ConstDecel,4.2,31.121,21.977410328644638,-9.143589671355361,8.1
P025,ConstDecel,4.3,31.064,21.774801050755226,-9.289198949244774,8.1
P025,ConstDecel,4.4,31.001,21.57219177286581,-9.42880822713419,8.1
P025,ConstDecel,4.5,30.933,21.3695824949764,-9.563417505023601,8.1
P025,ConstDecel,4.6,30.862,21.166973217086984,-9.695026782913015,8.1
P025,ConstDecel,4.7,30.787,20.964363939197572,-9.822636060802427,8.1
P025,ConstDecel,4.8,30.71,20.76175466130816,-9.94824533869184,8.1
P025,ConstDecel,4.9,30.63,20.559145383418745,-10.070854616581254,8.1
P025,ConstDecel,5.0,30.55,20.356536105529333,-10.193463894470668,8.1
P025,ConstDecel,5.1,30.468,20.153926827639918,-10.314073172360082,8.1
P025,ConstDecel,5.2,30.386,19.951317549750502,-10.434682450249497,8.1
P025,ConstDecel,5.3,30.304,19.74870827186109,-10.555291728138908,8.1
P025,ConstDecel,5.4,30.222,19.54609899397168,-10.675901006028322,8.1
P025,ConstDecel,5.5,30.144,19.343489716082264,-10.800510283917735,8.1
P025,ConstDecel,5.6,30.069,19.140880438192852,-10.928119561807147,8.1
P025,ConstDecel,5.7,29.999,18.938271160303437,-11.060728839696562,8.1
P025,ConstDecel,5.8,29.937,18.735661882414025,-11.201338117585976,8.1
P025,ConstDecel,5.9,29.887,18.53305260452461,-11.353947395475391,8.1
P025,ConstDecel,6.0,29.864,18.330443326635198,-11.533556673364803,8.1
P025,ConstDecel,6.1,29.868,18.127834048745786,-11.740165951254212,8.1
P025,ConstDecel,6.2,29.896,17.92522477085637,-11.97077522914363,8.1
P025,ConstDecel,6.3,29.945,17.72261549296696,-12.222384507033041,8.1
P025,ConstDecel,6.4,29.979,17.520006215077544,-12.458993784922455,8.1
P025,ConstDecel,6.5,29.958,17.317396937188132,-12.640603062811866,8.1
P025,ConstDecel,6.6,29.903,17.114787659298717,-12.788212340701282,8.1
P025,ConstDecel,6.7,29.828,16.912178381409305,-12.915821618590694,8.1
P025,ConstDecel,6.8,29.74,16.709569103519893,-13.030430896480105,8.1
P025,ConstDecel,6.9,29.65,16.506959825630478,-13.14304017436952,8.1
P025,ConstDecel,7.0,29.559,16.304350547741063,-13.254649452258938,8.1
P025,ConstDecel,7.1,29.468,16.10174126985165,-13.366258730148349,8.1
P025,ConstDecel,7.2,29.377,15.899131991962237,-13.477868008037762,8.1
P025,ConstDecel,7.3,29.286,15.696522714072826,-13.589477285927176,8.1
P025,ConstDecel,7.4,29.195,15.493913436183412,-13.701086563816588,8.1
P025,ConstDecel,7.5,29.105,15.291304158293997,-13.813695841706004,8.1
P025,ConstDecel,7.6,29.014,15.088694880404585,-13.925305119595414,8.1
P025,ConstDecel,7.7,28.924,14.886085602515172,-14.037914397484828,8.1
P025,ConstDecel,7.8,28.832,14.683476324625758,-14.148523675374243,8.1
P025,ConstDecel,7.9,28.67,14.480867046736343,-14.189132953263659,8.1
P025,ConstDecel,8.0,28.323,14.278257768846931,-14.04474223115307,8.1
P025,ConstDecel,8.1,27.766,14.07564849095752,-13.690351509042479,8.1
P025,ConstDecel,8.2,27.043,13.873039213068106,-13.169960786931894,8.1
P025,ConstDecel,8.3,26.223,13.670429935178689,-12.55257006482131,8.1
P025,ConstDecel,8.4,25.324,13.467820657289277,-11.856179342710725,8.1
P025,ConstDecel,8.5,24.346,13.265211379399865,-11.080788620600135,8.1
P025,ConstDecel,8.6,23.303,13.062602101510452,-10.24039789848955,8.1
P025,ConstDecel,8.7,22.205,12.85999282362104,-9.345007176378958,8.1
P025,ConstDecel,8.8,21.056,12.657383545731623,-8.398616454268378,8.1
P025,ConstDecel,8.9,19.846,12.454774267842211,-7.391225732157789,8.1
P025,ConstDecel,9.0,18.589,12.2521649899528,-6.336835010047199,8.1
P025,ConstDecel,9.1,17.309,12.049555712063386,-5.259444287936615,8.1
P025,ConstDecel,9.2,16.033,11.846946434173974,-4.186053565826027,8.1
P025,ConstDecel,9.3,14.767,11.644337156284557,-3.1226628437154424,8.1
P025,ConstDecel,9.4,13.508,11.441727878395145,-2.066272121604854,8.1
P025,ConstDecel,9.5,12.26,11.23911860050573,-1.0208813994942698,8.1
P025,ConstDecel,9.6,11.026,11.036509322616318,0.010509322616318428,8.1
P025,ConstDecel,9.7,9.804,10.833900044726906,1.0299000447269062,8.1
P025,ConstDecel,9.8,8.573,10.631290766837491,2.058290766837491,8.1
P025,ConstDecel,9.9,7.325,10.428681488948076,3.1036814889480757,8.1
P025,ConstDecel,10.0,6.08,10.226072211058664,4.146072211058664,8.1
P025,ConstDecel,10.1,4.874,10.023462933169252,5.149462933169253,8.1
P025,ConstDecel,10.2,3.75,9.820853655279839,6.070853655279839,8.1
P025,ConstDecel,10.3,2.732,9.618244377390422,6.886244377390422,8.1
P025,ConstDecel,10.4,1.828,9.41563509950101,7.58763509950101,8.1
P025,ConstDecel,10.5,1.043,9.213025821611598,8.170025821611599,8.1
P025,ConstDecel,10.6,0.38,9.010416543722185,8.630416543722184,8.1
P025,SafeEnv,0.0,30.487,30.487,0.0,8.1
P025,SafeEnv,0.1,30.493,30.487,-0.006000000000000227,8.1
P025,SafeEnv,0.2,30.498,30.487,-0.011000000000002785,8.1
P025,SafeEnv,0.3,30.504,30.487,-0.017000000000003013,8.1
P025,SafeEnv,0.4,30.51,30.487,-0.02300000000000324,8.1
P025,SafeEnv,0.5,30.516,30.487,-0.028999999999999915,8.1
P025,SafeEnv,0.6,30.523,30.487,-0.036000000000001364,8.1
P025,SafeEnv,0.7,30.533,30.487,-0.04600000000000293,8.1
P025,SafeEnv,0.8,30.546,30.487,-0.05900000000000105,8.1
P025,SafeEnv,0.9,30.562,30.487,-0.07500000000000284,8.1
P025,SafeEnv,1.0,30.581,30.487,-0.0940000000000012,8.1
P025,SafeEnv,1.1,30.601,30.487,-0.11400000000000077,8.1
P025,SafeEnv,1.2,30.623,30.487,-0.13600000000000279,8.1
P025,SafeEnv,1.3,30.646,30.487,-0.15900000000000247,8.1
P025,SafeEnv,1.4,30.669,30.487,-0.18200000000000216,8.1
P025,SafeEnv,1.5,30.692,30.487,-0.20500000000000185,8.1
P025,SafeEnv,1.6,30.715,30.487,-0.22800000000000153,8.1
P025,SafeEnv,1.7,30.738,30.487,-0.2510000000000012,8.1
P025,SafeEnv,1.8,30.759,30.487,-0.272000000000002,8.1
P025,SafeEnv,1.9,30.779,30.487,-0.2920000000000016,8.1
P025,SafeEnv,2.0,30.797,30.487,-0.3100000000000023,8.1
P025,SafeEnv,2.1,30.815,30.487,-0.32800000000000296,8.1
P025,SafeEnv,2.2,30.832,30.487,-0.3450000000000024,8.1
P025,SafeEnv,2.3,30.848,30.487,-0.36100000000000065,8.1
P025,SafeEnv,2.4,30.864,30.487,-0.37700000000000244,8.1
P025,SafeEnv,2.5,30.88,30.487,-0.3930000000000007,8.1
P025,SafeEnv,2.6,30.898,30.487,-0.41100000000000136,8.1
P025,SafeEnv,2.7,30.916,30.487,-0.42900000000000205,8.1
P025,SafeEnv,2.8,30.936,30.487,-0.4490000000000016,8.1
P025,SafeEnv,2.9,30.956,30.487,-0.4690000000000012,8.1
P025,SafeEnv,3.0,30.978,30.487,-0.4910000000000032,8.1
P025,SafeEnv,3.1,31.0,30.487,-0.5130000000000017,8.1
P025,SafeEnv,3.2,31.023,30.487,-0.5360000000000014,8.1
P025,SafeEnv,3.3,31.047,30.487,-0.5600000000000023,8.1
P025,SafeEnv,3.4,31.073,30.487,-0.5860000000000021,8.1
P025,SafeEnv,3.5,31.101,30.487,-0.6140000000000008,8.1
P025,SafeEnv,3.6,31.129,30.487,-0.642000000000003,8.1
P025,SafeEnv,3.7,31.157,30.487,-0.6700000000000017,8.1
P025,SafeEnv,3.8,31.181,30.487,-0.6940000000000026,8.1
P025,SafeEnv,3.9,31.196,30.487,-0.7090000000000032,8.1
P025,SafeEnv,4.0,31.195,30.487,-0.708000000000002,8.1
P025,SafeEnv,4.1,31.167,30.487,-0.6800000000000033,8.1
P025,SafeEnv,4.2,31.121,30.487,-0.6340000000000003,8.1
P025,SafeEnv,4.3,31.064,30.487,-0.5770000000000017,8.1
P025,SafeEnv,4.4,31.001,30.487,-0.5140000000000029,8.1
P025,SafeEnv,4.5,30.933,30.487,-0.4460000000000015,8.1
P025,SafeEnv,4.6,30.862,30.487,-0.375,8.1
P025,SafeEnv,4.7,30.787,30.487,-0.3000000000000007,8.1
P025,SafeEnv,4.8,30.71,30.487,-0.22300000000000253,8.1
P025,SafeEnv,4.9,30.63,30.487,-0.14300000000000068,8.1
P025,SafeEnv,5.0,30.55,30.487,-0.06300000000000239,8.1
P025,SafeEnv,5.1,30.468,30.487,0.01899999999999835,8.1
P025,SafeEnv,5.2,30.386,30.487,0.10099999999999909,8.1
P025,SafeEnv,5.3,30.304,30.406072421256358,0.10207242125635929,8.1
P025,SafeEnv,5.4,30.222,29.731897739123546,-0.4901022608764549,8.1
P025,SafeEnv,5.5,30.144,29.05789632929906,-1.0861036707009397,8.1
P025,SafeEnv,5.6,30.069,28.38407618111774,-1.6849238188822575,8.1
P025,SafeEnv,5.7,29.999,27.71044584711323,-2.2885541528867677,8.1
P025,SafeEnv,5.8,29.937,27.03701449704573,-2.899985502954273,8.1
P025,SafeEnv,5.9,29.887,26.363791978548313,-3.523208021451687,8.1
P025,SafeEnv,6.0,29.864,25.690788885387473,-4.173211114612528,8.1
P025,SafeEnv,6.1,29.868,25.018016634511028,-4.849983365488971,8.1
P025,SafeEnv,6.2,29.896,24.345487553273028,-5.550512446726973,8.1
P025,SafeEnv,6.3,29.945,23.673214978488332,-6.271785021511668,8.1
P025,SafeEnv,6.4,29.979,23.001213369289932,-6.977786630710067,8.1
P025,SafeEnv,6.5,29.958,22.32949843615613,-7.628501563843869,8.1
P025,SafeEnv,6.6,29.903,21.658087288961163,-8.244912711038836,8.1
P025,SafeEnv,6.7,29.828,20.986998607506486,-8.841001392493514,8.1
P025,SafeEnv,6.8,29.74,20.316252838743118,-9.42374716125688,8.1
P025,SafeEnv,6.9,29.65,19.645872425842978,-10.004127574157021,8.1
P025,SafeEnv,7.0,29.559,18.975882075474242,-10.583117924525759,8.1
P025,SafeEnv,7.1,29.468,18.30630907116181,-11.16169092883819,8.1
P025,SafeEnv,7.2,29.377,17.637183642570616,-11.739816357429383,8.1
P025,SafeEnv,7.3,29.286,16.968539403081284,-12.317460596918718,8.1
P025,SafeEnv,7.4,29.195,16.30041387133019,-12.894586128669811,8.1
P025,SafeEnv,7.5,29.105,15.632849096729414,-13.472150903270586,8.1
P025,SafeEnv,7.6,29.014,14.965892414756985,-14.048107585243015,8.1
P025,SafeEnv,7.7,28.924,14.299597365557148,-14.624402634442852,8.1
P025,SafeEnv,7.8,28.832,13.63402481990921,-15.197975180090792,8.1
P025,SafeEnv,7.9,28.67,12.969244371073353,-15.700755628926649,8.1
P025,SafeEnv,8.0,28.323,12.305336071122543,-16.017663928877457,8.1
P025,SafeEnv,8.1,27.766,11.642392618729163,-16.123607381270837,8.1
P025,SafeEnv,8.2,27.043,10.980522145993296,-16.0624778540067,8.1
P025,SafeEnv,8.3,26.223,10.319851811037797,-15.903148188962202,8.1
P025,SafeEnv,8.4,25.324,9.660532490772543,-15.66346750922746,8.1
P025,SafeEnv,8.5,24.346,9.002745000810593,-15.343254999189407,8.1
P025,SafeEnv,8.6,23.303,8.34670847443515,-14.95629152556485,8.1
P025,SafeEnv,8.7,22.205,7.692691856999907,-14.51230814300009,8.1
P025,SafeEnv,8.8,21.056,7.041030000025763,-14.014969999974237,8.1
P025,SafeEnv,8.9,19.846,6.392146724393959,-13.45385327560604,8.1
P025,SafeEnv,9.0,18.589,5.7465887576371975,-12.8424112423628,8.1
P025,SafeEnv,9.1,17.309,5.105077219211718,-12.203922780788282,8.1
P025,SafeEnv,9.2,16.033,4.468588544564924,-11.564411455435078,8.1
P025,SafeEnv,9.3,14.767,3.838487074873417,-10.928512925126583,8.1
P025,SafeEnv,9.4,13.508,3.216753230510582,-10.291246769489417,8.1
P025,SafeEnv,9.5,12.26,2.606399782225387,-9.653600217774613,8.1
P025,SafeEnv,9.6,11.026,2.012285724463504,-9.013714275536495,8.1
P025,SafeEnv,9.7,9.804,1.4428394070504236,-8.361160592949577,8.1
P025,SafeEnv,9.8,8.573,0.9140081206333757,-7.658991879366624,8.1
P025,SafeEnv,9.9,7.325,0.4584830405095817,-6.8665169594904185,8.1
P025,SafeEnv,10.0,6.08,0.13981600168042987,-5.94018399831957,8.1
P025,SafeEnv,10.1,4.874,0.014187958516287354,-4.859812041483712,8.1
P025,SafeEnv,10.2,3.75,0.00014760267940394645,-3.749852397320596,8.1
P025,SafeEnv,10.3,2.732,1.5977134615319244e-08,-2.7319999840228655,8.1
P025,SafeEnv,10.4,1.828,0.0,-1.828,8.1
P025,SafeEnv,10.5,1.043,0.0,-1.043,8.1
P025,SafeEnv,10.6,0.38,0.0,-0.38,8.1
P025,CGP,0.0,30.487,30.487,0.0,8.1
P025,CGP,0.1,30.493,30.487,-0.006000000000000227,8.1
P025,CGP,0.2,30.498,30.487,-0.011000000000002785,8.1
P025,CGP,0.3,30.504,30.487,-0.017000000000003013,8.1
P025,CGP,0.4,30.51,30.487,-0.02300000000000324,8.1
P025,CGP,0.5,30.516,30.487,-0.028999999999999915,8.1
P025,CGP,0.6,30.523,30.487,-0.036000000000001364,8.1
P025,CGP,0.7,30.533,30.487,-0.04600000000000293,8.1
P025,CGP,0.8,30.546,30.487,-0.05900000000000105,8.1
P025,CGP,0.9,30.562,30.487,-0.07500000000000284,8.1
P025,CGP,1.0,30.581,30.487,-0.0940000000000012,8.1
P025,CGP,1.1,30.601,30.487,-0.11400000000000077,8.1
P025,CGP,1.2,30.623,30.487,-0.13600000000000279,8.1
P025,CGP,1.3,30.646,30.487,-0.15900000000000247,8.1
P025,CGP,1.4,30.669,30.487,-0.18200000000000216,8.1
P025,CGP,1.5,30.692,30.487,-0.20500000000000185,8.1
P025,CGP,1.6,30.715,30.487,-0.22800000000000153,8.1
P025,CGP,1.7,30.738,30.487,-0.2510000000000012,8.1
P025,CGP,1.8,30.759,30.487,-0.272000000000002,8.1
P025,CGP,1.9,30.779,30.487,-0.2920000000000016,8.1
P025,CGP,2.0,30.797,30.487,-0.3100000000000023,8.1
P025,CGP,2.1,30.815,30.487,-0.32800000000000296,8.1
P025,CGP,2.2,30.832,30.487,-0.3450000000000024,8.1
P025,CGP,2.3,30.848,30.487,-0.36100000000000065,8.1
P025,CGP,2.4,30.864,30.487,-0.37700000000000244,8.1
P025,CGP,2.5,30.88,30.487,-0.3930000000000007,8.1
P025,CGP,2.6,30.898,30.487,-0.41100000000000136,8.1
P025,CGP,2.7,30.916,30.487,-0.42900000000000205,8.1
P025,CGP,2.8,30.936,30.487,-0.4490000000000016,8.1
P025,CGP,2.9,30.956,30.487,-0.4690000000000012,8.1
P025,CGP,3.0,30.978,30.487,-0.4910000000000032,8.1
P025,CGP,3.1,31.0,30.487,-0.5130000000000017,8.1
P025,CGP,3.2,31.023,30.487,-0.5360000000000014,8.1
P025,CGP,3.3,31.047,30.487,-0.5600000000000023,8.1
P025,CGP,3.4,31.073,30.487,-0.5860000000000021,8.1
P025,CGP,3.5,31.101,30.487,-0.6140000000000008,8.1
P025,CGP,3.6,31.129,30.487,-0.642000000000003,8.1
P025,CGP,3.7,31.157,30.487,-0.6700000000000017,8.1
P025,CGP,3.8,31.181,30.487,-0.6940000000000026,8.1
P025,CGP,3.9,31.196,30.487,-0.7090000000000032,8.1
P025,CGP,4.0,31.195,30.487,-0.708000000000002,8.1
P025,CGP,4.1,31.167,30.487,-0.6800000000000033,8.1
P025,CGP,4.2,31.121,30.487,-0.6340000000000003,8.1
P025,CGP,4.3,31.064,30.487,-0.5770000000000017,8.1
P025,CGP,4.4,31.001,30.487,-0.5140000000000029,8.1
P025,CGP,4.5,30.933,30.487,-0.4460000000000015,8.1
P025,CGP,4.6,30.862,30.487,-0.375,8.1
P025,CGP,4.7,30.787,30.487,-0.3000000000000007,8.1
P025,CGP,4.8,30.71,30.487,-0.22300000000000253,8.1
P025,CGP,4.9,30.63,30.487,-0.14300000000000068,8.1
P025,CGP,5.0,30.55,30.487,-0.06300000000000239,8.1
P025,CGP,5.1,30.468,30.487,0.01899999999999835,8.1
P025,CGP,5.2,30.386,30.487,0.10099999999999909,8.1
P025,CGP,5.3,30.304,30.406072421256358,0.10207242125635929,8.1
P025,CGP,5.4,30.222,29.731897739123546,-0.4901022608764549,8.1
P025,CGP,5.5,30.144,29.05772305699073,-1.086276943009267,8.1
P025,CGP,5.6,30.069,28.383548374857916,-1.6854516251420826,8.1
P025,CGP,5.7,29.999,27.709373692725105,-2.2896263072748937,8.1
P025,CGP,5.8,29.937,27.03519901059229,-2.901800989407711,8.1
P025,CGP,5.9,29.887,26.361024328459475,-3.5259756715405253,8.1
P025,CGP,6.0,29.864,25.68684964632666,-4.1771503536733405,8.1
P025,CGP,6.1,29.868,25.01267496419385,-4.85532503580615,8.1
P025,CGP,6.2,29.896,24.338500282061034,-5.557499717938967,8.1
P025,CGP,6.3,29.945,23.66432559992822,-6.280674400071781,8.1
P025,CGP,6.4,29.979,22.990150917795404,-6.988849082204595,8.1
P025,CGP,6.5,29.958,22.315976235662593,-7.642023764337406,8.1
P025,CGP,6.6,29.903,21.641801553529778,-8.261198446470221,8.1
P025,CGP,6.7,29.828,20.967626871396963,-8.860373128603037,8.1
P025,CGP,6.8,29.74,20.293452189264148,-9.44654781073585,8.1
P025,CGP,6.9,29.65,19.619277507131336,-10.030722492868662,8.1
P025,CGP,7.0,29.559,18.94510282499852,-10.61389717500148,8.1
P025,CGP,7.1,29.468,18.270928142865706,-11.197071857134294,8.1
P025,CGP,7.2,29.377,17.59675346073289,-11.780246539267107,8.1
P025,CGP,7.3,29.286,16.92257877860008,-12.363421221399921,8.1
P025,CGP,7.4,29.195,16.248404096467265,-12.946595903532735,8.1
P025,CGP,7.5,29.105,15.57422941433445,-13.53077058566555,8.1
P025,CGP,7.6,29.014,14.900054732201637,-14.113945267798362,8.1
P025,CGP,7.7,28.924,14.225880050068822,-14.698119949931177,8.1
P025,CGP,7.8,28.832,13.551705367936009,-15.280294632063992,8.1
P025,CGP,7.9,28.67,12.877530685803194,-15.792469314196808,8.1
P025,CGP,8.0,28.323,12.20335600367038,-16.11964399632962,8.1
P025,CGP,8.1,27.766,11.529181321537566,-16.236818678462434,8.1
P025,CGP,8.2,27.043,10.514097548495661,-16.528902451504337,8.1
P025,CGP,8.3,26.223,9.235179711929826,-16.987820288070175,8.1
P025,CGP,8.4,25.324,7.9562618753639915,-17.36773812463601,8.1
P025,CGP,8.5,24.346,6.677344038798156,-17.668655961201843,8.1
P025,CGP,8.6,23.303,5.398426202232321,-17.90457379776768,8.1
P025,CGP,8.7,22.205,4.119508365666487,-18.08549163433351,8.1
P025,CGP,8.8,21.056,2.840590529100652,-18.21540947089935,8.1
P025,CGP,8.9,19.846,1.5616726925348166,-18.284327307465183,8.1
P025,CGP,9.0,18.589,0.28275485596898137,-18.306245144031017,8.1
P025,CGP,9.1,17.309,0.0,-17.309,8.1
P025,CGP,9.2,16.033,0.0,-16.033,8.1
P025,CGP,9.3,14.767,0.0,-14.767,8.1
P025,CGP,9.4,13.508,0.0,-13.508,8.1
P025,CGP,9.5,12.26,0.0,-12.26,8.1
P025,CGP,9.6,11.026,0.0,-11.026,8.1
P025,CGP,9.7,9.804,0.0,-9.804,8.1
P025,CGP,9.8,8.573,0.0,-8.573,8.1
P025,CGP,9.9,7.325,0.0,-7.325,8.1
P025,CGP,10.0,6.08,0.0,-6.08,8.1
P025,CGP,10.1,4.874,0.0,-4.874,8.1
P025,CGP,10.2,3.75,0.0,-3.75,8.1
P025,CGP,10.3,2.732,0.0,-2.732,8.1
P025,CGP,10.4,1.828,0.0,-1.828,8.1
P025,CGP,10.5,1.043,0.0,-1.043,8.1
P025,CGP,10.6,0.38,0.0,-0.38,8.1
P026,ConstDecel,0.0,34.685,34.685,0.0,7.6
P026,ConstDecel,0.1,34.589,34.42517796923808,-0.1638220307619207,7.6
P026,ConstDecel,0.2,34.494,34.16535593847616,-0.32864406152383907,7.6
P026,ConstDecel,0.3,34.399,33.90553390771424,-0.49346609228575744,7.6
P026,ConstDecel,0.4,34.304,33.64571187695232,-0.6582881230476829,7.6
P026,ConstDecel,0.5,34.209,33.3858898461904,-0.8231101538096013,7.6
P026,ConstDecel,0.6,34.114,33.12606781542848,-0.9879321845715197,7.6
P026,ConstDecel,0.7,34.02,32.86624578466655,-1.15375421533345,7.6
P026,ConstDecel,0.8,33.925,32.606423753904636,-1.3185762460953612,7.6
P026,ConstDecel,0.9,33.831,32.34660172314271,-1.4843982768572914,7.6
P026,ConstDecel,1.0,33.737,32.086779692380794,-1.6502203076192075,7.6
P026,ConstDecel,1.1,33.643,31.826957661618874,-1.816042338381127,7.6
P026,ConstDecel,1.2,33.549,31.56713563085695,-1.9818643691430502,7.6
P026,ConstDecel,1.3,33.455,31.30731360009503,-2.14768639990497,7.6
P026,ConstDecel,1.4,33.361,31.047491569333108,-2.3135084306668894,7.6
P026,ConstDecel,1.5,33.268,30.78766953857119,-2.48033046142881,7.6
P026,ConstDecel,1.6,33.175,30.52784750780927,-2.6471524921907275,7.6
P026,ConstDecel,1.7,33.081,30.268025477047345,-2.8129745229526577,7.6
P026,ConstDecel,1.8,32.988,30.008203446285425,-2.979796553714575,7.6
P026,ConstDecel,1.9,32.896,29.748381415523504,-3.147618584476497,7.6
P026,ConstDecel,2.0,32.812,29.488559384761583,-3.3234406152384146,7.6
P026,ConstDecel,2.1,32.714,29.22873735399966,-3.48526264600034,7.6
P026,ConstDecel,2.2,32.614,28.968915323237738,-3.6450846767622593,7.6
P026,ConstDecel,2.3,32.516,28.70909329247582,-3.8069067075241776,7.6
P026,ConstDecel,2.4,32.417,28.4492712617139,-3.9677287382861017,7.6
P026,ConstDecel,2.5,32.319,28.18944923095198,-4.1295507690480235,7.6
P026,ConstDecel,2.6,32.22,27.929627200190055,-4.290372799809944,7.6
P026,ConstDecel,2.7,32.122,27.669805169428134,-4.452194830571866,7.6
P026,ConstDecel,2.8,32.023,27.409983138666217,-4.6130168613337865,7.6
P026,ConstDecel,2.9,31.924,27.150161107904296,-4.773838892095704,7.6
P026,ConstDecel,3.0,31.823,26.89033907714237,-4.932660922857629,7.6
P026,ConstDecel,3.1,31.72,26.63051704638045,-5.089482953619548,7.6
P026,ConstDecel,3.2,31.618,26.37069501561853,-5.2473049843814685,7.6
P026,ConstDecel,3.3,31.519,26.11087298485661,-5.408127015143389,7.6
P026,ConstDecel,3.4,31.423,25.851050954094685,-5.571949045905313,7.6
P026,ConstDecel,3.5,31.329,25.591228923332768,-5.737771076667233,7.6
P026,ConstDecel,3.6,31.234,25.331406892570847,-5.902593107429155,7.6
P026,ConstDecel,3.7,31.131,25.071584861808926,-6.059415138191074,7.6
P026,ConstDecel,3.8,30.996,24.811762831047005,-6.184237168952993,7.6
P026,ConstDecel,3.9,30.799,24.551940800285088,-6.247059199714911,7.6
P026,ConstDecel,4.0,30.534,24.292118769523164,-6.241881230476835,7.6
P026,ConstDecel,4.1,30.204,24.032296738761243,-6.171703261238758,7.6
P026,ConstDecel,4.2,29.812,23.772474707999322,-6.039525292000679,7.6
P026,ConstDecel,4.3,29.365,23.5126526772374,-5.852347322762597,7.6
P026,ConstDecel,4.4,28.872,23.252830646475477,-5.619169353524523,7.6
P026,ConstDecel,4.5,28.352,22.993008615713556,-5.358991384286444,7.6
P026,ConstDecel,4.6,27.819,22.733186584951635,-5.085813415048364,7.6
P026,ConstDecel,4.7,27.279,22.47336455418971,-4.805635445810289,7.6
P026,ConstDecel,4.8,26.735,22.213542523427797,-4.521457476572202,7.6
P026,ConstDecel,4.9,26.187,21.953720492665873,-4.233279507334128,7.6
P026,ConstDecel,5.0,25.636,21.693898461903952,-3.942101538096047,7.6
P026,ConstDecel,5.1,25.082,21.43407643114203,-3.647923568857969,7.6
P026,ConstDecel,5.2,24.525,21.17425440038011,-3.350745599619888,7.6
P026,ConstDecel,5.3,23.964,20.91443236961819,-3.0495676303818087,7.6
P026,ConstDecel,5.4,23.394,20.65461033885627,-2.739389661143729,7.6
P026,ConstDecel,5.5,22.818,20.39478830809435,-2.423211691905653,7.6
P026,ConstDecel,5.6,22.257,20.134966277332428,-2.122033722667574,7.6
P026,ConstDecel,5.7,21.735,19.875144246570503,-1.8598557534294962,7.6
P026,ConstDecel,5.8,21.284,19.615322215808586,-1.6686777841914129,7.6
P026,ConstDecel,5.9,20.914,19.355500185046665,-1.5584998149533362,7.6
P026,ConstDecel,6.0,20.623,19.095678154284744,-1.5273218457152566,7.6
P026,ConstDecel,6.1,20.414,18.835856123522824,-1.5781438764771778,7.6
P026,ConstDecel,6.2,20.282,18.5760340927609,-1.7059659072391007,7.6
P026,ConstDecel,6.3,20.186,18.316212061998982,-1.8697879380010178,7.6
P026,ConstDecel,6.4,20.1,18.056390031237058,-2.0436099687629437,7.6
P026,ConstDecel,6.5,20.017,17.796568000475137,-2.2204319995248625,7.6
P026,ConstDecel,6.6,19.935,17.53674596971322,-2.398254030286779,7.6
P026,ConstDecel,6.7,19.853,17.276923938951295,-2.576076061048706,7.6
P026,ConstDecel,6.8,19.771,17.017101908189375,-2.753898091810626,7.6
P026,ConstDecel,6.9,19.689,16.757279877427454,-2.931720122572546,7.6
P026,ConstDecel,7.0,19.607,16.497457846665533,-3.1095421533344663,7.6
P026,ConstDecel,7.1,19.51,16.237635815903612,-3.2723641840963893,7.6
P026,ConstDecel,7.2,19.318,15.97781378514169,-3.3401862148583117,7.6
P026,ConstDecel,7.3,18.984,15.71799175437977,-3.266008245620231,7.6
P026,ConstDecel,7.4,18.532,15.45816972361785,-3.07383027638215,7.6
P026,ConstDecel,7.5,17.978,15.198347692855927,-2.779652307144074,7.6
P026,ConstDecel,7.6,17.319,14.938525662094008,-2.3804743379059907,7.6
P026,ConstDecel,7.7,16.579,14.678703631332086,-1.9002963686679148,7.6
P026,ConstDecel,7.8,15.773,14.418881600570167,-1.354118399429833,7.6
P026,ConstDecel,7.9,14.902,14.159059569808242,-0.7429404301917568,7.6
P026,ConstDecel,8.0,13.959,13.899237539046323,-0.05976246095367621,7.6
P026,ConstDecel,8.1,12.952,13.639415508284404,0.6874155082844045,7.6
P026,ConstDecel,8.2,11.89,13.379593477522482,1.4895934775224813,7.6
P026,ConstDecel,8.3,10.778,13.119771446760558,2.341771446760557,7.6
P026,ConstDecel,8.4,9.624,12.859949415998637,3.235949415998636,7.6
P026,ConstDecel,8.5,8.425,12.60012738523672,4.175127385236719,7.6
P026,ConstDecel,8.6,7.172,12.340305354474797,5.168305354474797,7.6
P026,ConstDecel,8.7,5.87,12.08048332371288,6.21048332371288,7.6
P026,ConstDecel,8.8,4.472,11.820661292950954,7.348661292950953,7.6
P026,ConstDecel,8.9,2.946,11.560839262189033,8.614839262189033,7.6
P026,ConstDecel,9.0,1.346,11.301017231427116,9.955017231427115,7.6
P026,ConstDecel,9.1,0.15,11.041195200665193,10.891195200665193,7.6
P026,SafeEnv,0.0,34.685,34.685,0.0,7.6
P026,SafeEnv,0.1,34.589,34.685,0.09600000000000364,7.6
P026,SafeEnv,0.2,34.494,34.685,0.1910000000000025,7.6
P026,SafeEnv,0.3,34.399,34.685,0.28600000000000136,7.6
P026,SafeEnv,0.4,34.304,34.685,0.3810000000000002,7.6
P026,SafeEnv,0.5,34.209,34.685,0.4759999999999991,7.6
P026,SafeEnv,0.6,34.114,34.685,0.5710000000000051,7.6
P026,SafeEnv,0.7,34.02,34.685,0.6649999999999991,7.6
P026,SafeEnv,0.8,33.925,34.685,0.7600000000000051,7.6
P026,SafeEnv,0.9,33.831,34.685,0.8539999999999992,7.6
P026,SafeEnv,1.0,33.737,34.685,0.9480000000000004,7.6
P026,SafeEnv,1.1,33.643,34.685,1.0420000000000016,7.6
P026,SafeEnv,1.2,33.549,34.685,1.1360000000000028,7.6
P026,SafeEnv,1.3,33.455,34.685,1.230000000000004,7.6
P026,SafeEnv,1.4,33.361,34.685,1.3240000000000052,7.6
P026,SafeEnv,1.5,33.268,34.685,1.4170000000000016,7.6
P026,SafeEnv,1.6,33.175,34.685,1.5100000000000051,7.6
P026,SafeEnv,1.7,33.081,34.685,1.6039999999999992,7.6
P026,SafeEnv,1.8,32.988,34.685,1.6970000000000027,7.6
P026,SafeEnv,1.9,32.896,34.685,1.7890000000000015,7.6
P026,SafeEnv,2.0,32.812,34.685,1.8730000000000047,7.6
P026,SafeEnv,2.1,32.714,34.685,1.9710000000000036,7.6
P026,SafeEnv,2.2,32.614,34.685,2.071000000000005,7.6
P026,SafeEnv,2.3,32.516,34.685,2.169000000000004,7.6
P026,SafeEnv,2.4,32.417,34.685,2.2680000000000007,7.6
P026,SafeEnv,2.5,32.319,34.685,2.3659999999999997,7.6
P026,SafeEnv,2.6,32.22,34.685,2.4650000000000034,7.6
P026,SafeEnv,2.7,32.122,34.685,2.5630000000000024,7.6
P026,SafeEnv,2.8,32.023,34.685,2.661999999999999,7.6
P026,SafeEnv,2.9,31.924,34.685,2.761000000000003,7.6
P026,SafeEnv,3.0,31.823,34.685,2.862000000000002,7.6
P026,SafeEnv,3.1,31.72,34.685,2.9650000000000034,7.6
P026,SafeEnv,3.2,31.618,34.685,3.0670000000000037,7.6
P026,SafeEnv,3.3,31.519,34.685,3.166000000000004,7.6
P026,SafeEnv,3.4,31.423,34.685,3.262000000000004,7.6
P026,SafeEnv,3.5,31.329,34.685,3.3560000000000016,7.6
P026,SafeEnv,3.6,31.234,34.685,3.4510000000000005,7.6
P026,SafeEnv,3.7,31.131,34.685,3.554000000000002,7.6
P026,SafeEnv,3.8,30.996,34.685,3.6890000000000036,7.6
P026,SafeEnv,3.9,30.799,34.685,3.886000000000003,7.6
P026,SafeEnv,4.0,30.534,34.685,4.151000000000003,7.6
P026,SafeEnv,4.1,30.204,34.685,4.481000000000002,7.6
P026,SafeEnv,4.2,29.812,34.22188346184294,4.409883461842941,7.6
P026,SafeEnv,4.3,29.365,33.54685669333608,4.1818566933360835,7.6
P026,SafeEnv,4.4,28.872,32.871966553085954,3.9999665530859545,7.6
P026,SafeEnv,4.5,28.352,32.197218621291796,3.845218621291796,7.6
P026,SafeEnv,4.6,27.819,31.522618825841445,3.7036188258414455,7.6
P026,SafeEnv,4.7,27.279,30.84817347172261,3.5691734717226105,7.6
P026,SafeEnv,4.8,26.735,30.17388927360323,3.4388892736032304,7.6
P026,SafeEnv,4.9,26.187,29.499773391999216,3.3127733919992153,7.6
P026,SafeEnv,5.0,25.636,28.82583347351288,3.1898334735128806,7.6
P026,SafeEnv,5.1,25.082,28.152077695703372,3.0700776957033717,7.6
P026,SafeEnv,5.2,24.525,27.47851481724236,2.953514817242361,7.6
P026,SafeEnv,5.3,23.964,26.80515423411854,2.841154234118541,7.6
P026,SafeEnv,5.4,23.394,26.132006042785463,2.7380060427854644,7.6
P026,SafeEnv,5.5,22.818,25.459081111305483,2.641081111305482,7.6
P026,SafeEnv,5.6,22.257,24.786391159733288,2.5293911597332865,7.6
P026,SafeEnv,5.7,21.735,24.11394885121312,2.3789488512131207,7.6
P026,SafeEnv,5.8,21.284,23.44176789554563,2.157767895545632,7.6
P026,SafeEnv,5.9,20.914,22.769863167323745,1.8558631673237436,7.6
P026,SafeEnv,6.0,20.623,22.09825084116119,1.4752508411611878,7.6
P026,SafeEnv,6.1,20.414,21.426948547059744,1.012948547059743,7.6
P026,SafeEnv,6.2,20.282,20.75597554961332,0.47397554961332133,7.6
P026,SafeEnv,6.3,20.186,20.085352955561202,-0.1006470444387979,7.6
P026,SafeEnv,6.4,20.1,19.4151039552288,-0.6848960447712003,7.6
P026,SafeEnv,6.5,20.017,18.74525410469475,-1.2717458953052478,7.6
P026,SafeEnv,6.6,19.935,18.075831657184366,-1.8591683428156323,7.6
P026,SafeEnv,6.7,19.853,17.40686795432578,-2.446132045674222,7.6
P026,SafeEnv,6.8,19.771,16.738397890676218,-3.0326021093237827,7.6
P026,SafeEnv,6.9,19.689,16.07046046855212,-3.6185395314478797,7.6
P026,SafeEnv,7.0,19.607,15.403099464982349,-4.203900535017651,7.6
P026,SafeEnv,7.1,19.51,14.736364238986065,-4.773635761013937,7.6
P026,SafeEnv,7.2,19.318,14.070310715975703,-5.247689284024299,7.6
P026,SafeEnv,7.3,18.984,13.405002597802678,-5.578997402197324,7.6
P026,SafeEnv,7.4,18.532,12.740512863129023,-5.791487136870977,7.6
P026,SafeEnv,7.5,17.978,12.076925645401365,-5.901074354598636,7.6
P026,SafeEnv,7.6,17.319,11.4143386077415,-5.9046613922584985,7.6
P026,SafeEnv,7.7,16.579,10.752865980205549,-5.826134019794452,7.6
P026,SafeEnv,7.8,15.773,10.092642492448494,-5.680357507551506,7.6
P026,SafeEnv,7.9,14.902,9.433828535689987,-5.4681714643100126,7.6
P026,SafeEnv,8.0,13.959,8.776617041507942,-5.182382958492058,7.6
P026,SafeEnv,8.1,12.952,8.12124280435847,-4.83075719564153,7.6
P026,SafeEnv,8.2,11.89,7.467995357177851,-4.42200464282215,7.6
P026,SafeEnv,8.3,10.778,6.817237137879557,-3.9607628621204434,7.6
P026,SafeEnv,8.4,9.624,6.169429750284496,-3.4545702497155046,7.6
P026,SafeEnv,8.5,8.425,5.525172995616579,-2.899827004383422,7.6
P026,SafeEnv,8.6,7.172,4.885264776477627,-2.2867352235223724,7.6
P026,SafeEnv,8.7,5.87,4.250796537511802,-1.6192034624881977,7.6
P026,SafeEnv,8.8,4.472,3.623312157251674,-0.8486878427483262,7.6
P026,SafeEnv,8.9,2.946,3.005086620579963,0.05908662057996272,7.6
P026,SafeEnv,9.0,1.346,2.399646020512572,1.0536460205125717,7.6
P026,SafeEnv,9.1,0.15,1.8128114613994943,1.6628114613994944,7.6
P026,CGP,0.0,34.685,34.685,0.0,7.6
P026,CGP,0.1,34.589,34.58940909090909,0.0004090909090948003,7.6
P026,CGP,0.2,34.494,34.493818181818185,-0.00018181818181517428,7.6
P026,CGP,0.3,34.399,34.398227272727276,-0.0007727272727251489,7.6
P026,CGP,0.4,34.304,34.30263636363637,-0.0013636363636351234,7.6
P026,CGP,0.5,34.209,34.20704545454546,-0.001954545454545098,7.6
P026,CGP,0.6,34.114,34.11145454545455,-0.002545454545447967,7.6
P026,CGP,0.7,34.02,34.01586363636364,-0.0041363636363627165,7.6
P026,CGP,0.8,33.925,33.92027272727273,-0.004727272727265586,7.6
P026,CGP,0.9,33.831,33.82468181818182,-0.006318181818180335,7.6
P026,CGP,1.0,33.737,33.729090909090914,-0.007909090909087979,7.6
P026,CGP,1.1,33.643,33.633500000000005,-0.009499999999995623,7.6
P026,CGP,1.2,33.549,33.53790909090909,-0.011090909090910372,7.6
P026,CGP,1.3,33.455,33.44231818181818,-0.012681818181818016,7.6
P026,CGP,1.4,33.361,33.34672727272727,-0.01427272727272566,7.6
P026,CGP,1.5,33.268,33.25113636363636,-0.01686363636363808,7.6
P026,CGP,1.6,33.175,33.155545454545454,-0.019454545454543393,7.6
P026,CGP,1.7,33.081,33.059954545454545,-0.021045454545458142,7.6
P026,CGP,1.8,32.988,32.964363636363636,-0.023636363636363455,7.6
P026,CGP,1.9,32.896,32.86877272727273,-0.027227272727273544,7.6
P026,CGP,2.0,32.812,32.77318181818182,-0.0388181818181792,7.6
P026,CGP,2.1,32.714,32.67759090909091,-0.03640909090908906,7.6
P026,CGP,2.2,32.614,32.582,-0.031999999999996476,7.6
P026,CGP,2.3,32.516,32.48640909090909,-0.029590909090906337,7.6
P026,CGP,2.4,32.417,32.39081818181818,-0.026181818181818528,7.6
P026,CGP,2.5,32.319,32.295227272727274,-0.02377272727272839,7.6
P026,CGP,2.6,32.22,32.199636363636365,-0.020363636363633475,7.6
P026,CGP,2.7,32.122,32.10404545454546,-0.017954545454543336,7.6
P026,CGP,2.8,32.023,32.00845454545455,-0.014545454545455527,7.6
P026,CGP,2.9,31.924,31.912863636363635,-0.011136363636364166,7.6
P026,CGP,3.0,31.823,31.817272727272726,-0.005727272727273913,7.6
P026,CGP,3.1,31.72,31.721681818181818,0.0016818181818187838,7.6
P026,CGP,3.2,31.618,31.62609090909091,0.008090909090910259,7.6
P026,CGP,3.3,31.519,31.5305,0.01150000000000162,7.6
P026,CGP,3.4,31.423,31.43490909090909,0.011909090909092868,7.6
P026,CGP,3.5,31.329,31.339318181818182,0.010318181818181671,7.6
P026,CGP,3.6,31.234,31.243727272727273,0.009727272727271696,7.6
P026,CGP,3.7,31.131,31.148136363636365,0.017136363636364393,7.6
P026,CGP,3.8,30.996,31.052545454545456,0.05654545454545712,7.6
P026,CGP,3.9,30.799,30.956954545454543,0.1579545454545439,7.6
P026,CGP,4.0,30.534,30.861363636363635,0.32736363636363564,7.6
P026,CGP,4.1,30.204,30.765772727272726,0.5617727272727251,7.6
P026,CGP,4.2,29.812,30.670181818181817,0.8581818181818157,7.6
P026,CGP,4.3,29.365,30.574590909090908,1.2095909090909096,7.6
P026,CGP,4.4,28.872,30.479,1.6069999999999993,7.6
P026,CGP,4.5,28.352,30.38340909090909,2.03140909090909,7.6
P026,CGP,4.6,27.819,30.28781818181818,2.4688181818181825,7.6
P026,CGP,4.7,27.279,30.192227272727273,2.9132272727272728,7.6
P026,CGP,4.8,26.735,30.096636363636364,3.3616363636363644,7.6
P026,CGP,4.9,26.187,30.00104545454545,3.8140454545454503,7.6
P026,CGP,5.0,25.636,29.905454545454543,4.269454545454543,7.6
P026,CGP,5.1,25.082,29.809863636363634,4.727863636363633,7.6
P026,CGP,5.2,24.525,29.618955067459382,5.093955067459383,7.6
P026,CGP,5.3,23.964,28.94498345658408,4.980983456584081,7.6
P026,CGP,5.4,23.394,28.271011845708777,4.877011845708779,7.6
P026,CGP,5.5,22.818,27.597040234833475,4.779040234833474,7.6
P026,CGP,5.6,22.257,26.923068623958173,4.6660686239581715,7.6
P026,CGP,5.7,21.735,26.24909701308287,4.514097013082871,7.6
P026,CGP,5.8,21.284,25.57512540220757,4.2911254022075696,7.6
P026,CGP,5.9,20.914,24.901153791332263,3.987153791332261,7.6
P026,CGP,6.0,20.623,24.22718218045696,3.6041821804569594,7.6
P026,CGP,6.1,20.414,23.55321056958166,3.139210569581657,7.6
P026,CGP,6.2,20.282,22.879238958706356,2.597238958706356,7.6
P026,CGP,6.3,20.186,22.205267347831054,2.019267347831054,7.6
P026,CGP,6.4,20.1,21.53129573695575,1.4312957369557502,7.6
P026,CGP,6.5,20.017,20.85732412608045,0.8403241260804499,7.6
P026,CGP,6.6,19.935,20.183352515205147,0.24835251520514845,7.6
P026,CGP,6.7,19.853,19.509380904329845,-0.3436190956701566,7.6
P026,CGP,6.8,19.771,18.83540929345454,-0.9355907065454616,7.6
P026,CGP,6.9,19.689,18.161437682579237,-1.527562317420763,7.6
P026,CGP,7.0,19.607,17.487466071703935,-2.1195339282960646,7.6
P026,CGP,7.1,19.51,16.813494460828633,-2.696505539171369,7.6
P026,CGP,7.2,19.318,16.13952284995333,-3.178477150046671,7.6
P026,CGP,7.3,18.984,15.465551239078028,-3.5184487609219737,7.6
P026,CGP,7.4,18.532,14.791579628202726,-3.740420371797274,7.6
P026,CGP,7.5,17.978,14.117608017327422,-3.8603919826725797,7.6
P026,CGP,7.6,17.319,13.44363640645212,-3.8753635935478794,7.6
P026,CGP,7.7,16.579,12.428755704667726,-4.150244295332275,7.6
P026,CGP,7.8,15.773,11.169860587818327,-4.603139412181672,7.6
P026,CGP,7.9,14.902,9.910965470968929,-4.9910345290310705,7.6
P026,CGP,8.0,13.959,8.652070354119529,-5.306929645880471,7.6
P026,CGP,8.1,12.952,7.393175237270129,-5.558824762729871,7.6
P026,CGP,8.2,11.89,6.134280120420731,-5.75571987957927,7.6
P026,CGP,8.3,10.778,4.875385003571331,-5.902614996428669,7.6
P026,CGP,8.4,9.624,3.616489886721932,-6.007510113278069,7.6
P026,CGP,8.5,8.425,2.3575947698725326,-6.067405230127468,7.6
P026,CGP,8.6,7.172,1.0986996530231334,-6.0733003469768665,7.6
P026,CGP,8.7,5.87,0.0,-5.87,7.6
P026,CGP,8.8,4.472,0.0,-4.472,7.6
P026,CGP,8.9,2.946,0.0,-2.946,7.6
P026,CGP,9.0,1.346,0.0,-1.346,7.6
P026,CGP,9.1,0.15,0.0,-0.15,7.6
P027,ConstDecel,0.0,35.097,35.097,0.0,1.8
P027,ConstDecel,0.1,35.001,34.82944805860958,-0.17155194139041896,1.8
P027,ConstDecel,0.2,34.905,34.561896117219156,-0.343103882780845,1.8
P027,ConstDecel,0.3,34.809,34.29434417582873,-0.514655824171264,1.8
P027,ConstDecel,0.4,34.713,34.02679223443831,-0.68620776556169,1.8
P027,ConstDecel,0.5,34.618,33.75924029304789,-0.8587597069521138,1.8
P027,ConstDecel,0.6,34.523,33.491688351657466,-1.0313116483425375,1.8
P027,ConstDecel,0.7,34.427,33.22413641026704,-1.2028635897329565,1.8
P027,ConstDecel,0.8,34.332,32.95658446887662,-1.3754155311233802,1.8
P027,ConstDecel,0.9,34.238,32.6890325274862,-1.5489674725138016,1.8
P027,ConstDecel,1.0,34.143,32.421480586095775,-1.7215194139042254,1.8
P027,ConstDecel,1.1,34.048,32.15392864470535,-1.894071355294649,1.8
P027,ConstDecel,1.2,33.954,31.88637670331493,-2.0676232966850705,1.8
P027,ConstDecel,1.3,33.859,31.618824761924508,-2.2401752380754942,1.8
P027,ConstDecel,1.4,33.765,31.351272820534085,-2.4137271794659156,1.8
P027,ConstDecel,1.5,33.671,31.083720879143662,-2.587279120856337,1.8
P027,ConstDecel,1.6,33.577,30.81616893775324,-2.7608310622467584,1.8
P027,ConstDecel,1.7,33.484,30.548616996362817,-2.9353830036371846,1.8
P027,ConstDecel,1.8,33.378,30.281065054972395,-3.0969349450276056,1.8
P027,ConstDecel,1.9,33.215,30.01351311358198,-3.2014868864180244,1.8
P027,ConstDecel,2.0,32.994,29.745961172191556,-3.2480388278084433,1.8
P027,ConstDecel,2.1,32.727,29.478409230801127,-3.24859076919887,1.8
P027,ConstDecel,2.2,32.396,29.210857289410704,-3.1851427105892967,1.8
P027,ConstDecel,2.3,31.998,28.94330534802029,-3.0546946519797125,1.8
P027,ConstDecel,2.4,31.525,28.675753406629866,-2.8492465933701325,1.8
P027,ConstDecel,2.5,31.001,28.408201465239443,-2.5927985347605578,1.8
P027,ConstDecel,2.6,30.44,28.14064952384902,-2.2993504761509804,1.8
P027,ConstDecel,2.7,29.854,27.8730975824586,-1.980902417541401,1.8
P027,ConstDecel,2.8,29.256,27.605545641068176,-1.6504543589318246,1.8
P027,ConstDecel,2.9,28.648,27.337993699677753,-1.3100063003222466,1.8
P027,ConstDecel,3.0,28.027,27.07044175828733,-0.9565582417126706,1.8
P027,ConstDecel,3.1,27.378,26.802889816896908,-0.5751101831030923,1.8
P027,ConstDecel,3.2,26.657,26.535337875506485,-0.12166212449351477,1.8
P027,ConstDecel,3.3,25.856,26.267785934116063,0.411785934116061,1.8
P027,ConstDecel,3.4,24.999,26.00023399272564,1.0012339927256413,1.8
P027,ConstDecel,3.5,24.099,25.732682051335217,1.6336820513352173,1.8
P027,ConstDecel,3.6,23.174,25.465130109944795,2.2911301099447954,1.8
P027,ConstDecel,3.7,22.23,25.197578168554372,2.967578168554372,1.8
P027,ConstDecel,3.8,21.281,24.93002622716395,3.649026227163951,1.8
P027,ConstDecel,3.9,20.331,24.662474285773527,4.3314742857735276,1.8
P027,ConstDecel,4.0,19.382,24.394922344383104,5.012922344383103,1.8
P027,ConstDecel,4.1,18.438,24.127370402992685,5.689370402992687,1.8
P027,ConstDecel,4.2,17.489,23.85981846160226,6.3708184616022585,1.8
P027,ConstDecel,4.3,16.527,23.59226652021184,7.065266520211839,1.8
P027,ConstDecel,4.4,15.564,23.324714578821414,7.760714578821414,1.8
P027,ConstDecel,4.5,14.634,23.057162637430995,8.423162637430995,1.8
P027,ConstDecel,4.6,13.768,22.789610696040572,9.021610696040572,1.8
P027,ConstDecel,4.7,12.981,22.52205875465015,9.54105875465015,1.8
P027,ConstDecel,4.8,12.284,22.254506813259727,9.970506813259727,1.8
P027,ConstDecel,4.9,11.68,21.986954871869305,10.306954871869305,1.8
P027,ConstDecel,5.0,11.144,21.71940293047888,10.575402930478878,1.8
P027,ConstDecel,5.1,10.683,21.45185098908846,10.76885098908846,1.8
P027,ConstDecel,5.2,10.308,21.184299047698033,10.876299047698033,1.8
P027,ConstDecel,5.3,10.014,20.916747106307614,10.902747106307615,1.8
P027,ConstDecel,5.4,9.793,20.649195164917188,10.856195164917189,1.8
P027,ConstDecel,5.5,9.65,20.381643223526765,10.731643223526765,1.8
P027,ConstDecel,5.6,9.563,20.114091282136346,10.551091282136346,1.8
P027,ConstDecel,5.7,9.493,19.84653934074592,10.35353934074592,1.8
P027,ConstDecel,5.8,9.428,19.5789873993555,10.1509873993555,1.8
P027,ConstDecel,5.9,9.364,19.311435457965075,9.947435457965074,1.8
P027,ConstDecel,6.0,9.3,19.043883516574656,9.743883516574655,1.8
P027,ConstDecel,6.1,9.235,18.776331575184233,9.541331575184234,1.8
P027,ConstDecel,6.2,9.154,18.50877963379381,9.354779633793811,1.8
P027,ConstDecel,6.3,9.07,18.24122769240339,9.171227692403388,1.8
P027,ConstDecel,6.4,8.985,17.973675751012966,8.988675751012966,1.8
P027,ConstDecel,6.5,8.898,17.706123809622543,8.808123809622543,1.8
P027,ConstDecel,6.6,8.809,17.43857186823212,8.629571868232121,1.8
P027,ConstDecel,6.7,8.72,17.171019926841698,8.451019926841697,1.8
P027,ConstDecel,6.8,8.629,16.903467985451275,8.274467985451276,1.8
P027,ConstDecel,6.9,8.554,16.635916044060853,8.081916044060852,1.8
P027,ConstDecel,7.0,8.516,16.36836410267043,7.85236410267043,1.8
P027,ConstDecel,7.1,8.503,16.100812161280007,7.597812161280007,1.8
P027,ConstDecel,7.2,8.529,15.833260219889585,7.304260219889585,1.8
P027,ConstDecel,7.3,8.602,15.565708278499164,6.963708278499164,1.8
P027,ConstDecel,7.4,8.731,15.298156337108738,6.567156337108738,1.8
P027,ConstDecel,7.5,8.925,15.030604395718319,6.105604395718318,1.8
P027,ConstDecel,7.6,9.169,14.763052454327896,5.594052454327896,1.8
P027,ConstDecel,7.7,9.395,14.495500512937474,5.100500512937474,1.8
P027,ConstDecel,7.8,9.519,14.227948571547051,4.708948571547051,1.8
P027,ConstDecel,7.9,9.549,13.960396630156628,4.411396630156629,1.8
P027,ConstDecel,8.0,9.526,13.692844688766206,4.166844688766206,1.8
P027,ConstDecel,8.1,9.474,13.425292747375783,3.951292747375783,1.8
P027,ConstDecel,8.2,9.404,13.157740805985362,3.7537408059853625,1.8
P027,ConstDecel,8.3,9.332,12.890188864594935,3.5581888645949338,1.8
P027,ConstDecel,8.4,9.26,12.622636923204512,3.362636923204512,1.8
P027,ConstDecel,8.5,9.189,12.355084981814095,3.1660849818140946,1.8
P027,ConstDecel,8.6,9.118,12.087533040423672,2.9695330404236717,1.8
P027,ConstDecel,8.7,9.047,11.81998109903325,2.772981099033249,1.8
P027,ConstDecel,8.8,8.976,11.552429157642822,2.5764291576428207,1.8
P027,ConstDecel,8.9,8.905,11.284877216252404,2.379877216252405,1.8
P027,ConstDecel,9.0,8.834,11.017325274861982,2.183325274861982,1.8
P027,ConstDecel,9.1,8.764,10.749773333471559,1.9857733334715597,1.8
P027,ConstDecel,9.2,8.695,10.482221392081136,1.7872213920811362,1.8
P027,ConstDecel,9.3,8.626,10.214669450690714,1.5886694506907144,1.8
P027,ConstDecel,9.4,8.557,9.947117509300291,1.3901175093002909,1.8
P027,ConstDecel,9.5,8.488,9.679565567909869,1.1915655679098691,1.8
P027,ConstDecel,9.6,8.42,9.412013626519446,0.9920136265194461,1.8
P027,ConstDecel,9.7,8.353,9.144461685129023,0.7914616851290237,1.8
P027,ConstDecel,9.8,8.285,8.8769097437386,0.5919097437386007,1.8
P027,ConstDecel,9.9,8.218,8.609357802348178,0.3913578023481783,1.8
P027,ConstDecel,10.0,8.152,8.341805860957756,0.18980586095775642,1.8
P027,ConstDecel,10.1,8.085,8.074253919567333,-0.010746080432667782,1.8
P027,ConstDecel,10.2,8.019,7.806701978176915,-0.21229802182308521,1.8
P027,ConstDecel,10.3,7.954,7.539150036786488,-0.41484996321351186,1.8
P027,ConstDecel,10.4,7.888,7.271598095396065,-0.6164019046039346,1.8
P027,ConstDecel,10.5,7.823,7.004046154005643,-0.8189538459943577,1.8
P027,ConstDecel,10.6,7.759,6.7364942126152245,-1.0225057873847758,1.8
P027,ConstDecel,10.7,7.694,6.468942271224802,-1.225057728775198,1.8
P027,ConstDecel,10.8,7.63,6.201390329834375,-1.428609670165625,1.8
P027,ConstDecel,10.9,7.567,5.933838388443952,-1.6331616115560479,1.8
P027,ConstDecel,11.0,7.503,5.666286447053529,-1.8367135529464713,1.8
P027,ConstDecel,11.1,7.44,5.3987345056631115,-2.041265494336889,1.8
P027,ConstDecel,11.2,7.378,5.131182564272689,-2.246817435727311,1.8
P027,ConstDecel,11.3,7.315,4.863630622882261,-2.4513693771177394,1.8
P027,ConstDecel,11.4,7.253,4.596078681491838,-2.6569213185081617,1.8
P027,ConstDecel,11.5,7.192,4.328526740101421,-2.863473259898579,1.8
P027,ConstDecel,11.6,7.13,4.0609747987109985,-3.0690252012890014,1.8
P027,ConstDecel,11.7,7.069,3.7934228573205755,-3.2755771426794245,1.8
P027,ConstDecel,11.8,7.008,3.5258709159301485,-3.4821290840698516,1.8
P027,ConstDecel,11.9,6.948,3.2583189745397303,-3.68968102546027,1.8
P027,ConstDecel,12.0,6.888,2.9907670331493077,-3.897232966850692,1.8
P027,ConstDecel,12.1,6.828,2.723215091758885,-4.104784908241115,1.8
P027,ConstDecel,12.2,6.768,2.4556631503684625,-4.312336849631537,1.8
P027,ConstDecel,12.3,6.709,2.188111208978035,-4.520888791021965,1.8
P027,ConstDecel,12.4,6.65,1.9205592675876173,-4.7294407324123835,1.8
P027,ConstDecel,12.5,6.591,1.6530073261971947,-4.937992673802805,1.8
P027,ConstDecel,12.6,6.532,1.385455384806772,-5.146544615193228,1.8
P027,ConstDecel,12.7,6.474,1.1179034434163495,-5.356096556583651,1.8
P027,ConstDecel,12.8,6.416,0.8503515020259269,-5.565648497974074,1.8
P027,ConstDecel,12.9,6.358,0.5827995606355042,-5.775200439364496,1.8
P027,ConstDecel,13.0,6.301,0.3152476192450816,-5.985752380754919,1.8
P027,ConstDecel,13.1,6.244,0.047695677854658995,-6.196304322145341,1.8
P027,ConstDecel,13.2,6.187,0.0,-6.187,1.8
P027,ConstDecel,13.3,6.13,0.0,-6.13,1.8
P027,ConstDecel,13.4,6.074,0.0,-6.074,1.8
P027,ConstDecel,13.5,6.018,0.0,-6.018,1.8
P027,ConstDecel,13.6,5.962,0.0,-5.962,1.8
P027,ConstDecel,13.7,5.906,0.0,-5.906,1.8
P027,ConstDecel,13.8,5.851,0.0,-5.851,1.8
P027,ConstDecel,13.9,5.795,0.0,-5.795,1.8
P027,ConstDecel,14.0,5.741,0.0,-5.741,1.8
P027,ConstDecel,14.1,5.686,0.0,-5.686,1.8
P027,ConstDecel,14.2,5.632,0.0,-5.632,1.8
P027,ConstDecel,14.3,5.578,0.0,-5.578,1.8
P027,ConstDecel,14.4,5.524,0.0,-5.524,1.8
P027,ConstDecel,14.5,5.47,0.0,-5.47,1.8
P027,ConstDecel,14.6,5.417,0.0,-5.417,1.8
P027,ConstDecel,14.7,5.365,0.0,-5.365,1.8
P027,ConstDecel,14.8,5.312,0.0,-5.312,1.8
P027,ConstDecel,14.9,5.26,0.0,-5.26,1.8
P027,ConstDecel,15.0,5.208,0.0,-5.208,1.8
P027,ConstDecel,15.1,5.157,0.0,-5.157,1.8
P027,ConstDecel,15.2,5.105,0.0,-5.105,1.8
P027,ConstDecel,15.3,5.054,0.0,-5.054,1.8
P027,ConstDecel,15.4,5.005,0.0,-5.005,1.8
P027,ConstDecel,15.5,4.956,0.0,-4.956,1.8
P027,ConstDecel,15.6,4.908,0.0,-4.908,1.8
P027,ConstDecel,15.7,4.865,0.0,-4.865,1.8
P027,ConstDecel,15.8,4.833,0.0,-4.833,1.8
P027,ConstDecel,15.9,4.827,0.0,-4.827,1.8
P027,SafeEnv,0.0,35.097,35.097,0.0,1.8
P027,SafeEnv,0.1,35.001,35.097,0.09600000000000364,1.8
P027,SafeEnv,0.2,34.905,35.097,0.19200000000000017,1.8
P027,SafeEnv,0.3,34.809,35.097,0.2880000000000038,1.8
P027,SafeEnv,0.4,34.713,35.097,0.38400000000000034,1.8
P027,SafeEnv,0.5,34.618,35.097,0.4789999999999992,1.8
P027,SafeEnv,0.6,34.523,35.097,0.5739999999999981,1.8
P027,SafeEnv,0.7,34.427,35.097,0.6700000000000017,1.8
P027,SafeEnv,0.8,34.332,35.097,0.7650000000000006,1.8
P027,SafeEnv,0.9,34.238,35.097,0.8590000000000018,1.8
P027,SafeEnv,1.0,34.143,35.097,0.9540000000000006,1.8
P027,SafeEnv,1.1,34.048,35.097,1.0489999999999995,1.8
P027,SafeEnv,1.2,33.954,35.097,1.1430000000000007,1.8
P027,SafeEnv,1.3,33.859,35.097,1.2379999999999995,1.8
P027,SafeEnv,1.4,33.765,35.097,1.3320000000000007,1.8
P027,SafeEnv,1.5,33.671,35.097,1.426000000000002,1.8
P027,SafeEnv,1.6,33.577,35.097,1.5200000000000031,1.8
P027,SafeEnv,1.7,33.484,35.097,1.6129999999999995,1.8
P027,SafeEnv,1.8,33.378,35.097,1.7190000000000012,1.8
P027,SafeEnv,1.9,33.215,35.097,1.881999999999998,1.8
P027,SafeEnv,2.0,32.994,35.097,2.1030000000000015,1.8
P027,SafeEnv,2.1,32.727,35.097,2.3700000000000045,1.8
P027,SafeEnv,2.2,32.396,35.097,2.7010000000000005,1.8
P027,SafeEnv,2.3,31.998,35.097,3.099,1.8
P027,SafeEnv,2.4,31.525,35.097,3.5720000000000027,1.8
P027,SafeEnv,2.5,31.001,35.097,4.096,1.8
P027,SafeEnv,2.6,30.44,35.097,4.657,1.8
P027,SafeEnv,2.7,29.854,35.097,5.243000000000002,1.8
P027,SafeEnv,2.8,29.256,35.097,5.841000000000001,1.8
P027,SafeEnv,2.9,28.648,35.097,6.449000000000002,1.8
P027,SafeEnv,3.0,28.027,35.097,7.07,1.8
P027,SafeEnv,3.1,27.378,35.097,7.719000000000001,1.8
P027,SafeEnv,3.2,26.657,35.097,8.440000000000001,1.8
P027,SafeEnv,3.3,25.856,35.097,9.241,1.8
P027,SafeEnv,3.4,24.999,35.097,10.098000000000003,1.8
P027,SafeEnv,3.5,24.099,35.097,10.998000000000001,1.8
P027,SafeEnv,3.6,23.174,35.097,11.923000000000002,1.8
P027,SafeEnv,3.7,22.23,35.097,12.867,1.8
P027,SafeEnv,3.8,21.281,35.097,13.816000000000003,1.8
P027,SafeEnv,3.9,20.331,35.097,14.766000000000002,1.8
P027,SafeEnv,4.0,19.382,34.99742955420092,15.615429554200919,1.8
P027,SafeEnv,4.1,18.438,34.32225231625837,15.884252316258372,1.8
P027,SafeEnv,4.2,17.489,33.64720569148705,16.15820569148705,1.8
P027,SafeEnv,4.3,16.527,32.972294893381054,16.445294893381053,1.8
P027,SafeEnv,4.4,15.564,32.29752545278347,16.733525452783468,1.8
P027,SafeEnv,4.5,14.634,31.622903244101195,16.988903244101195,1.8
P027,SafeEnv,4.6,13.768,30.948434514277103,17.180434514277103,1.8
P027,SafeEnv,4.7,12.981,30.274125914874396,17.293125914874395,1.8
P027,SafeEnv,4.8,12.284,29.599984537681994,17.31598453768199,1.8
P027,SafeEnv,4.9,11.68,28.92601795431428,17.24601795431428,1.8
P027,SafeEnv,5.0,11.144,28.25223426035399,17.10823426035399,1.8
P027,SafeEnv,5.1,10.683,27.578642124676772,16.895642124676773,1.8
P027,SafeEnv,5.2,10.308,26.905250844703176,16.597250844703176,1.8
P027,SafeEnv,5.3,10.014,26.23207040845167,16.21807040845167,1.8
P027,SafeEnv,5.4,9.793,25.559111564420302,15.766111564420303,1.8
P027,SafeEnv,5.5,9.65,24.886385900509172,15.236385900509172,1.8
P027,SafeEnv,5.6,9.563,24.213905933421355,14.650905933421354,1.8
P027,SafeEnv,5.7,9.493,23.541685210252002,14.048685210252001,1.8
P027,SafeEnv,5.8,9.428,22.869738424309897,13.441738424309897,1.8
P027,SafeEnv,5.9,9.364,22.198081547625893,12.834081547625892,1.8
P027,SafeEnv,6.0,9.3,21.526731983109457,12.226731983109456,1.8
P027,SafeEnv,6.1,9.235,20.855708739945282,11.620708739945282,1.8
P027,SafeEnv,6.2,9.154,20.185032636608838,11.031032636608838,1.8
P027,SafeEnv,6.3,9.07,19.514726536871233,10.444726536871233,1.8
P027,SafeEnv,6.4,8.985,18.844815625418637,9.859815625418637,1.8
P027,SafeEnv,6.5,8.898,18.175327731311945,9.277327731311946,1.8
P027,SafeEnv,6.6,8.809,17.506293709569945,8.697293709569946,1.8
P027,SafeEnv,6.7,8.72,16.837747893823796,8.117747893823795,1.8
P027,SafeEnv,6.8,8.629,16.169728636472016,7.540728636472016,1.8
P027,SafeEnv,6.9,8.554,15.502278957355234,6.9482789573552335,1.8
P027,SafeEnv,7.0,8.516,14.835447328081303,6.319447328081303,1.8
P027,SafeEnv,7.1,8.503,14.16928862735038,5.666288627350379,1.8
P027,SafeEnv,7.2,8.529,13.503865313812884,4.974865313812884,1.8
P027,SafeEnv,7.3,8.602,12.839248878390325,4.237248878390325,1.8
P027,SafeEnv,7.4,8.731,12.175521659467233,3.4445216594672328,1.8
P027,SafeEnv,7.5,8.925,11.51277913474846,2.587779134748459,1.8
P027,SafeEnv,7.6,9.169,10.851132847235839,1.6821328472358381,1.8
P027,SafeEnv,7.7,9.395,10.190714186559411,0.7957141865594117,1.8
P027,SafeEnv,7.8,9.519,9.531679341812112,0.012679341812111389,1.8
P027,SafeEnv,7.9,9.549,8.874215886150868,-0.6747841138491317,1.8
P027,SafeEnv,8.0,9.526,8.218551677185953,-1.3074483228140465,1.8
P027,SafeEnv,8.1,9.474,7.564967113291307,-1.909032886708693,1.8
P027,SafeEnv,8.2,9.404,6.91381236858628,-2.49018763141372,1.8
P027,SafeEnv,8.3,9.332,6.265532212474196,-3.066467787525805,1.8
P027,SafeEnv,8.4,9.26,5.620702737513197,-3.639297262486803,1.8
P027,SafeEnv,8.5,9.189,4.980087442311045,-4.208912557688955,1.8
P027,SafeEnv,8.6,9.118,4.344726055142474,-4.773273944857526,1.8
P027,SafeEnv,8.7,9.047,3.716081376754161,-5.330918623245839,1.8
P027,SafeEnv,8.8,8.976,3.096294684642786,-5.879705315357215,1.8
P027,SafeEnv,8.9,8.905,2.488657619572784,-6.416342380427215,1.8
P027,SafeEnv,9.0,8.834,1.8985486100383417,-6.935451389961658,1.8
P027,SafeEnv,9.1,8.764,1.3354480023368822,-7.428551997663117,1.8
P027,SafeEnv,9.2,8.695,0.8176141774440433,-7.877385822555957,1.8
P027,SafeEnv,9.3,8.626,0.38277985322360103,-8.243220146776398,1.8
P027,SafeEnv,9.4,8.557,0.10010025964003912,-8.456899740359962,1.8
P027,SafeEnv,9.5,8.488,0.007308871081253958,-8.480691128918746,1.8
P027,SafeEnv,9.6,8.42,3.9173244888799566e-05,-8.41996082675511,1.8
P027,SafeEnv,9.7,8.353,1.1254996934439987e-09,-8.3529999988745,1.8
P027,SafeEnv,9.8,8.285,0.0,-8.285,1.8
P027,SafeEnv,9.9,8.218,0.0,-8.218,1.8
P027,SafeEnv,10.0,8.152,0.0,-8.152,1.8
P027,SafeEnv,10.1,8.085,0.0,-8.085,1.8
P027,SafeEnv,10.2,8.019,0.0,-8.019,1.8
P027,SafeEnv,10.3,7.954,0.0,-7.954,1.8
P027,SafeEnv,10.4,7.888,0.0,-7.888,1.8
P027,SafeEnv,10.5,7.823,0.0,-7.823,1.8
P027,SafeEnv,10.6,7.759,0.0,-7.759,1.8
P027,SafeEnv,10.7,7.694,0.0,-7.694,1.8
P027,SafeEnv,10.8,7.63,0.0,-7.63,1.8
P027,SafeEnv,10.9,7.567,0.0,-7.567,1.8
P027,SafeEnv,11.0,7.503,0.0,-7.503,1.8
P027,SafeEnv,11.1,7.44,0.0,-7.44,1.8
P027,SafeEnv,11.2,7.378,0.0,-7.378,1.8
P027,SafeEnv,11.3,7.315,0.0,-7.315,1.8
P027,SafeEnv,11.4,7.253,0.0,-7.253,1.8
P027,SafeEnv,11.5,7.192,0.0,-7.192,1.8
P027,SafeEnv,11.6,7.13,0.0,-7.13,1.8
P027,SafeEnv,11.7,7.069,0.0,-7.069,1.8
P027,SafeEnv,11.8,7.008,0.0,-7.008,1.8
P027,SafeEnv,11.9,6.948,0.0,-6.948,1.8
P027,SafeEnv,12.0,6.888,0.0,-6.888,1.8
P027,SafeEnv,12.1,6.828,0.0,-6.828,1.8
P027,SafeEnv,12.2,6.768,0.0,-6.768,1.8
P027,SafeEnv,12.3,6.709,0.0,-6.709,1.8
P027,SafeEnv,12.4,6.65,0.0,-6.65,1.8
P027,SafeEnv,12.5,6.591,0.0,-6.591,1.8
P027,SafeEnv,12.6,6.532,0.0,-6.532,1.8
P027,SafeEnv,12.7,6.474,0.0,-6.474,1.8
P027,SafeEnv,12.8,6.416,0.0,-6.416,1.8
P027,SafeEnv,12.9,6.358,0.0,-6.358,1.8
P027,SafeEnv,13.0,6.301,0.0,-6.301,1.8
P027,SafeEnv,13.1,6.244,0.0,-6.244,1.8
P027,SafeEnv,13.2,6.187,0.0,-6.187,1.8
P027,SafeEnv,13.3,6.13,0.0,-6.13,1.8
P027,SafeEnv,13.4,6.074,0.0,-6.074,1.8
P027,SafeEnv,13.5,6.018,0.0,-6.018,1.8
P027,SafeEnv,13.6,5.962,0.0,-5.962,1.8
P027,SafeEnv,13.7,5.906,0.0,-5.906,1.8
P027,SafeEnv,13.8,5.851,0.0,-5.851,1.8
P027,SafeEnv,13.9,5.795,0.0,-5.795,1.8
P027,SafeEnv,14.0,5.741,0.0,-5.741,1.8
P027,SafeEnv,14.1,5.686,0.0,-5.686,1.8
P027,SafeEnv,14.2,5.632,0.0,-5.632,1.8
P027,SafeEnv,14.3,5.578,0.0,-5.578,1.8
P027,SafeEnv,14.4,5.524,0.0,-5.524,1.8
P027,SafeEnv,14.5,5.47,0.0,-5.47,1.8
P027,SafeEnv,14.6,5.417,0.0,-5.417,1.8
P027,SafeEnv,14.7,5.365,0.0,-5.365,1.8
P027,SafeEnv,14.8,5.312,0.0,-5.312,1.8
P027,SafeEnv,14.9,5.26,0.0,-5.26,1.8
P027,SafeEnv,15.0,5.208,0.0,-5.208,1.8
P027,SafeEnv,15.1,5.157,0.0,-5.157,1.8
P027,SafeEnv,15.2,5.105,0.0,-5.105,1.8
P027,SafeEnv,15.3,5.054,0.0,-5.054,1.8
P027,SafeEnv,15.4,5.005,0.0,-5.005,1.8
P027,SafeEnv,15.5,4.956,0.0,-4.956,1.8
P027,SafeEnv,15.6,4.908,0.0,-4.908,1.8
P027,SafeEnv,15.7,4.865,0.0,-4.865,1.8
P027,SafeEnv,15.8,4.833,0.0,-4.833,1.8
P027,SafeEnv,15.9,4.827,0.0,-4.827,1.8
P027,CGP,0.0,35.097,35.097,0.0,1.8
P027,CGP,0.1,35.001,35.000795454545454,-0.00020454545454384743,1.8
P027,CGP,0.2,34.905,34.90459090909091,-0.00040909090908769485,1.8
P027,CGP,0.3,34.809,34.808386363636366,-0.0006136363636315423,1.8
P027,CGP,0.4,34.713,34.71218181818182,-0.0008181818181824951,1.8
P027,CGP,0.5,34.618,34.61597727272727,-0.0020227272727311174,1.8
P027,CGP,0.6,34.523,34.51977272727272,-0.0032272727272797397,1.8
P027,CGP,0.7,34.427,34.423568181818176,-0.003431818181823587,1.8
P027,CGP,0.8,34.332,34.32736363636363,-0.004636363636372209,1.8
P027,CGP,0.9,34.238,34.23115909090908,-0.006840909090918501,1.8
P027,CGP,1.0,34.143,34.13495454545454,-0.008045454545460018,1.8
P027,CGP,1.1,34.048,34.03874999999999,-0.00925000000000864,1.8
P027,CGP,1.2,33.954,33.942545454545446,-0.011454545454554932,1.8
P027,CGP,1.3,33.859,33.8463409090909,-0.012659090909103554,1.8
P027,CGP,1.4,33.765,33.75013636363635,-0.014863636363649846,1.8
P027,CGP,1.5,33.671,33.6539318181818,-0.017068181818196138,1.8
P027,CGP,1.6,33.577,33.557727272727256,-0.01927272727274243,1.8
P027,CGP,1.7,33.484,33.461522727272715,-0.02247727272728639,1.8
P027,CGP,1.8,33.378,33.36531818181817,-0.012681818181832227,1.8
P027,CGP,1.9,33.215,32.951232811630014,-0.26376718836998947,1.8
P027,CGP,2.0,32.994,32.53714744144186,-0.4568525585581398,1.8
P027,CGP,2.1,32.727,32.123062071253706,-0.6039379287462907,1.8
P027,CGP,2.2,32.396,31.70897670106555,-0.6870232989344522,1.8
P027,CGP,2.3,31.998,31.294891330877395,-0.7031086691226065,1.8
P027,CGP,2.4,31.525,30.88080596068924,-0.6441940393107579,1.8
P027,CGP,2.5,31.001,30.466720590501087,-0.5342794094989145,1.8
P027,CGP,2.6,30.44,30.052635220312933,-0.3873647796870685,1.8
P027,CGP,2.7,29.854,29.638549850124775,-0.21545014987522393,1.8
P027,CGP,2.8,29.256,29.22446447993662,-0.0315355200633789,1.8
P027,CGP,2.9,28.648,28.810379109748467,0.1623791097484677,1.8
P027,CGP,3.0,28.027,28.396293739560313,0.3692937395603124,1.8
P027,CGP,3.1,27.378,27.98220836937216,0.6042083693721594,1.8
P027,CGP,3.2,26.657,27.568122999184006,0.9111229991840055,1.8
P027,CGP,3.3,25.856,27.15403762899585,1.29803762899585,1.8
P027,CGP,3.4,24.999,26.739952258807698,1.7409522588076989,1.8
P027,CGP,3.5,24.099,26.325866888619544,2.2268668886195435,1.8
P027,CGP,3.6,23.174,25.91178151843139,2.7377815184313903,1.8
P027,CGP,3.7,22.23,25.497696148243232,3.267696148243232,1.8
P027,CGP,3.8,21.281,25.08361077805508,3.8026107780550795,1.8
P027,CGP,3.9,20.331,24.669525407866924,4.338525407866925,1.8
P027,CGP,4.0,19.382,24.25544003767877,4.873440037678769,1.8
P027,CGP,4.1,18.438,23.841354667490616,5.403354667490618,1.8
P027,CGP,4.2,17.489,23.427269297302463,5.938269297302462,1.8
P027,CGP,4.3,16.527,23.01318392711431,6.486183927114308,1.8
P027,CGP,4.4,15.564,22.599098556926155,7.035098556926155,1.8
P027,CGP,4.5,14.634,22.185013186738,7.551013186738,1.8
P027,CGP,4.6,13.768,21.770927816549843,8.002927816549843,1.8
P027,CGP,4.7,12.981,21.356842446361686,8.375842446361686,1.8
P027,CGP,4.8,12.284,20.942757076173528,8.658757076173528,1.8
P027,CGP,4.9,11.68,20.528671705985374,8.848671705985375,1.8
P027,CGP,5.0,11.144,20.114586335797217,8.970586335797217,1.8
P027,CGP,5.1,10.683,19.70050096560906,9.01750096560906,1.8
P027,CGP,5.2,10.308,19.286415595420902,8.978415595420902,1.8
P027,CGP,5.3,10.014,18.872330225232744,8.858330225232745,1.8
P027,CGP,5.4,9.793,18.45824485504459,8.665244855044591,1.8
P027,CGP,5.5,9.65,18.044159484856433,8.394159484856432,1.8
P027,CGP,5.6,9.563,17.630074114668275,8.067074114668275,1.8
P027,CGP,5.7,9.493,17.215988744480118,7.7229887444801175,1.8
P027,CGP,5.8,9.428,16.80190337429196,7.3739033742919595,1.8
P027,CGP,5.9,9.364,16.387818004103806,7.023818004103806,1.8
P027,CGP,6.0,9.3,15.973732633915649,6.673732633915648,1.8
P027,CGP,6.1,9.235,15.559647263727491,6.324647263727492,1.8
P027,CGP,6.2,9.154,15.145561893539336,5.991561893539336,1.8
P027,CGP,6.3,9.07,14.731476523351178,5.661476523351178,1.8
P027,CGP,6.4,8.985,14.317391153163022,5.332391153163023,1.8
P027,CGP,6.5,8.898,13.903305782974865,5.005305782974865,1.8
P027,CGP,6.6,8.809,13.489220412786707,4.680220412786708,1.8
P027,CGP,6.7,8.72,13.075135042598552,4.355135042598551,1.8
P027,CGP,6.8,8.629,12.661049672410394,4.032049672410395,1.8
P027,CGP,6.9,8.554,12.246964302222239,3.6929643022222383,1.8
P027,CGP,7.0,8.516,11.832878932034081,3.316878932034081,1.8
P027,CGP,7.1,8.503,11.418793561845925,2.915793561845925,1.8
P027,CGP,7.2,8.529,11.004708191657768,2.475708191657768,1.8
P027,CGP,7.3,8.602,10.590622821469612,1.9886228214696118,1.8
P027,CGP,7.4,8.731,10.176537451281456,1.4455374512814565,1.8
P027,CGP,7.5,8.925,9.7624520810933,0.8374520810932999,1.8
P027,CGP,7.6,9.169,9.348366710905145,0.17936671090514444,1.8
P027,CGP,7.7,9.395,8.934281340716991,-0.4607186592830086,1.8
P027,CGP,7.8,9.519,8.520195970528835,-0.9988040294711649,1.8
P027,CGP,7.9,9.549,8.10611060034068,-1.44288939965932,1.8
P027,CGP,8.0,9.526,7.692025230152524,-1.833974769847476,1.8
P027,CGP,8.1,9.474,7.277939859964368,-2.196060140035632,1.8
P027,CGP,8.2,9.404,6.863854489776212,-2.5401455102237875,1.8
P027,CGP,8.3,9.332,6.4497691195880575,-2.882230880411943,1.8
P027,CGP,8.4,9.26,6.035683749399902,-3.224316250600098,1.8
P027,CGP,8.5,9.189,5.621598379211746,-3.567401620788254,1.8
P027,CGP,8.6,9.118,5.20751300902359,-3.91048699097641,1.8
P027,CGP,8.7,9.047,4.793427638835435,-4.253572361164566,1.8
P027,CGP,8.8,8.976,4.37934226864728,-4.596657731352721,1.8
P027,CGP,8.9,8.905,3.965256898459124,-4.939743101540875,1.8
P027,CGP,9.0,8.834,3.5511715282709684,-5.282828471729031,1.8
P027,CGP,9.1,8.764,3.137086158082813,-5.626913841917187,1.8
P027,CGP,9.2,8.695,2.7230007878946574,-5.971999212105343,1.8
P027,CGP,9.3,8.626,2.308915417706502,-6.317084582293497,1.8
P027,CGP,9.4,8.557,1.8948300475183464,-6.662169952481654,1.8
P027,CGP,9.5,8.488,1.4807446773301909,-7.007255322669809,1.8
P027,CGP,9.6,8.42,1.0666593071420354,-7.353340692857964,1.8
P027,CGP,9.7,8.353,0.6525739369538797,-7.70042606304612,1.8
P027,CGP,9.8,8.285,0.23848856676572394,-8.046511433234276,1.8
P027,CGP,9.9,8.218,0.0,-8.218,1.8
P027,CGP,10.0,8.152,0.0,-8.152,1.8
P027,CGP,10.1,8.085,0.0,-8.085,1.8
P027,CGP,10.2,8.019,0.0,-8.019,1.8
P027,CGP,10.3,7.954,0.0,-7.954,1.8
P027,CGP,10.4,7.888,0.0,-7.888,1.8
P027,CGP,10.5,7.823,0.0,-7.823,1.8
P027,CGP,10.6,7.759,0.0,-7.759,1.8
P027,CGP,10.7,7.694,0.0,-7.694,1.8
P027,CGP,10.8,7.63,0.0,-7.63,1.8
P027,CGP,10.9,7.567,0.0,-7.567,1.8
P027,CGP,11.0,7.503,0.0,-7.503,1.8
P027,CGP,11.1,7.44,0.0,-7.44,1.8
P027,CGP,11.2,7.378,0.0,-7.378,1.8
P027,CGP,11.3,7.315,0.0,-7.315,1.8
P027,CGP,11.4,7.253,0.0,-7.253,1.8
P027,CGP,11.5,7.192,0.0,-7.192,1.8
P027,CGP,11.6,7.13,0.0,-7.13,1.8
P027,CGP,11.7,7.069,0.0,-7.069,1.8
P027,CGP,11.8,7.008,0.0,-7.008,1.8
P027,CGP,11.9,6.948,0.0,-6.948,1.8
P027,CGP,12.0,6.888,0.0,-6.888,1.8
P027,CGP,12.1,6.828,0.0,-6.828,1.8
P027,CGP,12.2,6.768,0.0,-6.768,1.8
P027,CGP,12.3,6.709,0.0,-6.709,1.8
P027,CGP,12.4,6.65,0.0,-6.65,1.8
P027,CGP,12.5,6.591,0.0,-6.591,1.8
P027,CGP,12.6,6.532,0.0,-6.532,1.8
P027,CGP,12.7,6.474,0.0,-6.474,1.8
P027,CGP,12.8,6.416,0.0,-6.416,1.8
P027,CGP,12.9,6.358,0.0,-6.358,1.8
P027,CGP,13.0,6.301,0.0,-6.301,1.8
P027,CGP,13.1,6.244,0.0,-6.244,1.8
P027,CGP,13.2,6.187,0.0,-6.187,1.8
P027,CGP,13.3,6.13,0.0,-6.13,1.8
P027,CGP,13.4,6.074,0.0,-6.074,1.8
P027,CGP,13.5,6.018,0.0,-6.018,1.8
P027,CGP,13.6,5.962,0.0,-5.962,1.8
P027,CGP,13.7,5.906,0.0,-5.906,1.8
P027,CGP,13.8,5.851,0.0,-5.851,1.8
P027,CGP,13.9,5.795,0.0,-5.795,1.8
P027,CGP,14.0,5.741,0.0,-5.741,1.8
P027,CGP,14.1,5.686,0.0,-5.686,1.8
P027,CGP,14.2,5.632,0.0,-5.632,1.8
P027,CGP,14.3,5.578,0.0,-5.578,1.8
P027,CGP,14.4,5.524,0.0,-5.524,1.8
P027,CGP,14.5,5.47,0.0,-5.47,1.8
P027,CGP,14.6,5.417,0.0,-5.417,1.8
P027,CGP,14.7,5.365,0.0,-5.365,1.8
P027,CGP,14.8,5.312,0.0,-5.312,1.8
P027,CGP,14.9,5.26,0.0,-5.26,1.8
P027,CGP,15.0,5.208,0.0,-5.208,1.8
P027,CGP,15.1,5.157,0.0,-5.157,1.8
P027,CGP,15.2,5.105,0.0,-5.105,1.8
P027,CGP,15.3,5.054,0.0,-5.054,1.8
P027,CGP,15.4,5.005,0.0,-5.005,1.8
P027,CGP,15.5,4.956,0.0,-4.956,1.8
P027,CGP,15.6,4.908,0.0,-4.908,1.8
P027,CGP,15.7,4.865,0.0,-4.865,1.8
P027,CGP,15.8,4.833,0.0,-4.833,1.8
P027,CGP,15.9,4.827,0.0,-4.827,1.8
P028,ConstDecel,0.0,29.502,29.502,0.0,7.4
P028,ConstDecel,0.1,29.542,29.312642306932368,-0.22935769306763376,7.4
P028,ConstDecel,0.2,29.59,29.123284613864733,-0.46671538613526664,7.4
P028,ConstDecel,0.3,29.644,28.933926920797102,-0.7100730792028962,7.4
P028,ConstDecel,0.4,29.706,28.74456922772947,-0.9614307722705284,7.4
P028,ConstDecel,0.5,29.777,28.555211534661836,-1.2217884653381645,7.4
P028,ConstDecel,0.6,29.873,28.365853841594205,-1.5071461584057957,7.4
P028,ConstDecel,0.7,29.979,28.176496148526574,-1.8025038514734248,7.4
P028,ConstDecel,0.8,30.079,27.987138455458936,-2.0918615445410644,7.4
P028,ConstDecel,0.9,30.155,27.797780762391305,-2.357219237608696,7.4
P028,ConstDecel,1.0,30.194,27.608423069323674,-2.585576930676325,7.4
P028,ConstDecel,1.1,30.203,27.41906537625604,-2.78393462374396,7.4
P028,ConstDecel,1.2,30.194,27.22970768318841,-2.9642923168115907,7.4
P028,ConstDecel,1.3,30.172,27.040349990120777,-3.1316500098792233,7.4
P028,ConstDecel,1.4,30.138,26.850992297053143,-3.287007702946859,7.4
P028,ConstDecel,1.5,30.091,26.66163460398551,-3.4293653960144894,7.4
P028,ConstDecel,1.6,30.032,26.47227691091788,-3.5597230890821194,7.4
P028,ConstDecel,1.7,29.966,26.282919217850242,-3.6830807821497586,7.4
P028,ConstDecel,1.8,29.9,26.09356152478261,-3.806438475217387,7.4
P028,ConstDecel,1.9,29.833,25.90420383171498,-3.928796168285018,7.4
P028,ConstDecel,2.0,29.766,25.714846138647346,-4.0511538613526525,7.4
P028,ConstDecel,2.1,29.698,25.525488445579715,-4.172511554420286,7.4
P028,ConstDecel,2.2,29.627,25.336130752512084,-4.290869247487915,7.4
P028,ConstDecel,2.3,29.553,25.146773059444453,-4.406226940555548,7.4
P028,ConstDecel,2.4,29.476,24.957415366376814,-4.518584633623185,7.4
P028,ConstDecel,2.5,29.397,24.768057673309183,-4.628942326690815,7.4
P028,ConstDecel,2.6,29.313,24.57869998024155,-4.73430001975845,7.4
P028,ConstDecel,2.7,29.22,24.389342287173918,-4.830657712826081,7.4
P028,ConstDecel,2.8,29.121,24.199984594106287,-4.921015405893712,7.4
P028,ConstDecel,2.9,29.022,24.010626901038655,-5.011373098961343,7.4
P028,ConstDecel,3.0,28.921,23.82126920797102,-5.0997307920289785,7.4
P028,ConstDecel,3.1,28.822,23.63191151490339,-5.190088485096609,7.4
P028,ConstDecel,3.2,28.722,23.44255382183575,-5.27944617816425,7.4
P028,ConstDecel,3.3,28.623,23.25319612876812,-5.3698038712318805,7.4
P028,ConstDecel,3.4,28.523,23.06383843570049,-5.45916156429951,7.4
P028,ConstDecel,3.5,28.424,22.87448074263286,-5.549519257367141,7.4
P028,ConstDecel,3.6,28.326,22.685123049565224,-5.640876950434777,7.4
P028,ConstDecel,3.7,28.227,22.495765356497593,-5.7312346435024075,7.4
P028,ConstDecel,3.8,28.128,22.30640766342996,-5.821592336570038,7.4
P028,ConstDecel,3.9,28.03,22.117049970362327,-5.912950029637674,7.4
P028,ConstDecel,4.0,27.932,21.927692277294696,-6.0043077227053026,7.4
P028,ConstDecel,4.1,27.834,21.73833458422706,-6.095665415772938,7.4
P028,ConstDecel,4.2,27.737,21.548976891159427,-6.1880231088405715,7.4
P028,ConstDecel,4.3,27.64,21.359619198091796,-6.280380801908205,7.4
P028,ConstDecel,4.4,27.542,21.17026150502416,-6.37173849497584,7.4
P028,ConstDecel,4.5,27.446,20.98090381195653,-6.465096188043471,7.4
P028,ConstDecel,4.6,27.349,20.7915461188889,-6.557453881111101,7.4
P028,ConstDecel,4.7,27.252,20.60218842582126,-6.649811574178738,7.4
P028,ConstDecel,4.8,27.156,20.41283073275363,-6.743169267246369,7.4
P028,ConstDecel,4.9,27.06,20.223473039686,-6.836526960314,7.4
P028,ConstDecel,5.0,26.964,20.034115346618368,-6.929884653381631,7.4
P028,ConstDecel,5.1,26.868,19.844757653550733,-7.0232423464492655,7.4
P028,ConstDecel,5.2,26.773,19.655399960483102,-7.117600039516898,7.4
P028,ConstDecel,5.3,26.678,19.466042267415467,-7.211957732584533,7.4
P028,ConstDecel,5.4,26.583,19.276684574347836,-7.306315425652162,7.4
P028,ConstDecel,5.5,26.488,19.087326881280205,-7.400673118719794,7.4
P028,ConstDecel,5.6,26.393,18.89796918821257,-7.49503081178743,7.4
P028,ConstDecel,5.7,26.298,18.708611495144936,-7.589388504855062,7.4
P028,ConstDecel,5.8,26.204,18.519253802077305,-7.684746197922696,7.4
P028,ConstDecel,5.9,26.11,18.329896109009674,-7.7801038909903255,7.4
P028,ConstDecel,6.0,26.016,18.14053841594204,-7.875461584057959,7.4
P028,ConstDecel,6.1,25.922,17.95118072287441,-7.970819277125592,7.4
P028,ConstDecel,6.2,25.829,17.761823029806774,-8.067176970193227,7.4
P028,ConstDecel,6.3,25.735,17.572465336739143,-8.162534663260857,7.4
P028,ConstDecel,6.4,25.642,17.383107643671508,-8.258892356328492,7.4
P028,ConstDecel,6.5,25.549,17.193749950603877,-8.355250049396123,7.4
P028,ConstDecel,6.6,25.457,17.004392257536246,-8.452607742463755,7.4
P028,ConstDecel,6.7,25.358,16.815034564468608,-8.542965435531393,7.4
P028,ConstDecel,6.8,25.195,16.625676871400977,-8.569323128599024,7.4
P028,ConstDecel,6.9,24.908,16.436319178333346,-8.471680821666656,7.4
P028,ConstDecel,7.0,24.494,16.246961485265714,-8.247038514734285,7.4
P028,ConstDecel,7.1,23.992,16.05760379219808,-7.934396207801921,7.4
P028,ConstDecel,7.2,23.41,15.868246099130447,-7.541753900869553,7.4
P028,ConstDecel,7.3,22.739,15.678888406062816,-7.060111593937185,7.4
P028,ConstDecel,7.4,21.973,15.489530712995181,-6.483469287004818,7.4
P028,ConstDecel,7.5,21.1,15.300173019927549,-5.799826980072453,7.4
P028,ConstDecel,7.6,20.112,15.110815326859917,-5.001184673140081,7.4
P028,ConstDecel,7.7,19.033,14.921457633792285,-4.111542366207717,7.4
P028,ConstDecel,7.8,17.877,14.73209994072465,-3.144900059275349,7.4
P028,ConstDecel,7.9,16.642,14.542742247657017,-2.0992577523429823,7.4
P028,ConstDecel,8.0,15.299,14.353384554589386,-0.9456154454106134,7.4
P028,ConstDecel,8.1,13.707,14.164026861521755,0.4570268615217543,7.4
P028,ConstDecel,8.2,11.943,13.974669168454122,2.0316691684541226,7.4
P028,ConstDecel,8.3,10.071,13.785311475386486,3.714311475386486,7.4
P028,ConstDecel,8.4,8.131,13.595953782318855,5.4649537823188545,7.4
P028,ConstDecel,8.5,6.129,13.406596089251224,7.277596089251224,7.4
P028,ConstDecel,8.6,4.064,13.217238396183589,9.153238396183589,7.4
P028,ConstDecel,8.7,1.947,13.027880703115958,11.080880703115959,7.4
P028,ConstDecel,8.8,0.166,12.838523010048323,12.672523010048323,7.4
P028,SafeEnv,0.0,29.502,29.502,0.0,7.4
P028,SafeEnv,0.1,29.542,29.502,-0.0400000000000027,7.4
P028,SafeEnv,0.2,29.59,29.502,-0.08800000000000097,7.4
P028,SafeEnv,0.3,29.644,29.502,-0.14199999999999946,7.4
P028,SafeEnv,0.4,29.706,29.502,-0.20400000000000063,7.4
P028,SafeEnv,0.5,29.777,29.502,-0.27500000000000213,7.4
P028,SafeEnv,0.6,29.873,29.502,-0.3710000000000022,7.4
P028,SafeEnv,0.7,29.979,29.502,-0.4770000000000003,7.4
P028,SafeEnv,0.8,30.079,29.502,-0.5770000000000017,7.4
P028,SafeEnv,0.9,30.155,29.502,-0.6530000000000022,7.4
P028,SafeEnv,1.0,30.194,29.502,-0.6920000000000002,7.4
P028,SafeEnv,1.1,30.203,29.502,-0.7010000000000005,7.4
P028,SafeEnv,1.2,30.194,29.502,-0.6920000000000002,7.4
P028,SafeEnv,1.3,30.172,29.502,-0.6700000000000017,7.4
P028,SafeEnv,1.4,30.138,29.502,-0.6360000000000028,7.4
P028,SafeEnv,1.5,30.091,29.502,-0.5890000000000022,7.4
P028,SafeEnv,1.6,30.032,29.502,-0.5300000000000011,7.4
P028,SafeEnv,1.7,29.966,29.502,-0.4640000000000022,7.4
P028,SafeEnv,1.8,29.9,29.502,-0.3979999999999997,7.4
P028,SafeEnv,1.9,29.833,29.502,-0.3309999999999995,7.4
P028,SafeEnv,2.0,29.766,29.502,-0.26399999999999935,7.4
P028,SafeEnv,2.1,29.698,29.502,-0.1960000000000015,7.4
P028,SafeEnv,2.2,29.627,29.502,-0.125,7.4
P028,SafeEnv,2.3,29.553,29.502,-0.05100000000000193,7.4
P028,SafeEnv,2.4,29.476,29.502,0.0259999999999998,7.4
P028,SafeEnv,2.5,29.397,29.502,0.10500000000000043,7.4
P028,SafeEnv,2.6,29.313,29.502,0.18900000000000006,7.4
P028,SafeEnv,2.7,29.22,29.502,0.28200000000000003,7.4
P028,SafeEnv,2.8,29.121,29.502,0.3810000000000002,7.4
P028,SafeEnv,2.9,29.022,29.502,0.4800000000000004,7.4
P028,SafeEnv,3.0,28.921,29.502,0.5809999999999995,7.4
P028,SafeEnv,3.1,28.822,29.502,0.6799999999999997,7.4
P028,SafeEnv,3.2,28.722,29.502,0.7799999999999976,7.4
P028,SafeEnv,3.3,28.623,29.502,0.8789999999999978,7.4
P028,SafeEnv,3.4,28.523,29.502,0.9789999999999992,7.4
P028,SafeEnv,3.5,28.424,29.502,1.0779999999999994,7.4
P028,SafeEnv,3.6,28.326,29.502,1.1759999999999984,7.4
P028,SafeEnv,3.7,28.227,29.502,1.2749999999999986,7.4
P028,SafeEnv,3.8,28.128,29.502,1.3739999999999988,7.4
P028,SafeEnv,3.9,28.03,29.502,1.4719999999999978,7.4
P028,SafeEnv,4.0,27.932,29.502,1.5700000000000003,7.4
P028,SafeEnv,4.1,27.834,29.502,1.6679999999999993,7.4
P028,SafeEnv,4.2,27.737,29.502,1.7650000000000006,7.4
P028,SafeEnv,4.3,27.64,29.502,1.8619999999999983,7.4
P028,SafeEnv,4.4,27.542,29.502,1.9599999999999973,7.4
P028,SafeEnv,4.5,27.446,29.502,2.0559999999999974,7.4
P028,SafeEnv,4.6,27.349,29.502,2.1529999999999987,7.4
P028,SafeEnv,4.7,27.252,29.502,2.25,7.4
P028,SafeEnv,4.8,27.156,29.502,2.346,7.4
P028,SafeEnv,4.9,27.06,29.502,2.442,7.4
P028,SafeEnv,5.0,26.964,29.502,2.5380000000000003,7.4
P028,SafeEnv,5.1,26.868,29.502,2.6340000000000003,7.4
P028,SafeEnv,5.2,26.773,29.502,2.728999999999999,7.4
P028,SafeEnv,5.3,26.678,29.502,2.823999999999998,7.4
P028,SafeEnv,5.4,26.583,29.502,2.9190000000000005,7.4
P028,SafeEnv,5.5,26.488,29.502,3.0139999999999993,7.4
P028,SafeEnv,5.6,26.393,29.502,3.108999999999998,7.4
P028,SafeEnv,5.7,26.298,29.008406856228685,2.710406856228687,7.4
P028,SafeEnv,5.8,26.204,28.334600349240294,2.130600349240293,7.4
P028,SafeEnv,5.9,26.11,27.660984308130217,1.550984308130218,7.4
P028,SafeEnv,6.0,26.016,26.987567950289687,0.971567950289689,7.4
P028,SafeEnv,6.1,25.922,26.31436117572352,0.3923611757235186,7.4
P028,SafeEnv,6.2,25.829,25.64137463591355,-0.18762536408645047,7.4
P028,SafeEnv,6.3,25.735,24.96861981156369,-0.7663801884363082,7.4
P028,SafeEnv,6.4,25.642,24.29610910063398,-1.3458908993660188,7.4
P028,SafeEnv,6.5,25.549,23.62385591833728,-1.9251440816627188,7.4
P028,SafeEnv,6.6,25.457,22.951874811098044,-2.505125188901957,7.4
P028,SafeEnv,6.7,25.358,22.28018158687302,-3.0778184131269803,7.4
P028,SafeEnv,6.8,25.195,21.608793464726958,-3.5862065352730426,7.4
P028,SafeEnv,6.9,24.908,20.937729247170328,-3.9702707528296735,7.4
P028,SafeEnv,7.0,24.494,20.267009519532312,-4.226990480467688,7.4
P028,SafeEnv,7.1,23.992,19.59665688160487,-4.395343118395132,7.4
P028,SafeEnv,7.2,23.41,18.926696218013582,-4.483303781986418,7.4
P028,SafeEnv,7.3,22.739,18.257155015322905,-4.481844984677096,7.4
P028,SafeEnv,7.4,21.973,17.58806373587874,-4.384936264121258,7.4
P028,SafeEnv,7.5,21.1,16.919456260971177,-4.180543739028824,7.4
P028,SafeEnv,7.6,20.112,16.2513704192686,-3.8606295807313984,7.4
P028,SafeEnv,7.7,19.033,15.583848620908856,-3.4491513790911448,7.4
P028,SafeEnv,7.8,17.877,14.916938623532086,-2.9600613764679125,7.4
P028,SafeEnv,7.9,16.642,14.25069446446079,-2.3913055355392103,7.4
P028,SafeEnv,8.0,15.299,13.58517760399707,-1.7138223960029286,7.4
P028,SafeEnv,8.1,13.707,12.920458339602849,-0.7865416603971518,7.4
P028,SafeEnv,8.2,11.943,12.256617571334958,0.3136175713349587,7.4
P028,SafeEnv,8.3,10.071,11.593749028010214,1.5227490280102138,7.4
P028,SafeEnv,8.4,8.131,10.93196210530386,2.80096210530386,7.4
P028,SafeEnv,8.5,6.129,10.27138552782122,4.1423855278212205,7.4
P028,SafeEnv,8.6,4.064,9.612172137498858,5.548172137498858,7.4
P028,SafeEnv,8.7,1.947,8.95450524747622,7.00750524747622,7.4
P028,SafeEnv,8.8,0.166,8.298607212345344,8.132607212345343,7.4
P028,CGP,0.0,29.502,29.502,0.0,7.4
P028,CGP,0.1,29.542,29.502,-0.0400000000000027,7.4
P028,CGP,0.2,29.59,29.502,-0.08800000000000097,7.4
P028,CGP,0.3,29.644,29.502,-0.14199999999999946,7.4
P028,CGP,0.4,29.706,29.502,-0.20400000000000063,7.4
P028,CGP,0.5,29.777,29.502,-0.27500000000000213,7.4
P028,CGP,0.6,29.873,29.502,-0.3710000000000022,7.4
P028,CGP,0.7,29.979,29.502,-0.4770000000000003,7.4
P028,CGP,0.8,30.079,29.502,-0.5770000000000017,7.4
P028,CGP,0.9,30.155,29.502,-0.6530000000000022,7.4
P028,CGP,1.0,30.194,29.502,-0.6920000000000002,7.4
P028,CGP,1.1,30.203,29.502,-0.7010000000000005,7.4
P028,CGP,1.2,30.194,29.502,-0.6920000000000002,7.4
P028,CGP,1.3,30.172,29.502,-0.6700000000000017,7.4
P028,CGP,1.4,30.138,29.502,-0.6360000000000028,7.4
P028,CGP,1.5,30.091,29.502,-0.5890000000000022,7.4
P028,CGP,1.6,30.032,29.502,-0.5300000000000011,7.4
P028,CGP,1.7,29.966,29.502,-0.4640000000000022,7.4
P028,CGP,1.8,29.9,29.502,-0.3979999999999997,7.4
P028,CGP,1.9,29.833,29.502,-0.3309999999999995,7.4
P028,CGP,2.0,29.766,29.502,-0.26399999999999935,7.4
P028,CGP,2.1,29.698,29.502,-0.1960000000000015,7.4
P028,CGP,2.2,29.627,29.502,-0.125,7.4
P028,CGP,2.3,29.553,29.502,-0.05100000000000193,7.4
P028,CGP,2.4,29.476,29.502,0.0259999999999998,7.4
P028,CGP,2.5,29.397,29.502,0.10500000000000043,7.4
P028,CGP,2.6,29.313,29.502,0.18900000000000006,7.4
P028,CGP,2.7,29.22,29.502,0.28200000000000003,7.4
P028,CGP,2.8,29.121,29.502,0.3810000000000002,7.4
P028,CGP,2.9,29.022,29.502,0.4800000000000004,7.4
P028,CGP,3.0,28.921,29.502,0.5809999999999995,7.4
P028,CGP,3.1,28.822,29.502,0.6799999999999997,7.4
P028,CGP,3.2,28.722,29.502,0.7799999999999976,7.4
P028,CGP,3.3,28.623,29.502,0.8789999999999978,7.4
P028,CGP,3.4,28.523,29.502,0.9789999999999992,7.4
P028,CGP,3.5,28.424,29.502,1.0779999999999994,7.4
P028,CGP,3.6,28.326,29.502,1.1759999999999984,7.4
P028,CGP,3.7,28.227,29.502,1.2749999999999986,7.4
P028,CGP,3.8,28.128,29.502,1.3739999999999988,7.4
P028,CGP,3.9,28.03,29.502,1.4719999999999978,7.4
P028,CGP,4.0,27.932,29.502,1.5700000000000003,7.4
P028,CGP,4.1,27.834,29.502,1.6679999999999993,7.4
P028,CGP,4.2,27.737,29.502,1.7650000000000006,7.4
P028,CGP,4.3,27.64,29.502,1.8619999999999983,7.4
P028,CGP,4.4,27.542,29.502,1.9599999999999973,7.4
P028,CGP,4.5,27.446,29.502,2.0559999999999974,7.4
P028,CGP,4.6,27.349,29.502,2.1529999999999987,7.4
P028,CGP,4.7,27.252,29.502,2.25,7.4
P028,CGP,4.8,27.156,29.502,2.346,7.4
P028,CGP,4.9,27.06,29.502,2.442,7.4
P028,CGP,5.0,26.964,29.502,2.5380000000000003,7.4
P028,CGP,5.1,26.868,29.502,2.6340000000000003,7.4
P028,CGP,5.2,26.773,29.502,2.728999999999999,7.4
P028,CGP,5.3,26.678,29.502,2.823999999999998,7.4
P028,CGP,5.4,26.583,29.502,2.9190000000000005,7.4
P028,CGP,5.5,26.488,29.502,3.0139999999999993,7.4
P028,CGP,5.6,26.393,29.502,3.108999999999998,7.4
P028,CGP,5.7,26.298,29.008406856228685,2.710406856228687,7.4
P028,CGP,5.8,26.204,28.334600349240294,2.130600349240293,7.4
P028,CGP,5.9,26.11,27.660793842251902,1.5507938422519025,7.4
P028,CGP,6.0,26.016,26.98698733526351,0.9709873352635121,7.4
P028,CGP,6.1,25.922,26.31318082827512,0.39118082827511813,7.4
P028,CGP,6.2,25.829,25.639374321286727,-0.18962567871327352,7.4
P028,CGP,6.3,25.735,24.965567814298335,-0.7694321857016639,7.4
P028,CGP,6.4,25.642,24.291761307309944,-1.3502386926900556,7.4
P028,CGP,6.5,25.549,23.617954800321552,-1.9310451996784472,7.4
P028,CGP,6.6,25.457,22.94414829333316,-2.51285170666684,7.4
P028,CGP,6.7,25.358,22.27034178634477,-3.0876582136552315,7.4
P028,CGP,6.8,25.195,21.596535279356377,-3.598464720643623,7.4
P028,CGP,6.9,24.908,20.922728772367986,-3.9852712276320155,7.4
P028,CGP,7.0,24.494,20.248922265379598,-4.245077734620402,7.4
P028,CGP,7.1,23.992,19.575115758391206,-4.416884241608795,7.4
P028,CGP,7.2,23.41,18.901309251402814,-4.508690748597186,7.4
P028,CGP,7.3,22.739,18.227502744414423,-4.511497255585578,7.4
P028,CGP,7.4,21.973,17.55369623742603,-4.419303762573968,7.4
P028,CGP,7.5,21.1,16.53898063952855,-4.561019360471452,7.4
P028,CGP,7.6,20.112,15.314520049072268,-4.79747995092773,7.4
P028,CGP,7.7,19.033,14.090059458615988,-4.942940541384013,7.4
P028,CGP,7.8,17.877,12.865598868159708,-5.011401131840291,7.4
P028,CGP,7.9,16.642,11.641138277703428,-5.000861722296571,7.4
P028,CGP,8.0,15.299,10.416677687247148,-4.8823223127528514,7.4
P028,CGP,8.1,13.707,9.192217096790868,-4.514782903209133,7.4
P028,CGP,8.2,11.943,7.967756506334588,-3.9752434936654115,7.4
P028,CGP,8.3,10.071,6.743295915878307,-3.3277040841216925,7.4
P028,CGP,8.4,8.131,5.518835325422027,-2.612164674577973,7.4
P028,CGP,8.5,6.129,4.294374734965748,-1.8346252650342514,7.4
P028,CGP,8.6,4.064,3.0699141445094686,-0.9940858554905314,7.4
P028,CGP,8.7,1.947,1.8454535540531891,-0.10154644594681095,7.4
P028,CGP,8.8,0.166,0.6209929635969096,0.45499296359690955,7.4
P029,ConstDecel,0.0,29.991,29.991,0.0,4.5
P029,ConstDecel,0.1,30.141,29.79629098150925,-0.34470901849074664,4.5
P029,ConstDecel,0.2,30.312,29.6015819630185,-0.7104180369815012,4.5
P029,ConstDecel,0.3,30.48,29.406872944527752,-1.0731270554722485,4.5
P029,ConstDecel,0.4,30.602,29.212163926037007,-1.389836073962993,4.5
P029,ConstDecel,0.5,30.66,29.017454907546256,-1.6425450924537444,4.5
P029,ConstDecel,0.6,30.664,28.822745889055508,-1.8412541109444938,4.5
P029,ConstDecel,0.7,30.637,28.62803687056476,-2.008963129435241,4.5
P029,ConstDecel,0.8,30.591,28.433327852074008,-2.157672147925993,4.5
P029,ConstDecel,0.9,30.545,28.23861883358326,-2.3063811664167417,4.5
P029,ConstDecel,1.0,30.496,28.043909815092515,-2.452090184907483,4.5
P029,ConstDecel,1.1,30.441,27.84920079660176,-2.5917992033982387,4.5
P029,ConstDecel,1.2,30.378,27.654491778111016,-2.7235082218889843,4.5
P029,ConstDecel,1.3,30.31,27.459782759620268,-2.850217240379731,4.5
P029,ConstDecel,1.4,30.226,27.265073741129516,-2.960926258870483,4.5
P029,ConstDecel,1.5,30.136,27.070364722638768,-3.065635277361231,4.5
P029,ConstDecel,1.6,30.044,26.87565570414802,-3.1683442958519805,4.5
P029,ConstDecel,1.7,29.952,26.68094668565727,-3.2710533143427334,4.5
P029,ConstDecel,1.8,29.86,26.486237667166524,-3.3737623328334756,4.5
P029,ConstDecel,1.9,29.769,26.291528648675776,-3.4774713513242226,4.5
P029,ConstDecel,2.0,29.677,26.096819630185024,-3.5801803698149754,4.5
P029,ConstDecel,2.1,29.586,25.902110611694276,-3.6838893883057224,4.5
P029,ConstDecel,2.2,29.494,25.707401593203528,-3.7865984067964717,4.5
P029,ConstDecel,2.3,29.403,25.512692574712776,-3.8903074252872223,4.5
P029,ConstDecel,2.4,29.312,25.31798355622203,-3.994016443777973,4.5
P029,ConstDecel,2.5,29.221,25.123274537731284,-4.097725462268716,4.5
P029,ConstDecel,2.6,29.13,24.928565519240532,-4.201434480759467,4.5
P029,ConstDecel,2.7,29.04,24.733856500749784,-4.306143499250215,4.5
P029,ConstDecel,2.8,28.95,24.539147482259036,-4.410852517740963,4.5
P029,ConstDecel,2.9,28.859,24.344438463768284,-4.514561536231717,4.5
P029,ConstDecel,3.0,28.769,24.149729445277536,-4.619270554722462,4.5
P029,ConstDecel,3.1,28.679,23.955020426786792,-4.723979573213207,4.5
P029,ConstDecel,3.2,28.589,23.76031140829604,-4.828688591703958,4.5
P029,ConstDecel,3.3,28.5,23.565602389805292,-4.934397610194708,4.5
P029,ConstDecel,3.4,28.41,23.370893371314544,-5.039106628685456,4.5
P029,ConstDecel,3.5,28.321,23.176184352823793,-5.144815647176209,4.5
P029,ConstDecel,3.6,28.231,22.981475334333044,-5.249524665666957,4.5
P029,ConstDecel,3.7,28.142,22.786766315842296,-5.355233684157703,4.5
P029,ConstDecel,3.8,28.053,22.592057297351545,-5.460942702648456,4.5
P029,ConstDecel,3.9,27.964,22.3973482788608,-5.566651721139198,4.5
P029,ConstDecel,4.0,27.876,22.202639260370052,-5.673360739629949,4.5
P029,ConstDecel,4.1,27.787,22.0079302418793,-5.7790697581206985,4.5
P029,ConstDecel,4.2,27.698,21.813221223388553,-5.884778776611448,4.5
P029,ConstDecel,4.3,27.589,21.618512204897804,-5.970487795102194,4.5
P029,ConstDecel,4.4,27.412,21.423803186407053,-5.988196813592946,4.5
P029,ConstDecel,4.5,27.127,21.22909416791631,-5.897905832083691,4.5
P029,ConstDecel,4.6,26.736,21.034385149425557,-5.701614850574444,4.5
P029,ConstDecel,4.7,26.269,20.83967613093481,-5.42932386906519,4.5
P029,ConstDecel,4.8,25.756,20.64496711244406,-5.11103288755594,4.5
P029,ConstDecel,4.9,25.211,20.45025809395331,-4.76074190604669,4.5
P029,ConstDecel,5.0,24.63,20.25554907546256,-4.374450924537438,4.5
P029,ConstDecel,5.1,24.017,20.060840056971813,-3.9561599430281866,4.5
P029,ConstDecel,5.2,23.366,19.866131038481065,-3.499868961518935,4.5
P029,ConstDecel,5.3,22.671,19.671422019990317,-2.9995779800096827,4.5
P029,ConstDecel,5.4,21.949,19.47671300149957,-2.472286998500433,4.5
P029,ConstDecel,5.5,21.212,19.282003983008817,-1.9299960169911827,4.5
P029,ConstDecel,5.6,20.464,19.08729496451807,-1.3767050354819297,4.5
P029,ConstDecel,5.7,19.711,18.89258594602732,-0.8184140539726776,4.5
P029,ConstDecel,5.8,18.966,18.697876927536573,-0.26812307246342826,4.5
P029,ConstDecel,5.9,18.23,18.50316790904582,0.2731679090458208,4.5
P029,ConstDecel,6.0,17.518,18.308458890555077,0.790458890555076,4.5
P029,ConstDecel,6.1,16.858,18.113749872064325,1.2557498720643245,4.5
P029,ConstDecel,6.2,16.267,17.919040853573577,1.6520408535735776,4.5
P029,ConstDecel,6.3,15.727,17.72433183508283,1.9973318350828286,4.5
P029,ConstDecel,6.4,15.242,17.52962281659208,2.28762281659208,4.5
P029,ConstDecel,6.5,14.824,17.33491379810133,2.5109137981013294,4.5
P029,ConstDecel,6.6,14.481,17.140204779610585,2.659204779610585,4.5
P029,ConstDecel,6.7,14.211,16.945495761119833,2.734495761119833,4.5
P029,ConstDecel,6.8,14.016,16.750786742629085,2.734786742629085,4.5
P029,ConstDecel,6.9,13.889,16.556077724138333,2.667077724138334,4.5
P029,ConstDecel,7.0,13.788,16.36136870564759,2.5733687056475887,4.5
P029,ConstDecel,7.1,13.701,16.166659687156837,2.465659687156837,4.5
P029,ConstDecel,7.2,13.622,15.97195066866609,2.3499506686660894,4.5
P029,ConstDecel,7.3,13.545,15.777241650175341,2.2322416501753413,4.5
P029,ConstDecel,7.4,13.469,15.582532631684591,2.113532631684592,4.5
P029,ConstDecel,7.5,13.394,15.387823613193842,1.9938236131938414,4.5
P029,ConstDecel,7.6,13.318,15.193114594703095,1.8751145947030956,4.5
P029,ConstDecel,7.7,13.213,14.998405576212345,1.7854055762123462,4.5
P029,ConstDecel,7.8,13.053,14.803696557721596,1.7506965577215947,4.5
P029,ConstDecel,7.9,12.844,14.608987539230847,1.764987539230848,4.5
P029,ConstDecel,8.0,12.583,14.4142785207401,1.8312785207400992,4.5
P029,ConstDecel,8.1,12.261,14.219569502249353,1.9585695022493539,4.5
P029,ConstDecel,8.2,11.863,14.024860483758603,2.1618604837586037,4.5
P029,ConstDecel,8.3,11.401,13.830151465267852,2.429151465267852,4.5
P029,ConstDecel,8.4,10.9,13.635442446777104,2.7354424467771032,4.5
P029,ConstDecel,8.5,10.356,13.440733428286357,3.0847334282863574,4.5
P029,ConstDecel,8.6,9.757,13.246024409795607,3.489024409795608,4.5
P029,ConstDecel,8.7,9.104,13.05131539130486,3.94731539130486,4.5
P029,ConstDecel,8.8,8.401,12.856606372814108,4.455606372814108,4.5
P029,ConstDecel,8.9,7.666,12.661897354323361,4.995897354323361,4.5
P029,ConstDecel,9.0,6.909,12.467188335832612,5.558188335832612,4.5
P029,ConstDecel,9.1,6.141,12.272479317341864,6.131479317341864,4.5
P029,ConstDecel,9.2,5.37,12.077770298851116,6.707770298851115,4.5
P029,ConstDecel,9.3,4.608,11.883061280360366,7.275061280360366,4.5
P029,ConstDecel,9.4,3.849,11.688352261869616,7.839352261869616,4.5
P029,ConstDecel,9.5,3.09,11.493643243378868,8.403643243378868,4.5
P029,ConstDecel,9.6,2.331,11.29893422488812,8.96793422488812,4.5
P029,ConstDecel,9.7,1.578,11.104225206397372,9.526225206397372,4.5
P029,ConstDecel,9.8,0.84,10.90951618790662,10.06951618790662,4.5
P029,ConstDecel,9.9,0.129,10.714807169415874,10.585807169415874,4.5
P029,SafeEnv,0.0,29.991,29.991,0.0,4.5
P029,SafeEnv,0.1,30.141,29.991,-0.14999999999999858,4.5
P029,SafeEnv,0.2,30.312,29.991,-0.3210000000000015,4.5
P029,SafeEnv,0.3,30.48,29.991,-0.48900000000000077,4.5
P029,SafeEnv,0.4,30.602,29.991,-0.6110000000000007,4.5
P029,SafeEnv,0.5,30.66,29.991,-0.6690000000000005,4.5
P029,SafeEnv,0.6,30.664,29.991,-0.6730000000000018,4.5
P029,SafeEnv,0.7,30.637,29.991,-0.6460000000000008,4.5
P029,SafeEnv,0.8,30.591,29.991,-0.6000000000000014,4.5
P029,SafeEnv,0.9,30.545,29.991,-0.554000000000002,4.5
P029,SafeEnv,1.0,30.496,29.991,-0.504999999999999,4.5
P029,SafeEnv,1.1,30.441,29.991,-0.4499999999999993,4.5
P029,SafeEnv,1.2,30.378,29.991,-0.38700000000000045,4.5
P029,SafeEnv,1.3,30.31,29.991,-0.31899999999999906,4.5
P029,SafeEnv,1.4,30.226,29.991,-0.23499999999999943,4.5
P029,SafeEnv,1.5,30.136,29.991,-0.14499999999999957,4.5
P029,SafeEnv,1.6,30.044,29.991,-0.053000000000000824,4.5
P029,SafeEnv,1.7,29.952,29.991,0.038999999999997925,4.5
P029,SafeEnv,1.8,29.86,29.991,0.13100000000000023,4.5
P029,SafeEnv,1.9,29.769,29.991,0.2220000000000013,4.5
P029,SafeEnv,2.0,29.677,29.991,0.31400000000000006,4.5
P029,SafeEnv,2.1,29.586,29.991,0.40500000000000114,4.5
P029,SafeEnv,2.2,29.494,29.991,0.4969999999999999,4.5
P029,SafeEnv,2.3,29.403,29.991,0.588000000000001,4.5
P029,SafeEnv,2.4,29.312,29.991,0.6789999999999985,4.5
P029,SafeEnv,2.5,29.221,29.991,0.7699999999999996,4.5
P029,SafeEnv,2.6,29.13,29.991,0.8610000000000007,4.5
P029,SafeEnv,2.7,29.04,29.991,0.9510000000000005,4.5
P029,SafeEnv,2.8,28.95,29.991,1.0410000000000004,4.5
P029,SafeEnv,2.9,28.859,29.991,1.131999999999998,4.5
P029,SafeEnv,3.0,28.769,29.991,1.2220000000000013,4.5
P029,SafeEnv,3.1,28.679,29.991,1.3120000000000012,4.5
P029,SafeEnv,3.2,28.589,29.991,1.402000000000001,4.5
P029,SafeEnv,3.3,28.5,29.991,1.4909999999999997,4.5
P029,SafeEnv,3.4,28.41,29.991,1.5809999999999995,4.5
P029,SafeEnv,3.5,28.321,29.991,1.6699999999999982,4.5
P029,SafeEnv,3.6,28.231,29.991,1.759999999999998,4.5
P029,SafeEnv,3.7,28.142,29.991,1.8490000000000002,4.5
P029,SafeEnv,3.8,28.053,29.991,1.9379999999999988,4.5
P029,SafeEnv,3.9,27.964,29.991,2.027000000000001,4.5
P029,SafeEnv,4.0,27.876,29.991,2.1149999999999984,4.5
P029,SafeEnv,4.1,27.787,29.991,2.2040000000000006,4.5
P029,SafeEnv,4.2,27.698,29.991,2.2929999999999993,4.5
P029,SafeEnv,4.3,27.589,29.991,2.402000000000001,4.5
P029,SafeEnv,4.4,27.412,29.991,2.5790000000000006,4.5
P029,SafeEnv,4.5,27.127,29.991,2.8640000000000008,4.5
P029,SafeEnv,4.6,26.736,29.991,3.254999999999999,4.5
P029,SafeEnv,4.7,26.269,29.991,3.7220000000000013,4.5
P029,SafeEnv,4.8,25.756,29.991,4.234999999999999,4.5
P029,SafeEnv,4.9,25.211,29.991,4.780000000000001,4.5
P029,SafeEnv,5.0,24.63,29.991,5.361000000000001,4.5
P029,SafeEnv,5.1,24.017,29.991,5.974,4.5
P029,SafeEnv,5.2,23.366,29.991,6.625,4.5
P029,SafeEnv,5.3,22.671,29.991,7.32,4.5
P029,SafeEnv,5.4,21.949,29.991,8.041999999999998,4.5
P029,SafeEnv,5.5,21.212,29.991,8.779,4.5
P029,SafeEnv,5.6,20.464,29.331598239663204,8.867598239663206,4.5
P029,SafeEnv,5.7,19.711,28.657703479689395,8.946703479689397,4.5
P029,SafeEnv,5.8,18.966,27.98399498932455,9.01799498932455,4.5
P029,SafeEnv,5.9,18.23,27.31048168074401,9.080481680744011,4.5
P029,SafeEnv,6.0,17.518,26.63717311850825,9.11917311850825,4.5
P029,SafeEnv,6.1,16.858,25.964079584600512,9.106079584600511,4.5
P029,SafeEnv,6.2,16.267,25.291212151751434,9.024212151751435,4.5
P029,SafeEnv,6.3,15.727,24.618582766347767,8.891582766347767,4.5
P029,SafeEnv,6.4,15.242,23.946204342464455,8.704204342464454,4.5
P029,SafeEnv,6.5,14.824,23.274090868854937,8.450090868854938,4.5
P029,SafeEnv,6.6,14.481,22.602257531097163,8.121257531097163,4.5
P029,SafeEnv,6.7,14.211,21.930720851538865,7.719720851538865,4.5
P029,SafeEnv,6.8,14.016,21.25949885023756,7.243498850237559,4.5
P029,SafeEnv,6.9,13.889,20.588611230779737,6.6996112307797375,4.5
P029,SafeEnv,7.0,13.788,19.918079595725462,6.130079595725462,4.5
P029,SafeEnv,7.1,13.701,19.24792769751286,5.54692769751286,4.5
P029,SafeEnv,7.2,13.622,18.578181732037983,4.956181732037983,4.5
P029,SafeEnv,7.3,13.545,17.90887068389329,4.363870683893291,4.5
P029,SafeEnv,7.4,13.469,17.240026734525387,3.771026734525387,4.5
P029,SafeEnv,7.5,13.394,16.571685747535096,3.1776857475350955,4.5
P029,SafeEnv,7.6,13.318,15.903887849223011,2.5858878492230115,4.5
P029,SafeEnv,7.7,13.213,15.236678127623886,2.023678127623887,4.5
P029,SafeEnv,7.8,13.053,14.570107480139034,1.5171074801390336,4.5
P029,SafeEnv,7.9,12.844,13.904233649155834,1.060233649155835,4.5
P029,SafeEnv,8.0,12.583,13.239122497725555,0.6561224977255549,4.5
P029,SafeEnv,8.1,12.261,12.574849594921252,0.313849594921253,4.5
P029,SafeEnv,8.2,11.863,11.911502205115124,0.04850220511512404,4.5
P029,SafeEnv,8.3,11.401,11.249181810450747,-0.1518181895492532,4.5
P029,SafeEnv,8.4,10.9,10.588007346451302,-0.3119926535486979,4.5
P029,SafeEnv,8.5,10.356,9.928119405253836,-0.42788059474616347,4.5
P029,SafeEnv,8.6,9.757,9.269685772762545,-0.4873142272374551,4.5
P029,SafeEnv,8.7,9.104,8.612908837240239,-0.4910911627597603,4.5
P029,SafeEnv,8.8,8.401,7.958035675259954,-0.44296432474004543,4.5
P029,SafeEnv,8.9,7.666,7.305372052661571,-0.36062794733842907,4.5
P029,SafeEnv,9.0,6.909,6.655302292922971,-0.25369770707702877,4.5
P029,SafeEnv,9.1,6.141,6.008318187736961,-0.13268181226303888,4.5
P029,SafeEnv,9.2,5.37,5.365062293116686,-0.004937706883314519,4.5
P029,SafeEnv,9.3,4.608,4.72639496506138,0.11839496506138047,4.5
P029,SafeEnv,9.4,3.849,4.093502268038125,0.2445022680381248,4.5
P029,SafeEnv,9.5,3.09,3.4680778230826603,0.37807782308266047,4.5
P029,SafeEnv,9.6,2.331,2.8526463914963878,0.5216463914963878,4.5
P029,SafeEnv,9.7,1.578,2.2511781475309047,0.6731781475309047,4.5
P029,SafeEnv,9.8,0.84,1.6703465838769327,0.8303465838769327,4.5
P029,SafeEnv,9.9,0.129,1.1223253111798541,0.9933253111798541,4.5
P029,CGP,0.0,29.991,29.991,0.0,4.5
P029,CGP,0.1,30.141,29.991,-0.14999999999999858,4.5
P029,CGP,0.2,30.312,29.991,-0.3210000000000015,4.5
P029,CGP,0.3,30.48,29.991,-0.48900000000000077,4.5
P029,CGP,0.4,30.602,29.991,-0.6110000000000007,4.5
P029,CGP,0.5,30.66,29.991,-0.6690000000000005,4.5
P029,CGP,0.6,30.664,29.991,-0.6730000000000018,4.5
P029,CGP,0.7,30.637,29.991,-0.6460000000000008,4.5
P029,CGP,0.8,30.591,29.991,-0.6000000000000014,4.5
P029,CGP,0.9,30.545,29.991,-0.554000000000002,4.5
P029,CGP,1.0,30.496,29.991,-0.504999999999999,4.5
P029,CGP,1.1,30.441,29.991,-0.4499999999999993,4.5
P029,CGP,1.2,30.378,29.991,-0.38700000000000045,4.5
P029,CGP,1.3,30.31,29.991,-0.31899999999999906,4.5
P029,CGP,1.4,30.226,29.991,-0.23499999999999943,4.5
P029,CGP,1.5,30.136,29.991,-0.14499999999999957,4.5
P029,CGP,1.6,30.044,29.991,-0.053000000000000824,4.5
P029,CGP,1.7,29.952,29.991,0.038999999999997925,4.5
P029,CGP,1.8,29.86,29.991,0.13100000000000023,4.5
P029,CGP,1.9,29.769,29.991,0.2220000000000013,4.5
P029,CGP,2.0,29.677,29.991,0.31400000000000006,4.5
P029,CGP,2.1,29.586,29.991,0.40500000000000114,4.5
P029,CGP,2.2,29.494,29.991,0.4969999999999999,4.5
P029,CGP,2.3,29.403,29.991,0.588000000000001,4.5
P029,CGP,2.4,29.312,29.991,0.6789999999999985,4.5
P029,CGP,2.5,29.221,29.991,0.7699999999999996,4.5
P029,CGP,2.6,29.13,29.991,0.8610000000000007,4.5
P029,CGP,2.7,29.04,29.991,0.9510000000000005,4.5
P029,CGP,2.8,28.95,29.991,1.0410000000000004,4.5
P029,CGP,2.9,28.859,29.991,1.131999999999998,4.5
P029,CGP,3.0,28.769,29.991,1.2220000000000013,4.5
P029,CGP,3.1,28.679,29.991,1.3120000000000012,4.5
P029,CGP,3.2,28.589,29.991,1.402000000000001,4.5
P029,CGP,3.3,28.5,29.991,1.4909999999999997,4.5
P029,CGP,3.4,28.41,29.991,1.5809999999999995,4.5
P029,CGP,3.5,28.321,29.991,1.6699999999999982,4.5
P029,CGP,3.6,28.231,29.991,1.759999999999998,4.5
P029,CGP,3.7,28.142,29.991,1.8490000000000002,4.5
P029,CGP,3.8,28.053,29.991,1.9379999999999988,4.5
P029,CGP,3.9,27.964,29.991,2.027000000000001,4.5
P029,CGP,4.0,27.876,29.991,2.1149999999999984,4.5
P029,CGP,4.1,27.787,29.991,2.2040000000000006,4.5
P029,CGP,4.2,27.698,29.991,2.2929999999999993,4.5
P029,CGP,4.3,27.589,29.991,2.402000000000001,4.5
P029,CGP,4.4,27.412,29.991,2.5790000000000006,4.5
P029,CGP,4.5,27.127,29.991,2.8640000000000008,4.5
P029,CGP,4.6,26.736,29.65009090909091,2.914090909090909,4.5
P029,CGP,4.7,26.269,28.968272727272726,2.699272727272728,4.5
P029,CGP,4.8,25.756,28.142543496937424,2.386543496937424,4.5
P029,CGP,4.9,25.211,27.316814266602123,2.105814266602124,4.5
P029,CGP,5.0,24.63,26.491085036266817,1.861085036266818,4.5
P029,CGP,5.1,24.017,25.665355805931515,1.6483558059315158,4.5
P029,CGP,5.2,23.366,24.839626575596213,1.4736265755962137,4.5
P029,CGP,5.3,22.671,24.013897345260908,1.3428973452609085,4.5
P029,CGP,5.4,21.949,23.188168114925606,1.2391681149256044,4.5
P029,CGP,5.5,21.212,22.362438884590304,1.1504388845903044,4.5
P029,CGP,5.6,20.464,21.536709654255,1.072709654255,4.5
P029,CGP,5.7,19.711,20.710980423919693,0.9999804239196948,4.5
P029,CGP,5.8,18.966,19.885251193584388,0.9192511935843868,4.5
P029,CGP,5.9,18.23,19.059521963249082,0.829521963249082,4.5
P029,CGP,6.0,17.518,18.233792732913777,0.7157927329137763,4.5
P029,CGP,6.1,16.858,17.40806350257847,0.550063502578471,4.5
P029,CGP,6.2,16.267,16.582334272243166,0.3153342722431667,4.5
P029,CGP,6.3,15.727,15.75660504190786,0.029605041907860397,4.5
P029,CGP,6.4,15.242,14.930875811572555,-0.3111241884274456,4.5
P029,CGP,6.5,14.824,14.10514658123725,-0.71885341876275,4.5
P029,CGP,6.6,14.481,13.279417350901944,-1.2015826490980555,4.5
P029,CGP,6.7,14.211,12.453688120566639,-1.7573118794333613,4.5
P029,CGP,6.8,14.016,11.627958890231334,-2.3880411097686665,4.5
P029,CGP,6.9,13.889,10.802229659896028,-3.086770340103971,4.5
P029,CGP,7.0,13.788,9.976500429560723,-3.8114995704392776,4.5
P029,CGP,7.1,13.701,9.150771199225417,-4.550228800774583,4.5
P029,CGP,7.2,13.622,8.325041968890112,-5.296958031109888,4.5
P029,CGP,7.3,13.545,7.499312738554807,-6.045687261445193,4.5
P029,CGP,7.4,13.469,6.673583508219502,-6.795416491780498,4.5
P029,CGP,7.5,13.394,5.847854277884196,-7.546145722115804,4.5
P029,CGP,7.6,13.318,5.022125047548892,-8.295874952451108,4.5
P029,CGP,7.7,13.213,4.196395817213587,-9.016604182786413,4.5
P029,CGP,7.8,13.053,3.3706665868782824,-9.682333413121718,4.5
P029,CGP,7.9,12.844,2.5449373565429774,-10.299062643457022,4.5
P029,CGP,8.0,12.583,1.7192081262076726,-10.863791873792328,4.5
P029,CGP,8.1,12.261,0.8934788958723678,-11.367521104127631,4.5
P029,CGP,8.2,11.863,0.06774966553706292,-11.795250334462937,4.5
P029,CGP,8.3,11.401,0.0,-11.401,4.5
P029,CGP,8.4,10.9,0.0,-10.9,4.5
P029,CGP,8.5,10.356,0.0,-10.356,4.5
P029,CGP,8.6,9.757,0.0,-9.757,4.5
P029,CGP,8.7,9.104,0.0,-9.104,4.5
P029,CGP,8.8,8.401,0.0,-8.401,4.5
P029,CGP,8.9,7.666,0.0,-7.666,4.5
P029,CGP,9.0,6.909,0.0,-6.909,4.5
P029,CGP,9.1,6.141,0.0,-6.141,4.5
P029,CGP,9.2,5.37,0.0,-5.37,4.5
P029,CGP,9.3,4.608,0.0,-4.608,4.5
P029,CGP,9.4,3.849,0.0,-3.849,4.5
P029,CGP,9.5,3.09,0.0,-3.09,4.5
P029,CGP,9.6,2.331,0.0,-2.331,4.5
P029,CGP,9.7,1.578,0.0,-1.578,4.5
P029,CGP,9.8,0.84,0.0,-0.84,4.5
P029,CGP,9.9,0.129,0.0,-0.129,4.5
P030,ConstDecel,0.0,36.605,36.605,0.0,7.1
P030,ConstDecel,0.1,36.663,36.313078853264884,-0.3499211467351131,7.1
P030,ConstDecel,0.2,36.718,36.02115770652977,-0.6968422934702332,7.1
P030,ConstDecel,0.3,36.751,35.72923655979466,-1.0217634402053406,7.1
P030,ConstDecel,0.4,36.734,35.43731541305954,-1.296684586940465,7.1
P030,ConstDecel,0.5,36.679,35.14539426632442,-1.5336057336755786,7.1
P030,ConstDecel,0.6,36.596,34.85347311958931,-1.7425268804106864,7.1
P030,ConstDecel,0.7,36.498,34.56155197285419,-1.9364480271458078,7.1
P030,ConstDecel,0.8,36.396,34.26963082611908,-2.1263691738809243,7.1
P030,ConstDecel,0.9,36.293,33.97770967938396,-2.315290320616036,7.1
P030,ConstDecel,1.0,36.191,33.68578853264884,-2.5052114673511596,7.1
P030,ConstDecel,1.1,36.089,33.39386738591373,-2.695132614086269,7.1
P030,ConstDecel,1.2,35.987,33.101946239178616,-2.8850537608213855,7.1
P030,ConstDecel,1.3,35.884,32.8100250924435,-3.0739749075564973,7.1
P030,ConstDecel,1.4,35.782,32.51810394570838,-3.263896054291614,7.1
P030,ConstDecel,1.5,35.68,32.22618279897327,-3.4538172010267303,7.1
P030,ConstDecel,1.6,35.579,31.934261652238153,-3.644738347761848,7.1
P030,ConstDecel,1.7,35.477,31.642340505503036,-3.834659494496961,7.1
P030,ConstDecel,1.8,35.376,31.350419358767926,-4.025580641232072,7.1
P030,ConstDecel,1.9,35.275,31.05849821203281,-4.216501787967189,7.1
P030,ConstDecel,2.0,35.174,30.766577065297692,-4.407422934702307,7.1
P030,ConstDecel,2.1,35.073,30.47465591856258,-4.598344081437421,7.1
P030,ConstDecel,2.2,34.973,30.182734771827462,-4.790265228172537,7.1
P030,ConstDecel,2.3,34.872,29.890813625092346,-4.981186374907654,7.1
P030,ConstDecel,2.4,34.772,29.598892478357232,-5.173107521642766,7.1
P030,ConstDecel,2.5,34.672,29.306971331622115,-5.365028668377882,7.1
P030,ConstDecel,2.6,34.572,29.015050184887,-5.556949815113004,7.1
P030,ConstDecel,2.7,34.473,28.723129038151882,-5.749870961848117,7.1
P030,ConstDecel,2.8,34.373,28.431207891416772,-5.9417921085832255,7.1
P030,ConstDecel,2.9,34.274,28.139286744681655,-6.134713255318346,7.1
P030,ConstDecel,3.0,34.175,27.847365597946542,-6.327634402053455,7.1
P030,ConstDecel,3.1,34.076,27.555444451211425,-6.520555548788575,7.1
P030,ConstDecel,3.2,33.977,27.26352330447631,-6.713476695523688,7.1
P030,ConstDecel,3.3,33.878,26.971602157741195,-6.906397842258805,7.1
P030,ConstDecel,3.4,33.78,26.67968101100608,-7.100318988993923,7.1
P030,ConstDecel,3.5,33.682,26.38775986427096,-7.294240135729041,7.1
P030,ConstDecel,3.6,33.584,26.095838717535845,-7.488161282464159,7.1
P030,ConstDecel,3.7,33.486,25.803917570800728,-7.682082429199269,7.1
P030,ConstDecel,3.8,33.388,25.511996424065618,-7.87600357593438,7.1
P030,ConstDecel,3.9,33.29,25.2200752773305,-8.069924722669498,7.1
P030,ConstDecel,4.0,33.193,24.928154130595384,-8.264845869404613,7.1
P030,ConstDecel,4.1,33.089,24.63623298386027,-8.452767016139727,7.1
P030,ConstDecel,4.2,32.961,24.344311837125154,-8.616688162874844,7.1
P030,ConstDecel,4.3,32.771,24.052390690390038,-8.718609309609963,7.1
P030,ConstDecel,4.4,32.525,23.760469543654928,-8.76453045634507,7.1
P030,ConstDecel,4.5,32.251,23.468548396919807,-8.78245160308019,7.1
P030,ConstDecel,4.6,31.952,23.17662725018469,-8.775372749815311,7.1
P030,ConstDecel,4.7,31.656,22.88470610344958,-8.771293896550418,7.1
P030,ConstDecel,4.8,31.373,22.592784956714464,-8.780215043285537,7.1
P030,ConstDecel,4.9,31.076,22.300863809979347,-8.775136190020653,7.1
P030,ConstDecel,5.0,30.731,22.008942663244234,-8.722057336755768,7.1
P030,ConstDecel,5.1,30.344,21.717021516509117,-8.626978483490884,7.1
P030,ConstDecel,5.2,29.935,21.425100369774,-8.509899630225998,7.1
P030,ConstDecel,5.3,29.514,21.133179223038887,-8.380820776961112,7.1
P030,ConstDecel,5.4,29.084,20.84125807630377,-8.24274192369623,7.1
P030,ConstDecel,5.5,28.597,20.549336929568657,-8.047663070431344,7.1
P030,ConstDecel,5.6,28.054,20.25741578283354,-7.796584217166458,7.1
P030,ConstDecel,5.7,27.479,19.965494636098423,-7.513505363901576,7.1
P030,ConstDecel,5.8,26.916,19.67357348936331,-7.24242651063669,7.1
P030,ConstDecel,5.9,26.383,19.381652342628193,-7.001347657371806,7.1
P030,ConstDecel,6.0,25.91,19.08973119589308,-6.82026880410692,7.1
P030,ConstDecel,6.1,25.518,18.797810049157967,-6.720189950842034,7.1
P030,ConstDecel,6.2,25.204,18.50588890242285,-6.698111097577151,7.1
P030,ConstDecel,6.3,24.951,18.213967755687737,-6.737032244312264,7.1
P030,ConstDecel,6.4,24.706,17.92204660895262,-6.78395339104738,7.1
P030,ConstDecel,6.5,24.401,17.630125462217503,-6.770874537782497,7.1
P030,ConstDecel,6.6,23.998,17.33820431548239,-6.659795684517611,7.1
P030,ConstDecel,6.7,23.513,17.046283168747273,-6.466716831252729,7.1
P030,ConstDecel,6.8,22.958,16.75436202201216,-6.203637977987839,7.1
P030,ConstDecel,6.9,22.326,16.462440875277043,-5.863559124722958,7.1
P030,ConstDecel,7.0,21.611,16.170519728541926,-5.440480271458075,7.1
P030,ConstDecel,7.1,20.811,15.878598581806813,-4.932401418193187,7.1
P030,ConstDecel,7.2,19.88,15.586677435071696,-4.293322564928303,7.1
P030,ConstDecel,7.3,18.837,15.29475628833658,-3.542243711663419,7.1
P030,ConstDecel,7.4,17.699,15.002835141601464,-2.6961648583985376,7.1
P030,ConstDecel,7.5,16.468,14.710913994866347,-1.7570860051336528,7.1
P030,ConstDecel,7.6,15.021,14.418992848131236,-0.6020071518687651,7.1
P030,ConstDecel,7.7,13.373,14.127071701396119,0.7540717013961196,7.1
P030,ConstDecel,7.8,11.637,13.835150554661002,2.1981505546610016,7.1
P030,ConstDecel,7.9,9.857,13.543229407925885,3.686229407925886,7.1
P030,ConstDecel,8.0,8.053,13.251308261190772,5.198308261190771,7.1
P030,ConstDecel,8.1,6.239,12.95938711445566,6.720387114455661,7.1
P030,ConstDecel,8.2,4.42,12.667465967720544,8.247465967720544,7.1
P030,ConstDecel,8.3,2.607,12.375544820985427,9.768544820985426,7.1
P030,ConstDecel,8.4,0.812,12.08362367425031,11.27162367425031,7.1
P030,ConstDecel,8.5,0.091,11.791702527515199,11.7007025275152,7.1
P030,SafeEnv,0.0,36.605,36.605,0.0,7.1
P030,SafeEnv,0.1,36.663,36.605,-0.05799999999999983,7.1
P030,SafeEnv,0.2,36.718,36.605,-0.11300000000000665,7.1
P030,SafeEnv,0.3,36.751,36.605,-0.1460000000000008,7.1
P030,SafeEnv,0.4,36.734,36.605,-0.1290000000000049,7.1
P030,SafeEnv,0.5,36.679,36.605,-0.07400000000000517,7.1
P030,SafeEnv,0.6,36.596,36.605,0.009000000000000341,7.1
P030,SafeEnv,0.7,36.498,36.605,0.10699999999999932,7.1
P030,SafeEnv,0.8,36.396,36.605,0.20899999999999608,7.1
P030,SafeEnv,0.9,36.293,36.605,0.3119999999999976,7.1
P030,SafeEnv,1.0,36.191,36.605,0.4139999999999944,7.1
P030,SafeEnv,1.1,36.089,36.605,0.5159999999999982,7.1
P030,SafeEnv,1.2,35.987,36.605,0.617999999999995,7.1
P030,SafeEnv,1.3,35.884,36.605,0.7209999999999965,7.1
P030,SafeEnv,1.4,35.782,36.605,0.8230000000000004,7.1
P030,SafeEnv,1.5,35.68,36.605,0.9249999999999972,7.1
P030,SafeEnv,1.6,35.579,36.605,1.0259999999999962,7.1
P030,SafeEnv,1.7,35.477,36.605,1.1280000000000001,7.1
P030,SafeEnv,1.8,35.376,36.605,1.2289999999999992,7.1
P030,SafeEnv,1.9,35.275,36.605,1.3299999999999983,7.1
P030,SafeEnv,2.0,35.174,36.605,1.4309999999999974,7.1
P030,SafeEnv,2.1,35.073,36.605,1.5319999999999965,7.1
P030,SafeEnv,2.2,34.973,36.605,1.631999999999998,7.1
P030,SafeEnv,2.3,34.872,36.605,1.732999999999997,7.1
P030,SafeEnv,2.4,34.772,36.605,1.8329999999999984,7.1
P030,SafeEnv,2.5,34.672,36.605,1.9329999999999998,7.1
P030,SafeEnv,2.6,34.572,36.605,2.032999999999994,7.1
P030,SafeEnv,2.7,34.473,36.605,2.131999999999998,7.1
P030,SafeEnv,2.8,34.373,36.605,2.2319999999999993,7.1
P030,SafeEnv,2.9,34.274,36.605,2.330999999999996,7.1
P030,SafeEnv,3.0,34.175,36.605,2.4299999999999997,7.1
P030,SafeEnv,3.1,34.076,36.605,2.5289999999999964,7.1
P030,SafeEnv,3.2,33.977,36.605,2.628,7.1
P030,SafeEnv,3.3,33.878,36.605,2.7269999999999968,7.1
P030,SafeEnv,3.4,33.78,36.605,2.8249999999999957,7.1
P030,SafeEnv,3.5,33.682,36.605,2.9229999999999947,7.1
P030,SafeEnv,3.6,33.584,36.50651476600361,2.9225147660036086,7.1
P030,SafeEnv,3.7,33.486,35.831063057458145,2.345063057458148,7.1
P030,SafeEnv,3.8,33.388,35.15573134183926,1.7677313418392586,7.1
P030,SafeEnv,3.9,33.29,34.48052420620592,1.1905242062059216,7.1
P030,SafeEnv,4.0,33.193,33.80544650484275,0.612446504842751,7.1
P030,SafeEnv,4.1,33.089,33.13050338037039,0.04150338037039347,7.1
P030,SafeEnv,4.2,32.961,32.45570028697776,-0.5052997130222394,7.1
P030,SafeEnv,4.3,32.771,31.781043016036605,-0.9899569839633955,7.1
P030,SafeEnv,4.4,32.525,31.10653772439733,-1.4184622756026677,7.1
P030,SafeEnv,4.5,32.251,30.432190965709115,-1.818809034290883,7.1
P030,SafeEnv,4.6,31.952,29.758009725159955,-2.193990274840047,7.1
P030,SafeEnv,4.7,31.656,29.084001458093844,-2.5719985419061544,7.1
P030,SafeEnv,4.8,31.373,28.410174133034747,-2.962825866965254,7.1
P030,SafeEnv,4.9,31.076,27.73653627973384,-3.33946372026616,7.1
P030,SafeEnv,5.0,30.731,27.063097042958596,-3.667902957041406,7.1
P030,SafeEnv,5.1,30.344,26.389866242865352,-3.954133757134649,7.1
P030,SafeEnv,5.2,29.935,25.716854442944253,-4.218145557055745,7.1
P030,SafeEnv,5.3,29.514,25.044073026702467,-4.469926973297532,7.1
P030,SafeEnv,5.4,29.084,24.371534284465913,-4.712465715534087,7.1
P030,SafeEnv,5.5,28.597,23.699251511941252,-4.897748488058749,7.1
P030,SafeEnv,5.6,28.054,23.027239122497146,-5.026760877502852,7.1
P030,SafeEnv,5.7,27.479,22.35551277551543,-5.12348722448457,7.1
P030,SafeEnv,5.8,26.916,21.68408952364489,-5.231910476355111,7.1
P030,SafeEnv,5.9,26.383,21.012987982388577,-5.3700120176114226,7.1
P030,SafeEnv,6.0,25.91,20.34222852620322,-5.567771473796782,7.1
P030,SafeEnv,6.1,25.518,19.671833516226897,-5.8461664837731036,7.1
P030,SafeEnv,6.2,25.204,19.001827565939156,-6.202172434060845,7.1
P030,SafeEnv,6.3,24.951,18.332237852567065,-6.6187621474329354,7.1
P030,SafeEnv,6.4,24.706,17.663094483990555,-7.042905516009444,7.1
P030,SafeEnv,6.5,24.401,16.994430933405173,-7.406569066594827,7.1
P030,SafeEnv,6.6,23.998,16.32628455726872,-7.67171544273128,7.1
P030,SafeEnv,6.7,23.513,15.658697216356051,-7.85430278364395,7.1
P030,SafeEnv,6.8,22.958,14.991716025455373,-7.966283974544625,7.1
P030,SafeEnv,6.9,22.326,14.325394264900696,-8.000605735099304,7.1
P030,SafeEnv,7.0,21.611,13.659792497526965,-7.951207502473036,7.1
P030,SafeEnv,7.1,20.811,12.994979948904934,-7.816020051095066,7.1
P030,SafeEnv,7.2,19.88,12.331036228552351,-7.548963771447648,7.1
P030,SafeEnv,7.3,18.837,11.668053497795647,-7.168946502204353,7.1
P030,SafeEnv,7.4,17.699,11.006139230000187,-6.692860769999815,7.1
P030,SafeEnv,7.5,16.468,10.345419767151977,-6.122580232848023,7.1
P030,SafeEnv,7.6,15.021,9.6860449630944,-5.334955036905601,7.1
P030,SafeEnv,7.7,13.373,9.028194334144064,-4.344805665855935,7.1
P030,SafeEnv,7.8,11.637,8.372085339212317,-3.2649146607876833,7.1
P030,SafeEnv,7.9,9.857,7.7179847301620805,-2.139015269837919,7.1
P030,SafeEnv,8.0,8.053,7.066224430872648,-0.986775569127353,7.1
P030,SafeEnv,8.1,6.239,6.4172242705495055,0.17822427054950563,7.1
P030,SafeEnv,8.2,4.42,5.771525398961243,1.3515253989612432,7.1
P030,SafeEnv,8.3,2.607,5.129840915540487,2.5228409155404865,7.1
P030,SafeEnv,8.4,0.812,4.493135330225226,3.681135330225226,7.1
P030,SafeEnv,8.5,0.091,3.8627545295349743,3.771754529534974,7.1
P030,CGP,0.0,36.605,36.605,0.0,7.1
P030,CGP,0.1,36.663,36.605,-0.05799999999999983,7.1
P030,CGP,0.2,36.718,36.605,-0.11300000000000665,7.1
P030,CGP,0.3,36.751,36.605,-0.1460000000000008,7.1
P030,CGP,0.4,36.734,36.605,-0.1290000000000049,7.1
P030,CGP,0.5,36.679,36.605,-0.07400000000000517,7.1
P030,CGP,0.6,36.596,36.605,0.009000000000000341,7.1
P030,CGP,0.7,36.498,36.605,0.10699999999999932,7.1
P030,CGP,0.8,36.396,36.605,0.20899999999999608,7.1
P030,CGP,0.9,36.293,36.605,0.3119999999999976,7.1
P030,CGP,1.0,36.191,36.605,0.4139999999999944,7.1
P030,CGP,1.1,36.089,36.605,0.5159999999999982,7.1
P030,CGP,1.2,35.987,36.605,0.617999999999995,7.1
P030,CGP,1.3,35.884,36.605,0.7209999999999965,7.1
P030,CGP,1.4,35.782,36.605,0.8230000000000004,7.1
P030,CGP,1.5,35.68,36.605,0.9249999999999972,7.1
P030,CGP,1.6,35.579,36.605,1.0259999999999962,7.1
P030,CGP,1.7,35.477,36.605,1.1280000000000001,7.1
P030,CGP,1.8,35.376,36.605,1.2289999999999992,7.1
P030,CGP,1.9,35.275,36.605,1.3299999999999983,7.1
P030,CGP,2.0,35.174,36.605,1.4309999999999974,7.1
P030,CGP,2.1,35.073,36.605,1.5319999999999965,7.1
P030,CGP,2.2,34.973,36.605,1.631999999999998,7.1
P030,CGP,2.3,34.872,36.605,1.732999999999997,7.1
P030,CGP,2.4,34.772,36.605,1.8329999999999984,7.1
P030,CGP,2.5,34.672,36.605,1.9329999999999998,7.1
P030,CGP,2.6,34.572,36.605,2.032999999999994,7.1
P030,CGP,2.7,34.473,36.605,2.131999999999998,7.1
P030,CGP,2.8,34.373,36.605,2.2319999999999993,7.1
P030,CGP,2.9,34.274,36.605,2.330999999999996,7.1
P030,CGP,3.0,34.175,36.605,2.4299999999999997,7.1
P030,CGP,3.1,34.076,36.605,2.5289999999999964,7.1
P030,CGP,3.2,33.977,36.605,2.628,7.1
P030,CGP,3.3,33.878,36.605,2.7269999999999968,7.1
P030,CGP,3.4,33.78,36.605,2.8249999999999957,7.1
P030,CGP,3.5,33.682,36.605,2.9229999999999947,7.1
P030,CGP,3.6,33.584,36.50651476600361,2.9225147660036086,7.1
P030,CGP,3.7,33.486,35.831063057458145,2.345063057458148,7.1
P030,CGP,3.8,33.388,35.15561134891268,1.7676113489126806,7.1
P030,CGP,3.9,33.29,34.480159640367205,1.190159640367206,7.1
P030,CGP,4.0,33.193,33.80470793182174,0.6117079318217407,7.1
P030,CGP,4.1,33.089,33.12925622327627,0.04025622327627332,7.1
P030,CGP,4.2,32.961,32.4538045147308,-0.5071954852692002,7.1
P030,CGP,4.3,32.771,31.77835280618533,-0.992647193814669,7.1
P030,CGP,4.4,32.525,31.102901097639865,-1.4220989023601334,7.1
P030,CGP,4.5,32.251,30.427449389094395,-1.8235506109056026,7.1
P030,CGP,4.6,31.952,29.751997680548925,-2.2000023194510767,7.1
P030,CGP,4.7,31.656,29.07654597200346,-2.5794540279965403,7.1
P030,CGP,4.8,31.373,28.40109426345799,-2.9719057365420127,7.1
P030,CGP,4.9,31.076,27.72564255491252,-3.3503574450874822,7.1
P030,CGP,5.0,30.731,27.05019084636705,-3.68080915363295,7.1
P030,CGP,5.1,30.344,26.37473913782158,-3.9692608621784196,7.1
P030,CGP,5.2,29.935,25.69928742927611,-4.235712570723887,7.1
P030,CGP,5.3,29.514,25.023835720730645,-4.490164279269354,7.1
P030,CGP,5.4,29.084,24.348384012185175,-4.735615987814825,7.1
P030,CGP,5.5,28.597,23.672932303639705,-4.9240676963602965,7.1
P030,CGP,5.6,28.054,22.99748059509424,-5.05651940490576,7.1
P030,CGP,5.7,27.479,22.322028886548768,-5.156971113451231,7.1
P030,CGP,5.8,26.916,21.646577178003298,-5.269422821996702,7.1
P030,CGP,5.9,26.383,20.97112546945783,-5.411874530542168,7.1
P030,CGP,6.0,25.91,20.29567376091236,-5.614326239087639,7.1
P030,CGP,6.1,25.518,19.62022205236689,-5.897777947633109,7.1
P030,CGP,6.2,25.204,18.944770343821425,-6.259229656178576,7.1
P030,CGP,6.3,24.951,18.269318635275955,-6.681681364724046,7.1
P030,CGP,6.4,24.706,17.593866926730488,-7.112133073269511,7.1
P030,CGP,6.5,24.401,16.918415218185018,-7.482584781814982,7.1
P030,CGP,6.6,23.998,16.242963509639548,-7.755036490360453,7.1
P030,CGP,6.7,23.513,15.56751180109408,-7.945488198905922,7.1
P030,CGP,6.8,22.958,14.892060092548611,-8.065939907451387,7.1
P030,CGP,6.9,22.326,14.216608384003143,-8.109391615996858,7.1
P030,CGP,7.0,21.611,13.541156675457673,-8.069843324542328,7.1
P030,CGP,7.1,20.811,12.865704966912205,-7.945295033087795,7.1
P030,CGP,7.2,19.88,11.849344167457645,-8.030655832542354,7.1
P030,CGP,7.3,18.837,10.612069031162342,-8.224930968837658,7.1
P030,CGP,7.4,17.699,9.37479389486704,-8.324206105132962,7.1
P030,CGP,7.5,16.468,8.137518758571739,-8.330481241428261,7.1
P030,CGP,7.6,15.021,6.900243622276436,-8.120756377723565,7.1
P030,CGP,7.7,13.373,5.662968485981134,-7.7100315140188656,7.1
P030,CGP,7.8,11.637,4.425693349685832,-7.211306650314168,7.1
P030,CGP,7.9,9.857,3.188418213390531,-6.668581786609469,7.1
P030,CGP,8.0,8.053,1.9511430770952294,-6.101856922904771,7.1
P030,CGP,8.1,6.239,0.7138679407999278,-5.525132059200072,7.1
P030,CGP,8.2,4.42,0.0,-4.42,7.1
P030,CGP,8.3,2.607,0.0,-2.607,7.1
P030,CGP,8.4,0.812,0.0,-0.812,7.1
P030,CGP,8.5,0.091,0.0,-0.091,7.1
P031,ConstDecel,0.0,27.143,27.143000000000004,3.552713678800501e-15,7.9
P031,ConstDecel,0.1,27.063,26.982351732196292,-0.08064826780370637,7.9
P031,ConstDecel,0.2,26.983,26.821703464392584,-0.1612965356074163,7.9
P031,ConstDecel,0.3,26.903,26.661055196588872,-0.24194480341112623,7.9
P031,ConstDecel,0.4,26.823,26.500406928785164,-0.32259307121483616,7.9
P031,ConstDecel,0.5,26.743,26.339758660981456,-0.40324133901854253,7.9
P031,ConstDecel,0.6,26.663,26.179110393177744,-0.483889606822256,7.9
P031,ConstDecel,0.7,26.583,26.018462125374036,-0.5645378746259624,7.9
P031,ConstDecel,0.8,26.503,25.857813857570328,-0.6451861424296723,7.9
P031,ConstDecel,0.9,26.422,25.697165589766616,-0.7248344102333846,7.9
P031,ConstDecel,1.0,26.341,25.536517321962904,-0.8044826780370968,7.9
P031,ConstDecel,1.1,26.26,25.3758690541592,-0.884130945840802,7.9
P031,ConstDecel,1.2,26.179,25.215220786355488,-0.9637792136445107,7.9
P031,ConstDecel,1.3,26.097,25.054572518551776,-1.0424274814482253,7.9
P031,ConstDecel,1.4,26.016,24.89392425074807,-1.1220757492519269,7.9
P031,ConstDecel,1.5,25.934,24.73327598294436,-1.2007240170556415,7.9
P031,ConstDecel,1.6,25.853,24.572627715140648,-1.2803722848593537,7.9
P031,ConstDecel,1.7,25.771,24.411979447336943,-1.3590205526630577,7.9
P031,ConstDecel,1.8,25.689,24.25133117953323,-1.4376688204667687,7.9
P031,ConstDecel,1.9,25.608,24.09068291172952,-1.517317088270481,7.9
P031,ConstDecel,2.0,25.527,23.930034643925815,-1.596965356074186,7.9
P031,ConstDecel,2.1,25.445,23.769386376122103,-1.6756136238778971,7.9
P031,ConstDecel,2.2,25.364,23.60873810831839,-1.7552618916816094,7.9
P031,ConstDecel,2.3,25.283,23.448089840514687,-1.8349101594853146,7.9
P031,ConstDecel,2.4,25.203,23.287441572710975,-1.9155584272890245,7.9
P031,ConstDecel,2.5,25.122,23.126793304907263,-1.9952066950927367,7.9
P031,ConstDecel,2.6,25.041,22.966145037103555,-2.0748549628964454,7.9
P031,ConstDecel,2.7,24.961,22.805496769299847,-2.155503230700152,7.9
P031,ConstDecel,2.8,24.881,22.644848501496135,-2.2361514985038653,7.9
P031,ConstDecel,2.9,24.8,22.484200233692427,-2.315799766307574,7.9
P031,ConstDecel,3.0,24.72,22.32355196588872,-2.3964480341112804,7.9
P031,ConstDecel,3.1,24.639,22.162903698085007,-2.4760963019149926,7.9
P031,ConstDecel,3.2,24.559,22.0022554302813,-2.5567445697187026,7.9
P031,ConstDecel,3.3,24.478,21.841607162477587,-2.636392837522415,7.9
P031,ConstDecel,3.4,24.396,21.68095889467388,-2.7150411053261223,7.9
P031,ConstDecel,3.5,24.313,21.52031062687017,-2.7926893731298286,7.9
P031,ConstDecel,3.6,24.23,21.35966235906646,-2.870337640933542,7.9
P031,ConstDecel,3.7,24.147,21.19901409126275,-2.947985908737248,7.9
P031,ConstDecel,3.8,24.064,21.038365823459042,-3.025634176540958,7.9
P031,ConstDecel,3.9,23.982,20.87771755565533,-3.104282444344669,7.9
P031,ConstDecel,4.0,23.899,20.717069287851622,-3.181930712148379,7.9
P031,ConstDecel,4.1,23.816,20.556421020047914,-3.259578979952085,7.9
P031,ConstDecel,4.2,23.734,20.395772752244202,-3.3382272477557997,7.9
P031,ConstDecel,4.3,23.651,20.235124484440494,-3.415875515559506,7.9
P031,ConstDecel,4.4,23.566,20.074476216636786,-3.4915237833632133,7.9
P031,ConstDecel,4.5,23.474,19.913827948833074,-3.5601720511669264,7.9
P031,ConstDecel,4.6,23.383,19.75317968102937,-3.62982031897063,7.9
P031,ConstDecel,4.7,23.292,19.592531413225657,-3.699468586774344,7.9
P031,ConstDecel,4.8,23.2,19.431883145421946,-3.7681168545780537,7.9
P031,ConstDecel,4.9,23.107,19.271234877618237,-3.835765122381762,7.9
P031,ConstDecel,5.0,23.013,19.11058660981453,-3.9024133901854725,7.9
P031,ConstDecel,5.1,22.921,18.949938342010817,-3.971061657989182,7.9
P031,ConstDecel,5.2,22.828,18.78929007420711,-4.03870992579289,7.9
P031,ConstDecel,5.3,22.736,18.6286418064034,-4.1073581935966,7.9
P031,ConstDecel,5.4,22.644,18.46799353859969,-4.176006461400309,7.9
P031,ConstDecel,5.5,22.55,18.30734527079598,-4.24265472920402,7.9
P031,ConstDecel,5.6,22.454,18.14669700299227,-4.3073029970077314,7.9
P031,ConstDecel,5.7,22.356,17.98604873518856,-4.369951264811441,7.9
P031,ConstDecel,5.8,22.262,17.825400467384853,-4.436599532615148,7.9
P031,ConstDecel,5.9,22.173,17.66475219958114,-4.508247800418857,7.9
P031,ConstDecel,6.0,22.086,17.504103931777433,-4.581896068222566,7.9
P031,ConstDecel,6.1,22.0,17.343455663973725,-4.6565443360262755,7.9
P031,ConstDecel,6.2,21.915,17.182807396170013,-4.732192603829986,7.9
P031,ConstDecel,6.3,21.829,17.0221591283663,-4.8068408716337,7.9
P031,ConstDecel,6.4,21.744,16.861510860562593,-4.882489139437407,7.9
P031,ConstDecel,6.5,21.658,16.700862592758885,-4.957137407241117,7.9
P031,ConstDecel,6.6,21.573,16.540214324955176,-5.032785675044824,7.9
P031,ConstDecel,6.7,21.489,16.379566057151465,-5.109433942848536,7.9
P031,ConstDecel,6.8,21.404,16.218917789347756,-5.185082210652244,7.9
P031,ConstDecel,6.9,21.319,16.058269521544045,-5.2607304784559545,7.9
P031,ConstDecel,7.0,21.235,15.897621253740336,-5.337378746259663,7.9
P031,ConstDecel,7.1,21.151,15.736972985936628,-5.414027014063372,7.9
P031,ConstDecel,7.2,21.067,15.576324718132916,-5.490675281867084,7.9
P031,ConstDecel,7.3,20.983,15.415676450329208,-5.5673235496707925,7.9
P031,ConstDecel,7.4,20.898,15.2550281825255,-5.6429718174745,7.9
P031,ConstDecel,7.5,20.766,15.09437991472179,-5.671620085278208,7.9
P031,ConstDecel,7.6,20.506,14.933731646918082,-5.572268353081919,7.9
P031,ConstDecel,7.7,20.115,14.77308337911437,-5.341916620885629,7.9
P031,ConstDecel,7.8,19.639,14.612435111310662,-5.026564888689338,7.9
P031,ConstDecel,7.9,19.112,14.451786843506952,-4.660213156493047,7.9
P031,ConstDecel,8.0,18.527,14.291138575703242,-4.235861424296759,7.9
P031,ConstDecel,8.1,17.864,14.130490307899533,-3.7335096921004673,7.9
P031,ConstDecel,8.2,17.133,13.969842040095825,-3.163157959904174,7.9
P031,ConstDecel,8.3,16.351,13.809193772292113,-2.5418062277078857,7.9
P031,ConstDecel,8.4,15.521,13.648545504488402,-1.8724544955115991,7.9
P031,ConstDecel,8.5,14.632,13.487897236684693,-1.1441027633153062,7.9
P031,ConstDecel,8.6,13.679,13.327248968880985,-0.35175103111901507,7.9
P031,ConstDecel,8.7,12.659,13.166600701077277,0.5076007010772763,7.9
P031,ConstDecel,8.8,11.586,13.005952433273565,1.419952433273565,7.9
P031,ConstDecel,8.9,10.475,12.845304165469857,2.3703041654698573,7.9
P031,ConstDecel,9.0,9.346,12.684655897666147,3.338655897666147,7.9
P031,ConstDecel,9.1,8.196,12.524007629862439,4.328007629862439,7.9
P031,ConstDecel,9.2,7.027,12.36335936205873,5.33635936205873,7.9
P031,ConstDecel,9.3,5.84,12.202711094255017,6.362711094255017,7.9
P031,ConstDecel,9.4,4.639,12.042062826451309,7.4030628264513085,7.9
P031,ConstDecel,9.5,3.435,11.881414558647599,8.446414558647598,7.9
P031,ConstDecel,9.6,2.233,11.72076629084389,9.48776629084389,7.9
P031,ConstDecel,9.7,1.04,11.560118023040182,10.520118023040183,7.9
P031,ConstDecel,9.8,0.086,11.39946975523647,11.31346975523647,7.9
P031,SafeEnv,0.0,27.143,27.143000000000004,3.552713678800501e-15,7.9
P031,SafeEnv,0.1,27.063,27.143000000000004,0.0800000000000054,7.9
P031,SafeEnv,0.2,26.983,27.143000000000004,0.1600000000000037,7.9
P031,SafeEnv,0.3,26.903,27.143000000000004,0.24000000000000554,7.9
P031,SafeEnv,0.4,26.823,27.143000000000004,0.32000000000000384,7.9
P031,SafeEnv,0.5,26.743,27.143000000000004,0.4000000000000057,7.9
P031,SafeEnv,0.6,26.663,27.143000000000004,0.480000000000004,7.9
P031,SafeEnv,0.7,26.583,27.143000000000004,0.5600000000000058,7.9
P031,SafeEnv,0.8,26.503,27.143000000000004,0.6400000000000041,7.9
P031,SafeEnv,0.9,26.422,27.143000000000004,0.7210000000000036,7.9
P031,SafeEnv,1.0,26.341,27.143000000000004,0.8020000000000032,7.9
P031,SafeEnv,1.1,26.26,27.143000000000004,0.8830000000000027,7.9
P031,SafeEnv,1.2,26.179,27.143000000000004,0.9640000000000057,7.9
P031,SafeEnv,1.3,26.097,27.143000000000004,1.046000000000003,7.9
P031,SafeEnv,1.4,26.016,27.143000000000004,1.127000000000006,7.9
P031,SafeEnv,1.5,25.934,27.143000000000004,1.2090000000000032,7.9
P031,SafeEnv,1.6,25.853,27.143000000000004,1.2900000000000027,7.9
P031,SafeEnv,1.7,25.771,27.143000000000004,1.3720000000000034,7.9
P031,SafeEnv,1.8,25.689,27.143000000000004,1.4540000000000042,7.9
P031,SafeEnv,1.9,25.608,27.143000000000004,1.5350000000000037,7.9
P031,SafeEnv,2.0,25.527,27.143000000000004,1.6160000000000032,7.9
P031,SafeEnv,2.1,25.445,27.143000000000004,1.698000000000004,7.9
P031,SafeEnv,2.2,25.364,27.143000000000004,1.7790000000000035,7.9
P031,SafeEnv,2.3,25.283,27.143000000000004,1.860000000000003,7.9
P031,SafeEnv,2.4,25.203,27.143000000000004,1.9400000000000048,7.9
P031,SafeEnv,2.5,25.122,27.143000000000004,2.0210000000000043,7.9
P031,SafeEnv,2.6,25.041,27.143000000000004,2.102000000000004,7.9
P031,SafeEnv,2.7,24.961,27.143000000000004,2.1820000000000057,7.9
P031,SafeEnv,2.8,24.881,27.143000000000004,2.262000000000004,7.9
P031,SafeEnv,2.9,24.8,27.143000000000004,2.3430000000000035,7.9
P031,SafeEnv,3.0,24.72,27.143000000000004,2.4230000000000054,7.9
P031,SafeEnv,3.1,24.639,27.143000000000004,2.504000000000005,7.9
P031,SafeEnv,3.2,24.559,27.143000000000004,2.584000000000003,7.9
P031,SafeEnv,3.3,24.478,27.143000000000004,2.6650000000000027,7.9
P031,SafeEnv,3.4,24.396,27.143000000000004,2.7470000000000034,7.9
P031,SafeEnv,3.5,24.313,27.143000000000004,2.8300000000000054,7.9
P031,SafeEnv,3.6,24.23,27.143000000000004,2.913000000000004,7.9
P031,SafeEnv,3.7,24.147,27.143000000000004,2.9960000000000058,7.9
P031,SafeEnv,3.8,24.064,27.143000000000004,3.079000000000004,7.9
P031,SafeEnv,3.9,23.982,27.143000000000004,3.161000000000005,7.9
P031,SafeEnv,4.0,23.899,27.143000000000004,3.2440000000000033,7.9
P031,SafeEnv,4.1,23.816,27.143000000000004,3.3270000000000053,7.9
P031,SafeEnv,4.2,23.734,27.143000000000004,3.4090000000000025,7.9
P031,SafeEnv,4.3,23.651,27.143000000000004,3.4920000000000044,7.9
P031,SafeEnv,4.4,23.566,27.143000000000004,3.5770000000000053,7.9
P031,SafeEnv,4.5,23.474,27.143000000000004,3.669000000000004,7.9
P031,SafeEnv,4.6,23.383,27.143000000000004,3.760000000000005,7.9
P031,SafeEnv,4.7,23.292,27.143000000000004,3.8510000000000026,7.9
P031,SafeEnv,4.8,23.2,27.143000000000004,3.943000000000005,7.9
P031,SafeEnv,4.9,23.107,27.143000000000004,4.036000000000005,7.9
P031,SafeEnv,5.0,23.013,27.143000000000004,4.130000000000003,7.9
P031,SafeEnv,5.1,22.921,27.143000000000004,4.222000000000005,7.9
P031,SafeEnv,5.2,22.828,27.143000000000004,4.315000000000005,7.9
P031,SafeEnv,5.3,22.736,27.143000000000004,4.407000000000004,7.9
P031,SafeEnv,5.4,22.644,27.143000000000004,4.499000000000006,7.9
P031,SafeEnv,5.5,22.55,27.143000000000004,4.5930000000000035,7.9
P031,SafeEnv,5.6,22.454,27.143000000000004,4.689000000000004,7.9
P031,SafeEnv,5.7,22.356,27.143000000000004,4.787000000000003,7.9
P031,SafeEnv,5.8,22.262,27.143000000000004,4.881000000000004,7.9
P031,SafeEnv,5.9,22.173,27.143000000000004,4.970000000000006,7.9
P031,SafeEnv,6.0,22.086,27.143000000000004,5.057000000000006,7.9
P031,SafeEnv,6.1,22.0,27.143000000000004,5.143000000000004,7.9
P031,SafeEnv,6.2,21.915,27.143000000000004,5.228000000000005,7.9
P031,SafeEnv,6.3,21.829,27.143000000000004,5.314000000000004,7.9
P031,SafeEnv,6.4,21.744,27.143000000000004,5.3990000000000045,7.9
P031,SafeEnv,6.5,21.658,26.8586921755402,5.200692175540198,7.9
P031,SafeEnv,6.6,21.573,26.185526707721642,4.612526707721642,7.9
P031,SafeEnv,6.7,21.489,25.512583605469533,4.023583605469533,7.9
P031,SafeEnv,6.8,21.404,24.839874517905518,3.4358745179055177,7.9
P031,SafeEnv,6.9,21.319,24.167412029565625,2.848412029565626,7.9
P031,SafeEnv,7.0,21.235,23.495209762903446,2.2602097629034468,7.9
P031,SafeEnv,7.1,21.151,22.823282495181502,1.672282495181502,7.9
P031,SafeEnv,7.2,21.067,22.151646292236485,1.084646292236485,7.9
P031,SafeEnv,7.3,20.983,21.480318662119316,0.49731866211931575,7.9
P031,SafeEnv,7.4,20.898,20.809318732250595,-0.08868126774940421,7.9
P031,SafeEnv,7.5,20.766,20.138667454531763,-0.627332545468235,7.9
P031,SafeEnv,7.6,20.506,19.468387843859922,-1.037612156140078,7.9
P031,SafeEnv,7.7,20.115,18.798505256770092,-1.3164947432299066,7.9
P031,SafeEnv,7.8,19.639,18.12904771855627,-1.5099522814437307,7.9
P031,SafeEnv,7.9,19.112,17.46004630931799,-1.65195369068201,7.9
P031,SafeEnv,8.0,18.527,16.791535622090944,-1.7354643779090573,7.9
P031,SafeEnv,8.1,17.864,16.123554309769347,-1.7404456902306542,7.9
P031,SafeEnv,8.2,17.133,15.456145742207015,-1.676854257792984,7.9
P031,SafeEnv,8.3,16.351,14.789358801120175,-1.5616411988798244,7.9
P031,SafeEnv,8.4,15.521,14.123248848807831,-1.3977511511921694,7.9
P031,SafeEnv,8.5,14.632,13.45787891813448,-1.17412108186552,7.9
P031,SafeEnv,8.6,13.679,12.79332118696856,-0.8856788130314399,7.9
P031,SafeEnv,8.7,12.659,12.129658822258902,-0.5293411777410988,7.9
P031,SafeEnv,8.8,11.586,11.466988310074823,-0.11901168992517697,7.9
P031,SafeEnv,8.9,10.475,10.805422432726736,0.33042243272673666,7.9
P031,SafeEnv,9.0,9.346,10.145094119606043,0.7990941196060426,7.9
P031,SafeEnv,9.1,8.196,9.48616149600978,1.2901614960097803,7.9
P031,SafeEnv,9.2,7.027,8.828814602672841,1.8018146026728408,7.9
P031,SafeEnv,9.3,5.84,8.173284489603953,2.333284489603953,7.9
P031,SafeEnv,9.4,4.639,7.519855755925192,2.880855755925192,7.9
P031,SafeEnv,9.5,3.435,6.868884210872121,3.433884210872121,7.9
P031,SafeEnv,9.6,2.233,6.220822351733152,3.987822351733152,7.9
P031,SafeEnv,9.7,1.04,5.576257142503159,4.536257142503159,7.9
P031,SafeEnv,9.8,0.086,4.935967836924089,4.849967836924089,7.9
P031,CGP,0.0,27.143,27.143000000000004,3.552713678800501e-15,7.9
P031,CGP,0.1,27.063,27.062409090909092,-0.0005909090909064219,7.9
P031,CGP,0.2,26.983,26.98181818181818,-0.0011818181818199491,7.9
P031,CGP,0.3,26.903,26.901227272727272,-0.001772727272726371,7.9
P031,CGP,0.4,26.823,26.82063636363636,-0.0023636363636398983,7.9
P031,CGP,0.5,26.743,26.740045454545452,-0.00295454545454632,7.9
P031,CGP,0.6,26.663,26.65945454545454,-0.0035454545454598474,7.9
P031,CGP,0.7,26.583,26.578863636363632,-0.004136363636366269,7.9
P031,CGP,0.8,26.503,26.49827272727272,-0.0047272727272797965,7.9
P031,CGP,0.9,26.422,26.417681818181812,-0.004318181818188549,7.9
P031,CGP,1.0,26.341,26.3370909090909,-0.003909090909100854,7.9
P031,CGP,1.1,26.26,26.256499999999992,-0.0035000000000096065,7.9
P031,CGP,1.2,26.179,26.17590909090908,-0.003090909090918359,7.9
P031,CGP,1.3,26.097,26.09531818181817,-0.0016818181818329947,7.9
P031,CGP,1.4,26.016,26.01472727272726,-0.0012727272727381944,7.9
P031,CGP,1.5,25.934,25.934136363636348,0.00013636363634716986,7.9
P031,CGP,1.6,25.853,25.85354545454544,0.0005454545454384174,7.9
P031,CGP,1.7,25.771,25.772954545454528,0.0019545454545273344,7.9
P031,CGP,1.8,25.689,25.69236363636362,0.003363636363619804,7.9
P031,CGP,1.9,25.608,25.611772727272708,0.003772727272707499,7.9
P031,CGP,2.0,25.527,25.5311818181818,0.0041818181817987465,7.9
P031,CGP,2.1,25.445,25.450590909090888,0.0055909090908876635,7.9
P031,CGP,2.2,25.364,25.36999999999998,0.005999999999978911,7.9
P031,CGP,2.3,25.283,25.289409090909068,0.006409090909066606,7.9
P031,CGP,2.4,25.203,25.208818181818156,0.005818181818156631,7.9
P031,CGP,2.5,25.122,25.128227272727248,0.006227272727247879,7.9
P031,CGP,2.6,25.041,25.047636363636336,0.006636363636335574,7.9
P031,CGP,2.7,24.961,24.967045454545428,0.006045454545429152,7.9
P031,CGP,2.8,24.881,24.886454545454516,0.005454545454515625,7.9
P031,CGP,2.9,24.8,24.805863636363608,0.005863636363606872,7.9
P031,CGP,3.0,24.72,24.725272727272696,0.005272727272696898,7.9
P031,CGP,3.1,24.639,24.644681818181787,0.005681818181788145,7.9
P031,CGP,3.2,24.559,24.564090909090876,0.005090909090874618,7.9
P031,CGP,3.3,24.478,24.483499999999967,0.0054999999999658655,7.9
P031,CGP,3.4,24.396,24.402909090909056,0.0069090909090547825,7.9
P031,CGP,3.5,24.313,24.322318181818144,0.009318181818144922,7.9
P031,CGP,3.6,24.23,24.241727272727235,0.01172727272723506,7.9
P031,CGP,3.7,24.147,24.161136363636324,0.0141363636363252,7.9
P031,CGP,3.8,24.064,24.080545454545415,0.01654545454541534,7.9
P031,CGP,3.9,23.982,23.999954545454504,0.017954545454504256,7.9
P031,CGP,4.0,23.899,23.919363636363595,0.020363636363594395,7.9
P031,CGP,4.1,23.816,23.838772727272683,0.022772727272684534,7.9
P031,CGP,4.2,23.734,23.758181818181775,0.02418181818177345,7.9
P031,CGP,4.3,23.651,23.677590909090863,0.02659090909086359,7.9
P031,CGP,4.4,23.566,23.59699999999995,0.03099999999995262,7.9
P031,CGP,4.5,23.474,23.516409090909043,0.0424090909090431,7.9
P031,CGP,4.6,23.383,23.43581818181813,0.05281818181813236,7.9
P031,CGP,4.7,23.292,23.355227272727223,0.06322727272722162,7.9
P031,CGP,4.8,23.2,23.27463636363631,0.0746363636363121,7.9
P031,CGP,4.9,23.107,23.194045454545403,0.0870454545454038,7.9
P031,CGP,5.0,23.013,23.11345454545449,0.10045454545448962,7.9
P031,CGP,5.1,22.921,23.032863636363583,0.11186363636358365,7.9
P031,CGP,5.2,22.828,22.95227272727267,0.1242727272726718,7.9
P031,CGP,5.3,22.736,22.871681818181763,0.13568181818176228,7.9
P031,CGP,5.4,22.644,22.79109090909085,0.14709090909085276,7.9
P031,CGP,5.5,22.55,22.71049999999994,0.16049999999993858,7.9
P031,CGP,5.6,22.454,22.62990909090903,0.1759090909090304,7.9
P031,CGP,5.7,22.356,22.54931818181812,0.19331818181811755,7.9
P031,CGP,5.8,22.262,22.46872727272721,0.20672727272721048,7.9
P031,CGP,5.9,22.173,22.3881363636363,0.21513636363630084,7.9
P031,CGP,6.0,22.086,22.30754545454539,0.22154545454539232,7.9
P031,CGP,6.1,22.0,22.22695454545448,0.22695454545447902,7.9
P031,CGP,6.2,21.915,22.14636363636357,0.2313636363635716,7.9
P031,CGP,6.3,21.829,22.06577272727266,0.2367727272726583,7.9
P031,CGP,6.4,21.744,21.98518181818175,0.24118181818175088,7.9
P031,CGP,6.5,21.658,21.90459090909084,0.24659090909083758,7.9
P031,CGP,6.6,21.573,21.823999999999927,0.2509999999999266,7.9
P031,CGP,6.7,21.489,21.74340909090902,0.254409090909018,7.9
P031,CGP,6.8,21.404,21.662818181818107,0.258818181818107,7.9
P031,CGP,6.9,21.319,21.5822272727272,0.2632272727271996,7.9
P031,CGP,7.0,21.235,21.501636363636287,0.2666363636362874,7.9
P031,CGP,7.1,21.151,21.42104545454538,0.27004545454537876,7.9
P031,CGP,7.2,21.067,21.340454545454467,0.27345454545446657,7.9
P031,CGP,7.3,20.983,21.25986363636356,0.27686363636355793,7.9
P031,CGP,7.4,20.898,21.179272727272647,0.28127272727264696,7.9
P031,CGP,7.5,20.766,21.09868181818174,0.33268181818174014,7.9
P031,CGP,7.6,20.506,21.018090909090827,0.5120909090908263,7.9
P031,CGP,7.7,20.115,20.937499999999915,0.8224999999999163,7.9
P031,CGP,7.8,19.639,20.856909090909006,1.2179090909090071,7.9
P031,CGP,7.9,19.112,20.776318181818095,1.6643181818180963,7.9
P031,CGP,8.0,18.527,20.354818181818096,1.8278181818180954,7.9
P031,CGP,8.1,17.864,19.592409090909,1.7284090909090004,7.9
P031,CGP,8.2,17.133,18.74741039174302,1.6144103917430215,7.9
P031,CGP,8.3,16.351,17.902411692577036,1.5514116925770374,7.9
P031,CGP,8.4,15.521,17.057412993411052,1.5364129934110515,7.9
P031,CGP,8.5,14.632,16.212414294245068,1.5804142942450685,7.9
P031,CGP,8.6,13.679,15.367415595079086,1.6884155950790856,7.9
P031,CGP,8.7,12.659,14.522416895913102,1.863416895913101,7.9
P031,CGP,8.8,11.586,13.67741819674712,2.091418196747119,7.9
P031,CGP,8.9,10.475,12.832419497581135,2.3574194975811356,7.9
P031,CGP,9.0,9.346,11.987420798415153,2.6414207984151528,7.9
P031,CGP,9.1,8.196,11.142422099249169,2.946422099249169,7.9
P031,CGP,9.2,7.027,10.297423400083185,3.2704234000831844,7.9
P031,CGP,9.3,5.84,9.452424700917202,3.6124247009172024,7.9
P031,CGP,9.4,4.639,8.607426001751218,3.968426001751218,7.9
P031,CGP,9.5,3.435,7.762427302585235,4.327427302585235,7.9
P031,CGP,9.6,2.233,6.917428603419252,4.684428603419251,7.9
P031,CGP,9.7,1.04,6.072429904253268,5.032429904253268,7.9
P031,CGP,9.8,0.086,5.227431205087285,5.141431205087285,7.9
P032,ConstDecel,0.0,29.438,29.438,0.0,5.2
P032,ConstDecel,0.1,29.462,29.249546284641085,-0.21245371535891522,5.2
P032,ConstDecel,0.2,29.48,29.061092569282167,-0.41890743071783376,5.2
P032,ConstDecel,0.3,29.491,28.872638853923252,-0.6183611460767473,5.2
P032,ConstDecel,0.4,29.496,28.684185138564338,-0.8118148614356606,5.2
P032,ConstDecel,0.5,29.497,28.495731423205424,-1.0012685767945761,5.2
P032,ConstDecel,0.6,29.494,28.307277707846506,-1.186722292153494,5.2
P032,ConstDecel,0.7,29.485,28.11882399248759,-1.3661760075124079,5.2
P032,ConstDecel,0.8,29.47,27.930370277128677,-1.5396297228713216,5.2
P032,ConstDecel,0.9,29.45,27.741916561769767,-1.7080834382302328,5.2
P032,ConstDecel,1.0,29.424,27.553462846410845,-1.8705371535891544,5.2
P032,ConstDecel,1.1,29.394,27.365009131051934,-2.028990868948064,5.2
P032,ConstDecel,1.2,29.36,27.17655541569302,-2.1834445843069794,5.2
P032,ConstDecel,1.3,29.325,26.988101700334106,-2.3368982996658936,5.2
P032,ConstDecel,1.4,29.287,26.799647984975188,-2.487352015024811,5.2
P032,ConstDecel,1.5,29.247,26.611194269616274,-2.6358057303837263,5.2
P032,ConstDecel,1.6,29.206,26.42274055425736,-2.7832594457426403,5.2
P032,ConstDecel,1.7,29.163,26.23428683889844,-2.928713161101559,5.2
P032,ConstDecel,1.8,29.121,26.045833123539527,-3.0751668764604716,5.2
P032,ConstDecel,1.9,29.084,25.857379408180613,-3.226620591819387,5.2
P032,ConstDecel,2.0,29.056,25.6689256928217,-3.3870743071783025,5.2
P032,ConstDecel,2.1,29.04,25.48047197746278,-3.5595280225372186,5.2
P032,ConstDecel,2.2,29.035,25.292018262103866,-3.742981737896134,5.2
P032,ConstDecel,2.3,29.037,25.103564546744956,-3.9334354532550435,5.2
P032,ConstDecel,2.4,29.046,24.91511083138604,-4.130889168613958,5.2
P032,ConstDecel,2.5,29.062,24.726657116027123,-4.335342883972878,5.2
P032,ConstDecel,2.6,29.085,24.53820340066821,-4.546796599331792,5.2
P032,ConstDecel,2.7,29.115,24.349749685309295,-4.765250314690704,5.2
P032,ConstDecel,2.8,29.149,24.161295969950377,-4.987704030049624,5.2
P032,ConstDecel,2.9,29.184,23.972842254591463,-5.2111577454085385,5.2
P032,ConstDecel,3.0,29.212,23.78438853923255,-5.4276114607674515,5.2
P032,ConstDecel,3.1,29.23,23.595934823873634,-5.6340651761263665,5.2
P032,ConstDecel,3.2,29.239,23.407481108514716,-5.831518891485285,5.2
P032,ConstDecel,3.3,29.245,23.2190273931558,-6.025972606844199,5.2
P032,ConstDecel,3.4,29.249,23.030573677796887,-6.218426322203111,5.2
P032,ConstDecel,3.5,29.251,22.842119962437977,-6.4088800375620245,5.2
P032,ConstDecel,3.6,29.248,22.653666247079055,-6.594333752920946,5.2
P032,ConstDecel,3.7,29.237,22.465212531720145,-6.771787468279854,5.2
P032,ConstDecel,3.8,29.218,22.27675881636123,-6.94124118363877,5.2
P032,ConstDecel,3.9,29.19,22.088305101002312,-7.101694898997689,5.2
P032,ConstDecel,4.0,29.154,21.899851385643398,-7.254148614356602,5.2
P032,ConstDecel,4.1,29.114,21.711397670284484,-7.402602329715517,5.2
P032,ConstDecel,4.2,29.071,21.52294395492557,-7.548056045074432,5.2
P032,ConstDecel,4.3,29.019,21.334490239566655,-7.684509760433343,5.2
P032,ConstDecel,4.4,28.956,21.146036524207737,-7.809963475792262,5.2
P032,ConstDecel,4.5,28.88,20.957582808848823,-7.922417191151176,5.2
P032,ConstDecel,4.6,28.794,20.769129093489912,-8.024870906510088,5.2
P032,ConstDecel,4.7,28.705,20.58067537813099,-8.124324621869008,5.2
P032,ConstDecel,4.8,28.616,20.39222166277208,-8.22377833722792,5.2
P032,ConstDecel,4.9,28.526,20.203767947413166,-8.322232052586834,5.2
P032,ConstDecel,5.0,28.436,20.015314232054248,-8.420685767945752,5.2
P032,ConstDecel,5.1,28.346,19.826860516695334,-8.519139483304667,5.2
P032,ConstDecel,5.2,28.212,19.63840680133642,-8.57359319866358,5.2
P032,ConstDecel,5.3,27.961,19.449953085977505,-8.511046914022494,5.2
P032,ConstDecel,5.4,27.582,19.261499370618587,-8.320500629381414,5.2
P032,ConstDecel,5.5,27.108,19.073045655259673,-8.034954344740328,5.2
P032,ConstDecel,5.6,26.58,18.88459193990076,-7.69540806009924,5.2
P032,ConstDecel,5.7,26.011,18.696138224541844,-7.314861775458155,5.2
P032,ConstDecel,5.8,25.416,18.50768450918293,-6.9083154908170705,5.2
P032,ConstDecel,5.9,24.832,18.319230793824012,-6.512769206175989,5.2
P032,ConstDecel,6.0,24.279,18.1307770784651,-6.148222921534899,5.2
P032,ConstDecel,6.1,23.767,17.942323363106183,-5.824676636893816,5.2
P032,ConstDecel,6.2,23.273,17.75386964774727,-5.519130352252731,5.2
P032,ConstDecel,6.3,22.756,17.565415932388355,-5.1905840676116455,5.2
P032,ConstDecel,6.4,22.208,17.376962217029437,-4.8310377829705615,5.2
P032,ConstDecel,6.5,21.588,17.188508501670523,-4.399491498329478,5.2
P032,ConstDecel,6.6,20.856,17.000054786311612,-3.85594521368839,5.2
P032,ConstDecel,6.7,20.039,16.811601070952694,-3.2273989290473075,5.2
P032,ConstDecel,6.8,19.155,16.62314735559378,-2.5318526444062215,5.2
P032,ConstDecel,6.9,18.213,16.434693640234865,-1.7783063597651356,5.2
P032,ConstDecel,7.0,17.235,16.246239924875947,-0.988760075124052,5.2
P032,ConstDecel,7.1,16.252,16.057786209517033,-0.19421379048296572,5.2
P032,ConstDecel,7.2,15.285,15.869332494158119,0.5843324941581187,5.2
P032,ConstDecel,7.3,14.341,15.680878778799205,1.3398787787992053,5.2
P032,ConstDecel,7.4,13.428,15.492425063440288,2.0644250634402876,5.2
P032,ConstDecel,7.5,12.553,15.303971348081374,2.7509713480813733,5.2
P032,ConstDecel,7.6,11.719,15.115517632722458,3.3965176327224587,5.2
P032,ConstDecel,7.7,10.917,14.927063917363542,4.010063917363542,5.2
P032,ConstDecel,7.8,10.142,14.73861020200463,4.59661020200463,5.2
P032,ConstDecel,7.9,9.381,14.550156486645713,5.169156486645713,5.2
P032,ConstDecel,8.0,8.618,14.361702771286799,5.743702771286799,5.2
P032,ConstDecel,8.1,7.85,14.173249055927887,6.323249055927887,5.2
P032,ConstDecel,8.2,7.083,13.98479534056897,6.90179534056897,5.2
P032,ConstDecel,8.3,6.327,13.796341625210054,7.469341625210054,5.2
P032,ConstDecel,8.4,5.596,13.60788790985114,8.01188790985114,5.2
P032,ConstDecel,8.5,4.912,13.419434194492224,8.507434194492223,5.2
P032,ConstDecel,8.6,4.291,13.23098047913331,8.93998047913331,5.2
P032,ConstDecel,8.7,3.746,13.042526763774397,9.296526763774397,5.2
P032,ConstDecel,8.8,3.256,12.854073048415477,9.598073048415477,5.2
P032,ConstDecel,8.9,2.816,12.665619333056565,9.849619333056566,5.2
P032,ConstDecel,9.0,2.451,12.47716561769765,10.02616561769765,5.2
P032,ConstDecel,9.1,2.167,12.288711902338735,10.121711902338735,5.2
P032,ConstDecel,9.2,1.961,12.10025818697982,10.13925818697982,5.2
P032,ConstDecel,9.3,1.829,11.911804471620902,10.082804471620902,5.2
P032,ConstDecel,9.4,1.768,11.723350756261988,9.955350756261987,5.2
P032,ConstDecel,9.5,1.738,11.534897040903076,9.796897040903076,5.2
P032,ConstDecel,9.6,1.72,11.346443325544161,9.62644332554416,5.2
P032,ConstDecel,9.7,1.704,11.157989610185245,9.453989610185245,5.2
P032,ConstDecel,9.8,1.691,10.969535894826329,9.278535894826328,5.2
P032,ConstDecel,9.9,1.677,10.781082179467415,9.104082179467415,5.2
P032,ConstDecel,10.0,1.664,10.592628464108499,8.928628464108499,5.2
P032,ConstDecel,10.1,1.652,10.404174748749586,8.752174748749587,5.2
P032,ConstDecel,10.2,1.639,10.215721033390672,8.576721033390672,5.2
P032,ConstDecel,10.3,1.627,10.027267318031754,8.400267318031753,5.2
P032,ConstDecel,10.4,1.616,9.83881360267284,8.22281360267284,5.2
P032,ConstDecel,10.5,1.604,9.650359887313925,8.046359887313926,5.2
P032,ConstDecel,10.6,1.593,9.46190617195501,7.868906171955009,5.2
P032,ConstDecel,10.7,1.582,9.273452456596097,7.691452456596097,5.2
P032,ConstDecel,10.8,1.572,9.084998741237177,7.512998741237177,5.2
P032,ConstDecel,10.9,1.561,8.896545025878265,7.335545025878265,5.2
P032,ConstDecel,11.0,1.551,8.70809131051935,7.15709131051935,5.2
P032,ConstDecel,11.1,1.541,8.519637595160436,6.978637595160436,5.2
P032,ConstDecel,11.2,1.532,8.33118387980152,6.79918387980152,5.2
P032,ConstDecel,11.3,1.522,8.142730164442604,6.6207301644426035,5.2
P032,ConstDecel,11.4,1.511,7.954276449083689,6.4432764490836885,5.2
P032,ConstDecel,11.5,1.449,7.765822733724774,6.316822733724774,5.2
P032,ConstDecel,11.6,1.278,7.577369018365861,6.29936901836586,5.2
P032,ConstDecel,11.7,1.003,7.388915303006947,6.385915303006947,5.2
P032,ConstDecel,11.8,0.654,7.200461587648029,6.546461587648029,5.2
P032,ConstDecel,11.9,0.273,7.012007872289115,6.739007872289116,5.2
P032,SafeEnv,0.0,29.438,29.438,0.0,5.2
P032,SafeEnv,0.1,29.462,29.438,-0.02400000000000091,5.2
P032,SafeEnv,0.2,29.48,29.438,-0.04200000000000159,5.2
P032,SafeEnv,0.3,29.491,29.438,-0.053000000000000824,5.2
P032,SafeEnv,0.4,29.496,29.438,-0.05799999999999983,5.2
P032,SafeEnv,0.5,29.497,29.438,-0.05900000000000105,5.2
P032,SafeEnv,0.6,29.494,29.438,-0.05600000000000094,5.2
P032,SafeEnv,0.7,29.485,29.438,-0.0470000000000006,5.2
P032,SafeEnv,0.8,29.47,29.438,-0.03200000000000003,5.2
P032,SafeEnv,0.9,29.45,29.438,-0.012000000000000455,5.2
P032,SafeEnv,1.0,29.424,29.438,0.013999999999999346,5.2
P032,SafeEnv,1.1,29.394,29.438,0.04400000000000048,5.2
P032,SafeEnv,1.2,29.36,29.438,0.0779999999999994,5.2
P032,SafeEnv,1.3,29.325,29.438,0.11299999999999955,5.2
P032,SafeEnv,1.4,29.287,29.438,0.1509999999999998,5.2
P032,SafeEnv,1.5,29.247,29.438,0.19099999999999895,5.2
P032,SafeEnv,1.6,29.206,29.438,0.23199999999999932,5.2
P032,SafeEnv,1.7,29.163,29.438,0.2749999999999986,5.2
P032,SafeEnv,1.8,29.121,29.438,0.31700000000000017,5.2
P032,SafeEnv,1.9,29.084,29.438,0.3539999999999992,5.2
P032,SafeEnv,2.0,29.056,29.438,0.3819999999999979,5.2
P032,SafeEnv,2.1,29.04,29.438,0.3979999999999997,5.2
P032,SafeEnv,2.2,29.035,29.438,0.4029999999999987,5.2
P032,SafeEnv,2.3,29.037,29.438,0.4009999999999998,5.2
P032,SafeEnv,2.4,29.046,29.438,0.39199999999999946,5.2
P032,SafeEnv,2.5,29.062,29.438,0.37599999999999767,5.2
P032,SafeEnv,2.6,29.085,29.438,0.352999999999998,5.2
P032,SafeEnv,2.7,29.115,29.438,0.3230000000000004,5.2
P032,SafeEnv,2.8,29.149,29.438,0.2889999999999979,5.2
P032,SafeEnv,2.9,29.184,29.438,0.2539999999999978,5.2
P032,SafeEnv,3.0,29.212,29.438,0.2259999999999991,5.2
P032,SafeEnv,3.1,29.23,29.438,0.2079999999999984,5.2
P032,SafeEnv,3.2,29.239,29.438,0.19899999999999807,5.2
P032,SafeEnv,3.3,29.245,29.438,0.19299999999999784,5.2
P032,SafeEnv,3.4,29.249,29.438,0.18900000000000006,5.2
P032,SafeEnv,3.5,29.251,29.438,0.1869999999999976,5.2
P032,SafeEnv,3.6,29.248,29.438,0.18999999999999773,5.2
P032,SafeEnv,3.7,29.237,29.438,0.2010000000000005,5.2
P032,SafeEnv,3.8,29.218,29.438,0.21999999999999886,5.2
P032,SafeEnv,3.9,29.19,29.438,0.24799999999999756,5.2
P032,SafeEnv,4.0,29.154,29.438,0.2839999999999989,5.2
P032,SafeEnv,4.1,29.114,29.438,0.32399999999999807,5.2
P032,SafeEnv,4.2,29.071,29.438,0.36699999999999733,5.2
P032,SafeEnv,4.3,29.019,29.438,0.4190000000000005,5.2
P032,SafeEnv,4.4,28.956,29.438,0.4819999999999993,5.2
P032,SafeEnv,4.5,28.88,29.438,0.5579999999999998,5.2
P032,SafeEnv,4.6,28.794,29.438,0.6439999999999984,5.2
P032,SafeEnv,4.7,28.705,29.438,0.7330000000000005,5.2
P032,SafeEnv,4.8,28.616,29.438,0.8219999999999992,5.2
P032,SafeEnv,4.9,28.526,29.438,0.911999999999999,5.2
P032,SafeEnv,5.0,28.436,29.438,1.001999999999999,5.2
P032,SafeEnv,5.1,28.346,29.438,1.0919999999999987,5.2
P032,SafeEnv,5.2,28.212,29.438,1.225999999999999,5.2
P032,SafeEnv,5.3,27.961,29.438,1.4770000000000003,5.2
P032,SafeEnv,5.4,27.582,29.438,1.855999999999998,5.2
P032,SafeEnv,5.5,27.108,29.438,2.3299999999999983,5.2
P032,SafeEnv,5.6,26.58,29.438,2.8580000000000005,5.2
P032,SafeEnv,5.7,26.011,29.11385375414833,3.102853754148331,5.2
P032,SafeEnv,5.8,25.416,28.440018237799904,3.024018237799904,5.2
P032,SafeEnv,5.9,24.832,27.766371802773964,2.9343718027739634,5.2
P032,SafeEnv,6.0,24.279,27.092923565368935,2.8139235653689347,5.2
P032,SafeEnv,6.1,23.767,26.41968331444549,2.6526833144454898,5.2
P032,SafeEnv,6.2,23.273,25.74666157901269,2.473661579012692,5.2
P032,SafeEnv,6.3,22.756,25.07386970449668,2.3178697044966796,5.2
P032,SafeEnv,6.4,22.208,24.401319939061633,2.1933199390616345,5.2
P032,SafeEnv,6.5,21.588,23.72902553161181,2.1410255316118096,5.2
P032,SafeEnv,6.6,20.856,23.05700084341857,2.2010008434185693,5.2
P032,SafeEnv,6.7,20.039,22.385261475703746,2.346261475703745,5.2
P032,SafeEnv,6.8,19.155,21.71382441598828,2.55882441598828,5.2
P032,SafeEnv,6.9,18.213,21.042708206608044,2.829708206608043,5.2
P032,SafeEnv,7.0,17.235,20.371933139538022,3.136933139538023,5.2
P032,SafeEnv,7.1,16.252,19.701521482595634,3.4495214825956353,5.2
P032,SafeEnv,7.2,15.285,19.031497743267437,3.7464977432674367,5.2
P032,SafeEnv,7.3,14.341,18.3618889778987,4.020888977898702,5.2
P032,SafeEnv,7.4,13.428,17.69272515590139,4.264725155901388,5.2
P032,SafeEnv,7.5,12.553,17.024039591114605,4.471039591114604,5.2
P032,SafeEnv,7.6,11.719,16.355869455678132,4.6368694556781325,5.2
P032,SafeEnv,7.7,10.917,15.68825639602792,4.771256396027921,5.2
P032,SafeEnv,7.8,10.142,15.021247276256211,4.879247276256212,5.2
P032,SafeEnv,7.9,9.381,14.354895081641114,4.973895081641114,5.2
P032,SafeEnv,8.0,8.618,13.68926002540006,5.0712600254000595,5.2
P032,SafeEnv,8.1,7.85,13.02441091578824,5.17441091578824,5.2
P032,SafeEnv,8.2,7.083,12.360426860212023,5.277426860212023,5.2
P032,SafeEnv,8.3,6.327,11.697399410570664,5.3703994105706645,5.2
P032,SafeEnv,8.4,5.596,11.035435293441118,5.439435293441118,5.2
P032,SafeEnv,8.5,4.912,10.374659926005483,5.462659926005483,5.2
P032,SafeEnv,8.6,4.291,9.715222003413507,5.424222003413506,5.2
P032,SafeEnv,8.7,3.746,9.057299571277722,5.311299571277722,5.2
P032,SafeEnv,8.8,3.256,8.401108194461916,5.1451081944619155,5.2
P032,SafeEnv,8.9,2.816,7.746912145349251,4.930912145349251,5.2
P032,SafeEnv,9.0,2.451,7.09504004119312,4.64404004119312,5.2
P032,SafeEnv,9.1,2.167,6.445907207055319,4.278907207055319,5.2
P032,SafeEnv,9.2,1.961,5.800048505720617,3.8390485057206165,5.2
P032,SafeEnv,9.3,1.829,5.1581680083854575,3.329168008385458,5.2
P032,SafeEnv,9.4,1.768,4.521216820542428,2.753216820542428,5.2
P032,SafeEnv,9.5,1.738,3.8905201227490536,2.1525201227490536,5.2
P032,SafeEnv,9.6,1.72,3.267994833828745,1.547994833828745,5.2
P032,SafeEnv,9.7,1.704,2.6565446305479257,0.9525446305479257,5.2
P032,SafeEnv,9.8,1.691,2.0608275129721187,0.3698275129721187,5.2
P032,SafeEnv,9.9,1.677,1.488869743997403,-0.18813025600259703,5.2
P032,SafeEnv,10.0,1.664,0.9557437704907328,-0.7082562295092671,5.2
P032,SafeEnv,10.1,1.652,0.49220148917991213,-1.159798510820088,5.2
P032,SafeEnv,10.2,1.639,0.15909699761999097,-1.479903002380009,5.2
P032,SafeEnv,10.3,1.627,0.01831601082666203,-1.608683989173338,5.2
P032,SafeEnv,10.4,1.616,0.0002459715499014692,-1.6157540284500986,5.2
P032,SafeEnv,10.5,1.604,4.436887069868657e-08,-1.6039999556311293,5.2
P032,SafeEnv,10.6,1.593,0.0,-1.593,5.2
P032,SafeEnv,10.7,1.582,0.0,-1.582,5.2
P032,SafeEnv,10.8,1.572,0.0,-1.572,5.2
P032,SafeEnv,10.9,1.561,0.0,-1.561,5.2
P032,SafeEnv,11.0,1.551,0.0,-1.551,5.2
P032,SafeEnv,11.1,1.541,0.0,-1.541,5.2
P032,SafeEnv,11.2,1.532,0.0,-1.532,5.2
P032,SafeEnv,11.3,1.522,0.0,-1.522,5.2
P032,SafeEnv,11.4,1.511,0.0,-1.511,5.2
P032,SafeEnv,11.5,1.449,0.0,-1.449,5.2
P032,SafeEnv,11.6,1.278,0.0,-1.278,5.2
P032,SafeEnv,11.7,1.003,0.0,-1.003,5.2
P032,SafeEnv,11.8,0.654,0.0,-0.654,5.2
P032,SafeEnv,11.9,0.273,0.0,-0.273,5.2
P032,CGP,0.0,29.438,29.438,0.0,5.2
P032,CGP,0.1,29.462,29.438,-0.02400000000000091,5.2
P032,CGP,0.2,29.48,29.438,-0.04200000000000159,5.2
P032,CGP,0.3,29.491,29.438,-0.053000000000000824,5.2
P032,CGP,0.4,29.496,29.438,-0.05799999999999983,5.2
P032,CGP,0.5,29.497,29.438,-0.05900000000000105,5.2
P032,CGP,0.6,29.494,29.438,-0.05600000000000094,5.2
P032,CGP,0.7,29.485,29.438,-0.0470000000000006,5.2
P032,CGP,0.8,29.47,29.438,-0.03200000000000003,5.2
P032,CGP,0.9,29.45,29.438,-0.012000000000000455,5.2
P032,CGP,1.0,29.424,29.438,0.013999999999999346,5.2
P032,CGP,1.1,29.394,29.438,0.04400000000000048,5.2
P032,CGP,1.2,29.36,29.438,0.0779999999999994,5.2
P032,CGP,1.3,29.325,29.438,0.11299999999999955,5.2
P032,CGP,1.4,29.287,29.438,0.1509999999999998,5.2
P032,CGP,1.5,29.247,29.438,0.19099999999999895,5.2
P032,CGP,1.6,29.206,29.438,0.23199999999999932,5.2
P032,CGP,1.7,29.163,29.438,0.2749999999999986,5.2
P032,CGP,1.8,29.121,29.438,0.31700000000000017,5.2
P032,CGP,1.9,29.084,29.438,0.3539999999999992,5.2
P032,CGP,2.0,29.056,29.438,0.3819999999999979,5.2
P032,CGP,2.1,29.04,29.438,0.3979999999999997,5.2
P032,CGP,2.2,29.035,29.438,0.4029999999999987,5.2
P032,CGP,2.3,29.037,29.438,0.4009999999999998,5.2
P032,CGP,2.4,29.046,29.438,0.39199999999999946,5.2
P032,CGP,2.5,29.062,29.438,0.37599999999999767,5.2
P032,CGP,2.6,29.085,29.438,0.352999999999998,5.2
P032,CGP,2.7,29.115,29.438,0.3230000000000004,5.2
P032,CGP,2.8,29.149,29.438,0.2889999999999979,5.2
P032,CGP,2.9,29.184,29.438,0.2539999999999978,5.2
P032,CGP,3.0,29.212,29.438,0.2259999999999991,5.2
P032,CGP,3.1,29.23,29.438,0.2079999999999984,5.2
P032,CGP,3.2,29.239,29.438,0.19899999999999807,5.2
P032,CGP,3.3,29.245,29.438,0.19299999999999784,5.2
P032,CGP,3.4,29.249,29.438,0.18900000000000006,5.2
P032,CGP,3.5,29.251,29.438,0.1869999999999976,5.2
P032,CGP,3.6,29.248,29.438,0.18999999999999773,5.2
P032,CGP,3.7,29.237,29.438,0.2010000000000005,5.2
P032,CGP,3.8,29.218,29.438,0.21999999999999886,5.2
P032,CGP,3.9,29.19,29.438,0.24799999999999756,5.2
P032,CGP,4.0,29.154,29.438,0.2839999999999989,5.2
P032,CGP,4.1,29.114,29.438,0.32399999999999807,5.2
P032,CGP,4.2,29.071,29.438,0.36699999999999733,5.2
P032,CGP,4.3,29.019,29.438,0.4190000000000005,5.2
P032,CGP,4.4,28.956,29.438,0.4819999999999993,5.2
P032,CGP,4.5,28.88,29.438,0.5579999999999998,5.2
P032,CGP,4.6,28.794,29.438,0.6439999999999984,5.2
P032,CGP,4.7,28.705,29.438,0.7330000000000005,5.2
P032,CGP,4.8,28.616,29.438,0.8219999999999992,5.2
P032,CGP,4.9,28.526,29.438,0.911999999999999,5.2
P032,CGP,5.0,28.436,29.438,1.001999999999999,5.2
P032,CGP,5.1,28.346,29.438,1.0919999999999987,5.2
P032,CGP,5.2,28.212,29.438,1.225999999999999,5.2
P032,CGP,5.3,27.961,29.097090909090905,1.1360909090909068,5.2
P032,CGP,5.4,27.582,28.415272727272725,0.8332727272727247,5.2
P032,CGP,5.5,27.108,27.40303565068774,0.2950356506877405,5.2
P032,CGP,5.6,26.58,26.390798574102757,-0.18920142589724165,5.2
P032,CGP,5.7,26.011,25.378561497517772,-0.632438502482227,5.2
P032,CGP,5.8,25.416,24.366324420932788,-1.0496755790672125,5.2
P032,CGP,5.9,24.832,23.354087344347803,-1.4779126556521973,5.2
P032,CGP,6.0,24.279,22.34185026776282,-1.937149732237181,5.2
P032,CGP,6.1,23.767,21.329613191177835,-2.437386808822165,5.2
P032,CGP,6.2,23.273,20.31737611459285,-2.9556238854071495,5.2
P032,CGP,6.3,22.756,19.305139038007866,-3.4508609619921344,5.2
P032,CGP,6.4,22.208,18.292901961422885,-3.9150980385771135,5.2
P032,CGP,6.5,21.588,17.2806648848379,-4.3073351151621,5.2
P032,CGP,6.6,20.856,16.268427808252916,-4.5875721917470855,5.2
P032,CGP,6.7,20.039,15.25619073166793,-4.7828092683320715,5.2
P032,CGP,6.8,19.155,14.243953655082947,-4.911046344917054,5.2
P032,CGP,6.9,18.213,13.231716578497963,-4.981283421502038,5.2
P032,CGP,7.0,17.235,12.219479501912978,-5.015520498087021,5.2
P032,CGP,7.1,16.252,11.207242425327994,-5.044757574672005,5.2
P032,CGP,7.2,15.285,10.19500534874301,-5.0899946512569905,5.2
P032,CGP,7.3,14.341,9.182768272158025,-5.158231727841974,5.2
P032,CGP,7.4,13.428,8.17053119557304,-5.25746880442696,5.2
P032,CGP,7.5,12.553,7.158294118988057,-5.3947058810119435,5.2
P032,CGP,7.6,11.719,6.146057042403073,-5.5729429575969265,5.2
P032,CGP,7.7,10.917,5.133819965818089,-5.78318003418191,5.2
P032,CGP,7.8,10.142,4.121582889233105,-6.0204171107668945,5.2
P032,CGP,7.9,9.381,3.1093458126481206,-6.27165418735188,5.2
P032,CGP,8.0,8.618,2.0971087360631366,-6.520891263936864,5.2
P032,CGP,8.1,7.85,1.0848716594781522,-6.765128340521848,5.2
P032,CGP,8.2,7.083,0.07263458289316789,-7.010365417106832,5.2
P032,CGP,8.3,6.327,0.0,-6.327,5.2
P032,CGP,8.4,5.596,0.0,-5.596,5.2
P032,CGP,8.5,4.912,0.0,-4.912,5.2
P032,CGP,8.6,4.291,0.0,-4.291,5.2
P032,CGP,8.7,3.746,0.0,-3.746,5.2
P032,CGP,8.8,3.256,0.0,-3.256,5.2
P032,CGP,8.9,2.816,0.0,-2.816,5.2
P032,CGP,9.0,2.451,0.0,-2.451,5.2
P032,CGP,9.1,2.167,0.0,-2.167,5.2
P032,CGP,9.2,1.961,0.0,-1.961,5.2
P032,CGP,9.3,1.829,0.0,-1.829,5.2
P032,CGP,9.4,1.768,0.0,-1.768,5.2
P032,CGP,9.5,1.738,0.0,-1.738,5.2
P032,CGP,9.6,1.72,0.0,-1.72,5.2
P032,CGP,9.7,1.704,0.0,-1.704,5.2
P032,CGP,9.8,1.691,0.0,-1.691,5.2
P032,CGP,9.9,1.677,0.0,-1.677,5.2
P032,CGP,10.0,1.664,0.0,-1.664,5.2
P032,CGP,10.1,1.652,0.0,-1.652,5.2
P032,CGP,10.2,1.639,0.0,-1.639,5.2
P032,CGP,10.3,1.627,0.0,-1.627,5.2
P032,CGP,10.4,1.616,0.0,-1.616,5.2
P032,CGP,10.5,1.604,0.0,-1.604,5.2
P032,CGP,10.6,1.593,0.0,-1.593,5.2
P032,CGP,10.7,1.582,0.0,-1.582,5.2
P032,CGP,10.8,1.572,0.0,-1.572,5.2
P032,CGP,10.9,1.561,0.0,-1.561,5.2
P032,CGP,11.0,1.551,0.0,-1.551,5.2
P032,CGP,11.1,1.541,0.0,-1.541,5.2
P032,CGP,11.2,1.532,0.0,-1.532,5.2
P032,CGP,11.3,1.522,0.0,-1.522,5.2
P032,CGP,11.4,1.511,0.0,-1.511,5.2
P032,CGP,11.5,1.449,0.0,-1.449,5.2
P032,CGP,11.6,1.278,0.0,-1.278,5.2
P032,CGP,11.7,1.003,0.0,-1.003,5.2
P032,CGP,11.8,0.654,0.0,-0.654,5.2
P032,CGP,11.9,0.273,0.0,-0.273,5.2
